출장,부서,전공,참여프로젝트,근속연차,이직회수,업무평가,주변평가,경력,전년도교육출장횟수,현회사근속년수,월급_KRW,직급관리자여부,월급_경력비,월급_프로젝트비,현근속_총경력비,총근속,경력성장률,이직빈도,학습몰입도,월급_근속연차비,월급_출장비,근속_경력비,평균근속기간,프로젝트_경력비,프로젝트_근속연차비,출장_경력비,출장_근속연차비,교육출장_경력비,주변평가_근속연차,학습몰입도_교육출장
1,1,사회과학계열,3,2,8,0,1,8,0,6,8270340.0,0,918926.6666666666,2067585.0,0.6666666666666666,2,2.0,0.8888888888888888,0,2756780.0,4135170.0,0.6666666666666666,0.2222222222222222,0.3333333333333333,1.0,0.1111111111111111,0.3333333333333333,0.0,2,0
2,0,사회과학계열,2,2,1,1,4,10,3,10,7079400.0,0,643581.8181818182,2359800.0,0.9090909090909092,2,3.333333333333333,0.0909090909090909,6,2359800.0,2359800.0,0.9090909090909091,1.0,0.18181818181818182,0.6666666666666666,0.18181818181818182,0.6666666666666666,0.2727272727272727,8,18
1,0,기타,2,1,6,0,2,7,3,0,2884200.0,0,360525.0,961400.0,0.0,1,0.0,0.75,6,1442100.0,1442100.0,0.0,0.14285714285714285,0.25,1.0,0.125,0.5,0.375,2,18
2,0,사회과학계열,3,1,1,0,3,8,3,8,4014420.0,0,446046.6666666667,1003605.0,0.8888888888888888,1,4.0,0.1111111111111111,9,2007210.0,1338140.0,0.8888888888888888,0.5,0.3333333333333333,1.5,0.2222222222222222,1.0,0.3333333333333333,3,27
1,0,자연과학계열,3,1,9,0,4,6,3,2,4785840.0,0,683691.4285714285,1196460.0,0.2857142857142857,1,1.0,1.2857142857142858,9,2392920.0,2392920.0,0.2857142857142857,0.1,0.42857142857142855,1.5,0.14285714285714285,0.5,0.42857142857142855,4,27
2,0,사회과학계열,3,1,0,0,3,8,2,7,4233840.0,0,470426.6666666667,1058460.0,0.7777777777777778,1,3.5,0.0,6,2116920.0,1411280.0,0.7777777777777778,1.0,0.3333333333333333,1.5,0.2222222222222222,1.0,0.2222222222222222,3,12
1,0,자연과학계열,4,1,4,1,1,12,3,1,3684600.0,0,283430.76923076925,736920.0,0.0769230769230769,1,0.5,0.3076923076923077,12,1842300.0,1842300.0,0.07692307692307693,0.2,0.3076923076923077,2.0,0.07692307692307693,0.5,0.23076923076923078,1,36
1,0,사회과학계열,3,1,1,1,2,1,2,1,3716340.0,0,1858170.0,929085.0,0.5,1,0.5,0.5,6,1858170.0,1858170.0,0.5,0.5,1.5,1.5,0.5,0.5,1.0,2,12
2,0,사회과학계열,2,3,0,1,2,10,2,9,13145880.0,1,1195080.0,4381960.0,0.8181818181818182,3,2.25,0.0,4,3286470.0,4381960.0,0.8181818181818182,3.0,0.18181818181818182,0.5,0.18181818181818182,0.5,0.18181818181818182,6,8
1,0,자연과학계열,3,2,6,0,2,17,3,7,7227060.0,1,401503.3333333333,1806765.0,0.3888888888888889,2,2.333333333333333,0.3333333333333333,9,2409020.0,3613530.0,0.3888888888888889,0.2857142857142857,0.16666666666666666,1.0,0.05555555555555555,0.3333333333333333,0.16666666666666666,4,27
1,0,자연과학계열,4,1,0,0,3,6,5,5,3347880.0,0,478268.5714285714,669576.0,0.7142857142857143,1,2.5,0.0,20,1673940.0,1673940.0,0.7142857142857143,1.0,0.5714285714285714,2.0,0.14285714285714285,0.5,0.7142857142857143,3,100
1,0,사회과학계열,2,2,0,0,4,10,3,9,5786340.0,0,526030.9090909091,1928780.0,0.8181818181818182,2,3.0,0.0,6,1928780.0,2893170.0,0.8181818181818182,2.0,0.18181818181818182,0.6666666666666666,0.09090909090909091,0.3333333333333333,0.2727272727272727,8,18
1,0,사회과학계열,3,1,1,0,4,5,1,5,4017180.0,0,669530.0,1004295.0,0.8333333333333334,1,2.5,0.1666666666666666,3,2008590.0,2008590.0,0.8333333333333334,0.5,0.5,1.5,0.16666666666666666,0.5,0.16666666666666666,4,3
1,0,자연과학계열,3,1,0,0,3,3,2,2,3672180.0,0,918045.0,918045.0,0.5,1,1.0,0.0,6,1836090.0,1836090.0,0.5,1.0,0.75,1.5,0.25,0.5,0.5,3,12
1,0,사회과학계열,2,1,5,0,2,6,4,4,2798640.0,0,399805.7142857143,932880.0,0.5714285714285714,1,2.0,0.7142857142857143,8,1399320.0,1399320.0,0.5714285714285714,0.16666666666666666,0.2857142857142857,1.0,0.14285714285714285,0.5,0.5714285714285714,2,32
1,0,사회과학계열,4,3,1,0,3,10,1,10,13772400.0,1,1252036.3636363635,2754480.0,0.9090909090909092,3,2.5,0.0909090909090909,4,3443100.0,6886200.0,0.9090909090909091,1.5,0.36363636363636365,1.0,0.09090909090909091,0.25,0.09090909090909091,9,4
1,0,사회과학계열,4,1,0,0,4,7,5,6,4551240.0,0,568905.0,910248.0,0.75,1,3.0,0.0,20,2275620.0,2275620.0,0.75,1.0,0.5,2.0,0.125,0.5,0.625,4,100
0,0,자연과학계열,4,1,1,0,2,1,2,1,4050300.0,0,2025150.0,810060.0,0.5,1,0.5,0.5,8,2025150.0,4050300.0,0.5,0.5,2.0,2.0,0.0,0.0,1.0,2,16
1,1,사회과학계열,2,4,2,0,3,31,3,25,21289260.0,1,665289.375,7096420.0,0.78125,4,5.0,0.0625,6,4257852.0,10644630.0,0.78125,1.3333333333333333,0.0625,0.4,0.03125,0.2,0.09375,12,18
1,0,사회과학계열,3,1,5,0,3,6,3,3,5442720.0,0,777531.4285714285,1360680.0,0.4285714285714285,1,1.5,0.7142857142857143,9,2721360.0,2721360.0,0.42857142857142855,0.16666666666666666,0.42857142857142855,1.5,0.14285714285714285,0.5,0.42857142857142855,3,27
0,0,기타,4,2,0,0,4,5,5,4,5535180.0,1,922530.0,1107036.0,0.6666666666666666,2,1.3333333333333333,0.0,20,1845060.0,5535180.0,0.6666666666666666,2.0,0.6666666666666666,1.3333333333333333,0.0,0.0,0.8333333333333334,8,100
1,1,사회과학계열,2,1,7,1,2,10,4,5,4701660.0,0,427423.6363636364,1567220.0,0.4545454545454545,1,2.5,0.6363636363636364,8,2350830.0,2350830.0,0.45454545454545453,0.125,0.18181818181818182,1.0,0.09090909090909091,0.5,0.36363636363636365,2,32
1,0,사회과학계열,3,3,0,0,3,13,4,12,16551720.0,1,1182265.7142857143,4137930.0,0.8571428571428571,3,3.0,0.0,12,4137930.0,8275860.0,0.8571428571428571,3.0,0.21428571428571427,0.75,0.07142857142857142,0.25,0.2857142857142857,9,48
1,0,사회과학계열,3,1,1,0,4,0,6,0,1700160.0,0,1700160.0,425040.0,0.0,1,0.0,1.0,18,850080.0,850080.0,0.0,0.5,3.0,1.5,1.0,0.5,6.0,4,108
1,0,자연과학계열,3,1,2,0,3,8,2,4,4084800.0,0,453866.6666666667,1021200.0,0.4444444444444444,1,2.0,0.2222222222222222,6,2042400.0,2042400.0,0.4444444444444444,0.3333333333333333,0.3333333333333333,1.5,0.1111111111111111,0.5,0.2222222222222222,3,12
1,0,기타,3,5,4,0,4,26,3,14,26349720.0,1,975915.5555555556,6587430.0,0.5185185185185185,5,2.333333333333333,0.1481481481481481,9,4391620.0,13174860.0,0.5185185185185185,1.0,0.1111111111111111,0.5,0.037037037037037035,0.16666666666666666,0.1111111111111111,20,27
2,0,사회과학계열,1,1,1,1,2,10,5,10,5408220.0,0,491656.3636363637,2704110.0,0.9090909090909092,1,5.0,0.0909090909090909,5,2704110.0,1802740.0,0.9090909090909091,0.5,0.09090909090909091,0.5,0.18181818181818182,1.0,0.45454545454545453,2,25
1,1,상경계열,3,2,0,0,4,10,2,9,9418500.0,0,856227.2727272727,2354625.0,0.8181818181818182,2,3.0,0.0,6,3139500.0,4709250.0,0.8181818181818182,2.0,0.2727272727272727,1.0,0.09090909090909091,0.3333333333333333,0.18181818181818182,8,12
1,0,자연과학계열,2,3,3,0,4,24,4,22,14142240.0,1,565689.6,4714080.0,0.88,3,5.5,0.12,8,3535560.0,7071120.0,0.88,0.75,0.08,0.5,0.04,0.25,0.16,12,32
1,1,상경계열,3,5,3,0,4,22,2,2,26146860.0,1,1136820.0,6536715.0,0.0869565217391304,5,0.3333333333333333,0.1304347826086956,6,4357810.0,13073430.0,0.08695652173913043,1.25,0.13043478260869565,0.5,0.043478260869565216,0.16666666666666666,0.08695652173913043,20,12
1,0,자연과학계열,3,1,4,0,4,7,3,1,3444480.0,0,430560.0,861120.0,0.125,1,0.5,0.5,9,1722240.0,1722240.0,0.125,0.2,0.375,1.5,0.125,0.5,0.375,4,27
1,0,기타,3,2,2,0,4,9,5,4,8921700.0,1,892170.0,2230425.0,0.4,2,1.3333333333333333,0.2,15,2973900.0,4460850.0,0.4,0.6666666666666666,0.3,1.0,0.1,0.3333333333333333,0.5,8,75
1,0,자연과학계열,2,1,1,0,1,10,5,10,3044280.0,0,276752.7272727273,1014760.0,0.9090909090909092,1,5.0,0.0909090909090909,10,1522140.0,1522140.0,0.9090909090909091,0.5,0.18181818181818182,1.0,0.09090909090909091,0.5,0.45454545454545453,1,50
1,1,공학계열,3,2,3,0,3,19,6,1,2878680.0,0,143934.0,719670.0,0.05,2,0.3333333333333333,0.15,18,959560.0,1439340.0,0.05,0.5,0.15,1.0,0.05,0.3333333333333333,0.3,6,108
1,0,자연과학계열,3,1,2,0,1,6,2,2,3164340.0,0,452048.5714285714,791085.0,0.2857142857142857,1,1.0,0.2857142857142857,6,1582170.0,1582170.0,0.2857142857142857,0.3333333333333333,0.42857142857142855,1.5,0.14285714285714285,0.5,0.2857142857142857,1,12
1,0,자연과학계열,4,1,1,0,4,6,3,5,3650100.0,0,521442.8571428572,730020.0,0.7142857142857143,1,2.5,0.1428571428571428,12,1825050.0,1825050.0,0.7142857142857143,0.5,0.5714285714285714,2.0,0.14285714285714285,0.5,0.42857142857142855,4,36
1,1,상경계열,2,1,1,0,3,3,2,3,3702540.0,0,925635.0,1234180.0,0.75,1,1.5,0.25,4,1851270.0,1851270.0,0.75,0.5,0.5,1.0,0.25,0.5,0.5,3,8
1,1,상경계열,3,1,1,0,1,2,3,2,2779320.0,0,926440.0,694830.0,0.6666666666666666,1,1.0,0.3333333333333333,9,1389660.0,1389660.0,0.6666666666666666,0.5,1.0,1.5,0.3333333333333333,0.5,1.0,1,27
1,0,사회과학계열,2,1,9,0,4,6,3,1,4718220.0,0,674031.4285714285,1572740.0,0.1428571428571428,1,0.5,1.2857142857142858,6,2359110.0,2359110.0,0.14285714285714285,0.1,0.2857142857142857,1.0,0.14285714285714285,0.5,0.42857142857142855,4,18
2,1,사회과학계열,4,2,2,0,1,10,3,5,7418880.0,0,674443.6363636364,1483776.0,0.4545454545454545,2,1.6666666666666667,0.1818181818181818,12,2472960.0,2472960.0,0.45454545454545453,0.6666666666666666,0.36363636363636365,1.3333333333333333,0.18181818181818182,0.6666666666666666,0.2727272727272727,2,36
1,0,기타,3,1,1,0,3,1,3,1,2692380.0,0,1346190.0,673095.0,0.5,1,0.5,0.5,9,1346190.0,1346190.0,0.5,0.5,1.5,1.5,0.5,0.5,1.5,3,27
1,0,사회과학계열,3,1,1,0,4,1,6,1,3230580.0,0,1615290.0,807645.0,0.5,1,0.5,0.5,18,1615290.0,1615290.0,0.5,0.5,1.5,1.5,0.5,0.5,3.0,4,108
1,0,사회과학계열,1,1,1,0,3,1,2,1,3164340.0,0,1582170.0,1582170.0,0.5,1,0.5,0.5,2,1582170.0,1582170.0,0.5,0.5,0.5,0.5,0.5,0.5,1.0,3,4
2,1,사회과학계열,3,3,1,0,4,9,0,9,12041880.0,0,1204188.0,3010470.0,0.9,3,2.25,0.1,0,3010470.0,4013960.0,0.9,1.5,0.3,0.75,0.2,0.5,0.0,12,0
2,0,자연과학계열,3,2,1,1,4,12,2,12,5535180.0,0,425783.07692307694,1383795.0,0.9230769230769232,2,4.0,0.0769230769230769,6,1845060.0,1845060.0,0.9230769230769231,1.0,0.23076923076923078,1.0,0.15384615384615385,0.6666666666666666,0.15384615384615385,8,12
1,0,공학계열,3,5,1,0,4,23,0,22,26972100.0,1,1123837.5,6743025.0,0.9166666666666666,5,3.6666666666666665,0.0416666666666666,0,4495350.0,13486050.0,0.9166666666666666,2.5,0.125,0.5,0.041666666666666664,0.16666666666666666,0.0,20,0
0,1,상경계열,3,2,0,1,3,10,2,9,6303840.0,0,573076.3636363636,1575960.0,0.8181818181818182,2,3.0,0.0,6,2101280.0,6303840.0,0.8181818181818182,2.0,0.2727272727272727,1.0,0.0,0.0,0.18181818181818182,6,12
1,0,사회과학계열,3,1,4,1,1,8,1,1,4170360.0,0,463373.3333333333,1042590.0,0.1111111111111111,1,0.5,0.4444444444444444,3,2085180.0,2085180.0,0.1111111111111111,0.2,0.3333333333333333,1.5,0.1111111111111111,0.5,0.1111111111111111,1,3
2,1,상경계열,3,2,4,1,3,14,4,9,7965360.0,0,531024.0,1991340.0,0.6,2,3.0,0.2666666666666666,12,2655120.0,2655120.0,0.6,0.4,0.2,1.0,0.13333333333333333,0.6666666666666666,0.26666666666666666,6,48
1,0,사회과학계열,4,1,1,0,4,1,2,1,3131220.0,0,1565610.0,626244.0,0.5,1,0.5,0.5,8,1565610.0,1565610.0,0.5,0.5,2.0,2.0,0.5,0.5,1.0,4,16
1,0,사회과학계열,2,3,9,0,4,23,2,1,7425780.0,0,309407.5,2475260.0,0.0416666666666666,3,0.25,0.375,4,1856445.0,3712890.0,0.041666666666666664,0.3,0.08333333333333333,0.5,0.041666666666666664,0.25,0.08333333333333333,12,8
1,0,공학계열,3,1,1,0,3,2,3,2,4748580.0,0,1582860.0,1187145.0,0.6666666666666666,1,1.0,0.3333333333333333,9,2374290.0,2374290.0,0.6666666666666666,0.5,1.0,1.5,0.3333333333333333,0.5,1.0,3,27
1,1,상경계열,3,2,5,1,3,9,2,4,7526520.0,0,752652.0,1881630.0,0.4,2,1.3333333333333333,0.5,6,2508840.0,3763260.0,0.4,0.3333333333333333,0.3,1.0,0.1,0.3333333333333333,0.2,6,12
0,0,자연과학계열,2,3,2,0,3,10,3,4,13639920.0,1,1239992.7272727273,4546640.0,0.3636363636363636,3,1.0,0.1818181818181818,6,3409980.0,13639920.0,0.36363636363636365,1.0,0.18181818181818182,0.5,0.0,0.0,0.2727272727272727,9,18
1,1,상경계열,2,2,7,0,3,5,2,2,5736660.0,0,956110.0,1912220.0,0.3333333333333333,2,0.6666666666666666,1.1666666666666667,4,1912220.0,2868330.0,0.3333333333333333,0.25,0.3333333333333333,0.6666666666666666,0.16666666666666666,0.3333333333333333,0.3333333333333333,6,8
2,0,사회과학계열,3,3,1,0,3,15,1,15,18572040.0,1,1160752.5,4643010.0,0.9375,3,3.75,0.0625,3,4643010.0,6190680.0,0.9375,1.5,0.1875,0.75,0.125,0.5,0.0625,9,3
2,1,사회과학계열,3,3,1,1,4,9,3,9,12515220.0,0,1251522.0,3128805.0,0.9,3,2.25,0.1,9,3128805.0,4171740.0,0.9,1.5,0.3,0.75,0.2,0.5,0.3,12,27
1,0,자연과학계열,3,1,3,0,3,4,3,2,5539320.0,0,1107864.0,1384830.0,0.4,1,1.0,0.6,9,2769660.0,2769660.0,0.4,0.25,0.6,1.5,0.2,0.5,0.6,3,27
1,0,사회과학계열,3,2,3,1,4,10,3,7,8162700.0,0,742063.6363636364,2040675.0,0.6363636363636364,2,2.333333333333333,0.2727272727272727,9,2720900.0,4081350.0,0.6363636363636364,0.5,0.2727272727272727,1.0,0.09090909090909091,0.3333333333333333,0.2727272727272727,8,27
1,0,사회과학계열,2,2,1,0,3,7,2,7,8270340.0,1,1033792.5,2756780.0,0.875,2,2.333333333333333,0.125,4,2756780.0,4135170.0,0.875,1.0,0.25,0.6666666666666666,0.125,0.3333333333333333,0.25,6,8
1,0,자연과학계열,3,2,1,1,2,9,3,9,8503560.0,1,850356.0,2125890.0,0.9,2,3.0,0.1,9,2834520.0,4251780.0,0.9,1.0,0.3,1.0,0.1,0.3333333333333333,0.3,4,27
2,0,사회과학계열,3,2,1,0,4,10,2,10,3320280.0,0,301843.63636363635,830070.0,0.9090909090909092,2,3.333333333333333,0.0909090909090909,6,1106760.0,1106760.0,0.9090909090909091,1.0,0.2727272727272727,1.0,0.18181818181818182,0.6666666666666666,0.18181818181818182,8,12
1,0,자연과학계열,2,5,5,0,4,29,2,27,25861200.0,1,862040.0,8620400.0,0.9,5,4.5,0.1666666666666666,4,4310200.0,12930600.0,0.9,0.8333333333333334,0.06666666666666667,0.3333333333333333,0.03333333333333333,0.16666666666666666,0.06666666666666667,20,8
1,1,사회과학계열,3,3,7,0,4,28,3,21,10539060.0,0,363415.8620689655,2634765.0,0.7241379310344828,3,5.25,0.2413793103448276,9,2634765.0,5269530.0,0.7241379310344828,0.375,0.10344827586206896,0.75,0.034482758620689655,0.25,0.10344827586206896,12,27
1,0,공학계열,3,3,1,0,2,17,2,17,13932480.0,1,774026.6666666666,3483120.0,0.9444444444444444,3,4.25,0.0555555555555555,6,3483120.0,6966240.0,0.9444444444444444,1.5,0.16666666666666666,0.75,0.05555555555555555,0.25,0.1111111111111111,6,12
1,0,자연과학계열,3,4,2,0,3,21,2,5,20363280.0,1,925603.6363636364,5090820.0,0.2272727272727272,4,1.0,0.0909090909090909,6,4072656.0,10181640.0,0.22727272727272727,1.3333333333333333,0.13636363636363635,0.6,0.045454545454545456,0.2,0.09090909090909091,12,12
2,0,사회과학계열,2,2,1,0,3,6,3,6,8968620.0,1,1281231.4285714286,2989540.0,0.8571428571428571,2,2.0,0.1428571428571428,6,2989540.0,2989540.0,0.8571428571428571,1.0,0.2857142857142857,0.6666666666666666,0.2857142857142857,0.6666666666666666,0.42857142857142855,6,18
1,0,사회과학계열,3,3,2,0,3,25,2,1,13419120.0,0,516120.0,3354780.0,0.0384615384615384,3,0.25,0.0769230769230769,6,3354780.0,6709560.0,0.038461538461538464,1.0,0.11538461538461539,0.75,0.038461538461538464,0.25,0.07692307692307693,9,12
2,0,자연과학계열,3,1,4,0,4,5,2,3,3027720.0,0,504620.0,756930.0,0.5,1,1.5,0.6666666666666666,6,1513860.0,1009240.0,0.5,0.2,0.5,1.5,0.3333333333333333,1.0,0.3333333333333333,4,12
1,0,자연과학계열,2,1,0,0,1,2,0,1,4675440.0,0,1558480.0,1558480.0,0.3333333333333333,1,0.5,0.0,0,2337720.0,2337720.0,0.3333333333333333,1.0,0.6666666666666666,1.0,0.3333333333333333,0.5,0.0,1,0
2,1,사회과학계열,2,2,7,0,4,20,2,4,7552740.0,0,359654.28571428574,2517580.0,0.1904761904761904,2,1.3333333333333333,0.3333333333333333,4,2517580.0,2517580.0,0.19047619047619047,0.25,0.09523809523809523,0.6666666666666666,0.09523809523809523,0.6666666666666666,0.09523809523809523,8,8
1,0,사회과학계열,3,1,0,1,4,6,3,5,3730140.0,0,532877.1428571428,932535.0,0.7142857142857143,1,2.5,0.0,9,1865070.0,1865070.0,0.7142857142857143,1.0,0.42857142857142855,1.5,0.14285714285714285,0.5,0.42857142857142855,4,27
1,0,자연과학계열,3,1,1,0,2,1,4,1,3451380.0,0,1725690.0,862845.0,0.5,1,0.5,0.5,12,1725690.0,1725690.0,0.5,0.5,1.5,1.5,0.5,0.5,2.0,2,48
1,0,사회과학계열,3,2,1,0,2,10,3,10,8583600.0,0,780327.2727272727,2145900.0,0.9090909090909092,2,3.333333333333333,0.0909090909090909,9,2861200.0,4291800.0,0.9090909090909091,1.0,0.2727272727272727,1.0,0.09090909090909091,0.3333333333333333,0.2727272727272727,4,27
1,0,사회과학계열,4,1,3,0,2,5,3,1,4192440.0,0,698740.0,838488.0,0.1666666666666666,1,0.5,0.5,12,2096220.0,2096220.0,0.16666666666666666,0.25,0.6666666666666666,2.0,0.16666666666666666,0.5,0.5,2,36
1,0,사회과학계열,3,2,1,1,4,11,2,11,6105120.0,1,508760.0,1526280.0,0.9166666666666666,2,3.6666666666666665,0.0833333333333333,6,2035040.0,3052560.0,0.9166666666666666,1.0,0.25,1.0,0.08333333333333333,0.3333333333333333,0.16666666666666666,8,12
1,1,상경계열,2,2,0,0,2,16,2,15,5950560.0,0,350032.9411764706,1983520.0,0.8823529411764706,2,5.0,0.0,4,1983520.0,2975280.0,0.8823529411764706,2.0,0.11764705882352941,0.6666666666666666,0.058823529411764705,0.3333333333333333,0.11764705882352941,4,8
1,0,기타,3,3,4,0,2,17,3,0,18278100.0,1,1015450.0,4569525.0,0.0,3,0.0,0.2222222222222222,9,4569525.0,9139050.0,0.0,0.6,0.16666666666666666,0.75,0.05555555555555555,0.25,0.16666666666666666,6,27
1,0,자연과학계열,3,3,4,0,1,16,3,5,18856320.0,1,1109195.294117647,4714080.0,0.2941176470588235,3,1.25,0.2352941176470588,9,4714080.0,9428160.0,0.29411764705882354,0.6,0.17647058823529413,0.75,0.058823529411764705,0.25,0.17647058823529413,3,27
1,2,자연과학계열,3,2,8,1,4,16,2,4,6928980.0,0,407587.0588235294,1732245.0,0.2352941176470588,2,1.3333333333333333,0.4705882352941176,6,2309660.0,3464490.0,0.23529411764705882,0.2222222222222222,0.17647058823529413,1.0,0.058823529411764705,0.3333333333333333,0.11764705882352941,8,12
1,0,사회과학계열,2,2,1,0,3,10,1,10,7073880.0,0,643080.0,2357960.0,0.9090909090909092,2,3.333333333333333,0.0909090909090909,2,2357960.0,3536940.0,0.9090909090909091,1.0,0.18181818181818182,0.6666666666666666,0.09090909090909091,0.3333333333333333,0.09090909090909091,6,2
1,0,자연과학계열,2,1,1,0,1,6,3,6,3945420.0,0,563631.4285714285,1315140.0,0.8571428571428571,1,3.0,0.1428571428571428,6,1972710.0,1972710.0,0.8571428571428571,0.5,0.2857142857142857,1.0,0.14285714285714285,0.5,0.42857142857142855,1,18
1,1,사회과학계열,3,3,3,0,4,24,4,1,14129820.0,0,565192.8,3532455.0,0.04,3,0.25,0.12,12,3532455.0,7064910.0,0.04,0.75,0.12,0.75,0.04,0.25,0.16,12,48
0,0,자연과학계열,1,2,7,0,4,17,3,13,7354020.0,0,408556.6666666667,3677010.0,0.7222222222222222,2,4.333333333333333,0.3888888888888889,3,2451340.0,7354020.0,0.7222222222222222,0.25,0.05555555555555555,0.3333333333333333,0.0,0.0,0.16666666666666666,8,9
1,0,자연과학계열,3,2,1,0,3,5,2,5,5968500.0,1,994750.0,1492125.0,0.8333333333333334,2,1.6666666666666667,0.1666666666666666,6,1989500.0,2984250.0,0.8333333333333334,1.0,0.5,1.0,0.16666666666666666,0.3333333333333333,0.3333333333333333,6,12
1,0,사회과학계열,1,3,4,0,1,37,3,6,10018800.0,1,263652.63157894736,5009400.0,0.1578947368421052,3,1.5,0.1052631578947368,3,2504700.0,5009400.0,0.15789473684210525,0.6,0.02631578947368421,0.25,0.02631578947368421,0.25,0.07894736842105263,3,9
1,1,공학계열,3,1,3,0,3,3,3,0,3204360.0,0,801090.0,801090.0,0.0,1,0.0,0.75,9,1602180.0,1602180.0,0.0,0.25,0.75,1.5,0.25,0.5,0.75,3,27
1,0,사회과학계열,3,1,3,1,2,10,4,4,2863500.0,0,260318.18181818185,715875.0,0.3636363636363636,1,2.0,0.2727272727272727,12,1431750.0,1431750.0,0.36363636363636365,0.25,0.2727272727272727,1.5,0.09090909090909091,0.5,0.36363636363636365,2,48
1,0,사회과학계열,2,2,1,0,1,11,3,11,5729760.0,1,477480.0,1909920.0,0.9166666666666666,2,3.6666666666666665,0.0833333333333333,6,1909920.0,2864880.0,0.9166666666666666,1.0,0.16666666666666666,0.6666666666666666,0.08333333333333333,0.3333333333333333,0.25,2,18
1,1,자연과학계열,2,3,1,0,4,9,3,9,13274220.0,0,1327422.0,4424740.0,0.9,3,2.25,0.1,6,3318555.0,6637110.0,0.9,1.5,0.2,0.5,0.1,0.25,0.3,12,18
2,0,사회과학계열,2,4,1,1,4,22,3,22,18634140.0,1,810180.0,6211380.0,0.9565217391304348,4,4.4,0.0434782608695652,6,3726828.0,6211380.0,0.9565217391304348,2.0,0.08695652173913043,0.4,0.08695652173913043,0.4,0.13043478260869565,16,18
1,1,상경계열,3,2,0,1,4,11,2,10,7508580.0,0,625715.0,1877145.0,0.8333333333333334,2,3.333333333333333,0.0,6,2502860.0,3754290.0,0.8333333333333334,2.0,0.25,1.0,0.08333333333333333,0.3333333333333333,0.16666666666666666,8,12
1,1,자연과학계열,2,2,1,0,2,11,4,11,7188420.0,0,599035.0,2396140.0,0.9166666666666666,2,3.6666666666666665,0.0833333333333333,8,2396140.0,3594210.0,0.9166666666666666,1.0,0.16666666666666666,0.6666666666666666,0.08333333333333333,0.3333333333333333,0.3333333333333333,4,32
2,0,자연과학계열,2,3,2,0,3,21,5,10,14728740.0,1,669488.1818181818,4909580.0,0.4545454545454545,3,2.5,0.0909090909090909,10,3682185.0,4909580.0,0.45454545454545453,1.0,0.09090909090909091,0.5,0.09090909090909091,0.5,0.22727272727272727,9,50
1,1,자연과학계열,3,2,1,0,1,12,0,11,6913800.0,0,531830.7692307692,1728450.0,0.8461538461538461,2,3.6666666666666665,0.0769230769230769,0,2304600.0,3456900.0,0.8461538461538461,1.0,0.23076923076923078,1.0,0.07692307692307693,0.3333333333333333,0.0,2,0
1,0,공학계열,3,3,9,0,1,16,5,4,18697620.0,1,1099860.0,4674405.0,0.2352941176470588,3,1.0,0.5294117647058824,15,4674405.0,9348810.0,0.23529411764705882,0.3,0.17647058823529413,0.75,0.058823529411764705,0.25,0.29411764705882354,3,75
1,1,기타,3,2,0,1,1,4,2,3,6898620.0,0,1379724.0,1724655.0,0.6,2,1.0,0.0,6,2299540.0,3449310.0,0.6,2.0,0.6,1.0,0.2,0.3333333333333333,0.4,2,12
0,1,자연과학계열,3,2,1,0,2,5,3,5,5824980.0,0,970830.0,1456245.0,0.8333333333333334,2,1.6666666666666667,0.1666666666666666,9,1941660.0,5824980.0,0.8333333333333334,1.0,0.5,1.0,0.0,0.0,0.5,4,27
1,1,자연과학계열,3,4,0,0,3,38,1,37,19143360.0,0,490855.3846153846,4785840.0,0.9487179487179488,4,7.4,0.0,3,3828672.0,9571680.0,0.9487179487179487,4.0,0.07692307692307693,0.6,0.02564102564102564,0.2,0.02564102564102564,12,3
0,0,자연과학계열,3,2,4,0,3,17,3,3,2817960.0,0,156553.33333333334,704490.0,0.1666666666666666,2,1.0,0.2222222222222222,9,939320.0,2817960.0,0.16666666666666666,0.4,0.16666666666666666,1.0,0.0,0.0,0.16666666666666666,6,27
1,2,인문학,3,1,4,1,4,7,3,3,2860740.0,0,357592.5,715185.0,0.375,1,1.5,0.5,9,1430370.0,1430370.0,0.375,0.2,0.375,1.5,0.125,0.5,0.375,4,27
1,0,사회과학계열,3,1,1,0,4,1,2,1,4079280.0,0,2039640.0,1019820.0,0.5,1,0.5,0.5,6,2039640.0,2039640.0,0.5,0.5,1.5,1.5,0.5,0.5,1.0,4,12
2,0,사회과학계열,2,1,1,0,2,1,5,1,4037880.0,0,2018940.0,1345960.0,0.5,1,0.5,0.5,10,2018940.0,1345960.0,0.5,0.5,1.0,1.0,1.0,1.0,2.5,2,50
1,0,기타,3,2,1,0,3,16,3,16,6636420.0,0,390377.6470588236,1659105.0,0.9411764705882352,2,5.333333333333333,0.0588235294117647,9,2212140.0,3318210.0,0.9411764705882353,1.0,0.17647058823529413,1.0,0.058823529411764705,0.3333333333333333,0.17647058823529413,6,27
0,0,사회과학계열,2,2,5,0,4,17,2,1,7124940.0,1,395830.0,2374980.0,0.0555555555555555,2,0.3333333333333333,0.2777777777777778,4,2374980.0,7124940.0,0.05555555555555555,0.3333333333333333,0.1111111111111111,0.6666666666666666,0.0,0.0,0.1111111111111111,8,8
0,2,인문학,2,5,9,1,4,30,3,3,26004720.0,1,838861.9354838709,8668240.0,0.0967741935483871,5,0.5,0.2903225806451613,6,4334120.0,26004720.0,0.0967741935483871,0.5,0.06451612903225806,0.3333333333333333,0.0,0.0,0.0967741935483871,20,18
2,0,사회과학계열,3,5,3,0,1,28,1,8,25077360.0,1,864736.551724138,6269340.0,0.2758620689655172,5,1.3333333333333333,0.1034482758620689,3,4179560.0,8359120.0,0.27586206896551724,1.25,0.10344827586206896,0.5,0.06896551724137931,0.3333333333333333,0.034482758620689655,5,3
1,1,상경계열,2,2,1,0,4,6,1,6,7926720.0,0,1132388.5714285714,2642240.0,0.8571428571428571,2,2.0,0.1428571428571428,2,2642240.0,3963360.0,0.8571428571428571,1.0,0.2857142857142857,0.6666666666666666,0.14285714285714285,0.3333333333333333,0.14285714285714285,8,2
1,0,자연과학계열,2,1,1,0,3,2,2,2,3986820.0,0,1328940.0,1328940.0,0.6666666666666666,1,1.0,0.3333333333333333,4,1993410.0,1993410.0,0.6666666666666666,0.5,0.6666666666666666,1.0,0.3333333333333333,0.5,0.6666666666666666,3,8
1,0,자연과학계열,3,1,1,0,3,1,5,0,3961980.0,0,1980990.0,990495.0,0.0,1,0.0,0.5,15,1980990.0,1980990.0,0.0,0.5,1.5,1.5,0.5,0.5,2.5,3,75
2,0,자연과학계열,2,3,3,1,3,23,1,13,10327920.0,1,430330.0,3442640.0,0.5416666666666666,3,3.25,0.125,2,2581980.0,3442640.0,0.5416666666666666,0.75,0.08333333333333333,0.5,0.08333333333333333,0.5,0.041666666666666664,9,2
2,0,사회과학계열,1,2,1,1,4,9,3,9,8382120.0,0,838212.0,4191060.0,0.9,2,3.0,0.1,3,2794040.0,2794040.0,0.9,1.0,0.1,0.3333333333333333,0.2,0.6666666666666666,0.3,8,9
0,2,인문학,4,4,2,0,3,23,3,5,23912640.0,1,996360.0,4782528.0,0.2083333333333333,4,1.0,0.0833333333333333,12,4782528.0,23912640.0,0.20833333333333334,1.3333333333333333,0.16666666666666666,0.8,0.0,0.0,0.125,12,36
1,0,사회과학계열,3,1,0,0,3,6,2,5,3828120.0,0,546874.2857142857,957030.0,0.7142857142857143,1,2.5,0.0,6,1914060.0,1914060.0,0.7142857142857143,1.0,0.42857142857142855,1.5,0.14285714285714285,0.5,0.2857142857142857,3,12
1,0,사회과학계열,2,2,6,0,3,12,3,1,6216900.0,0,478223.07692307694,2072300.0,0.0769230769230769,2,0.3333333333333333,0.4615384615384615,6,2072300.0,3108450.0,0.07692307692307693,0.2857142857142857,0.15384615384615385,0.6666666666666666,0.07692307692307693,0.3333333333333333,0.23076923076923078,6,18
1,1,사회과학계열,3,3,2,0,1,12,3,5,10250640.0,0,788510.7692307692,2562660.0,0.3846153846153846,3,1.25,0.1538461538461538,9,2562660.0,5125320.0,0.38461538461538464,1.0,0.23076923076923078,0.75,0.07692307692307693,0.25,0.23076923076923078,3,27
1,0,자연과학계열,2,3,2,0,4,14,6,11,16050780.0,1,1070052.0,5350260.0,0.7333333333333333,3,2.75,0.1333333333333333,12,4012695.0,8025390.0,0.7333333333333333,1.0,0.13333333333333333,0.5,0.06666666666666667,0.25,0.4,12,72
2,1,공학계열,3,3,0,0,3,10,6,9,13438440.0,0,1221676.3636363635,3359610.0,0.8181818181818182,3,2.25,0.0,18,3359610.0,4479480.0,0.8181818181818182,3.0,0.2727272727272727,0.75,0.18181818181818182,0.5,0.5454545454545454,9,108
1,0,사회과학계열,3,1,5,1,1,7,2,1,3912300.0,0,489037.5,978075.0,0.125,1,0.5,0.625,6,1956150.0,1956150.0,0.125,0.16666666666666666,0.375,1.5,0.125,0.5,0.25,1,12
2,1,사회과학계열,3,4,1,0,4,25,3,25,23403420.0,1,900131.5384615385,5850855.0,0.9615384615384616,4,5.0,0.0384615384615384,9,4680684.0,7801140.0,0.9615384615384616,2.0,0.11538461538461539,0.6,0.07692307692307693,0.4,0.11538461538461539,16,27
2,0,사회과학계열,1,1,1,1,3,10,2,10,3605940.0,0,327812.7272727273,1802970.0,0.9090909090909092,1,5.0,0.0909090909090909,2,1802970.0,1201980.0,0.9090909090909091,0.5,0.09090909090909091,0.5,0.18181818181818182,1.0,0.18181818181818182,3,4
0,1,상경계열,3,2,0,0,1,8,2,7,8481480.0,0,942386.6666666666,2120370.0,0.7777777777777778,2,2.333333333333333,0.0,6,2827160.0,8481480.0,0.7777777777777778,2.0,0.3333333333333333,1.0,0.0,0.0,0.2222222222222222,2,12
1,0,사회과학계열,3,1,9,0,1,7,2,5,6848940.0,0,856117.5,1712235.0,0.625,1,2.5,1.125,6,3424470.0,3424470.0,0.625,0.1,0.375,1.5,0.125,0.5,0.25,1,12
1,0,사회과학계열,3,5,7,0,3,23,5,20,26961060.0,1,1123377.5,6740265.0,0.8333333333333334,5,3.333333333333333,0.2916666666666667,15,4493510.0,13480530.0,0.8333333333333334,0.625,0.125,0.5,0.041666666666666664,0.16666666666666666,0.20833333333333334,15,75
1,1,사회과학계열,1,2,4,0,2,12,3,7,8517360.0,0,655181.5384615385,4258680.0,0.5384615384615384,2,2.333333333333333,0.3076923076923077,3,2839120.0,4258680.0,0.5384615384615384,0.4,0.07692307692307693,0.3333333333333333,0.07692307692307693,0.3333333333333333,0.23076923076923078,4,9
1,0,기타,2,1,1,0,3,5,3,5,3267840.0,0,544640.0,1089280.0,0.8333333333333334,1,2.5,0.1666666666666666,6,1633920.0,1633920.0,0.8333333333333334,0.5,0.3333333333333333,1.0,0.16666666666666666,0.5,0.5,3,18
1,0,자연과학계열,3,3,1,0,4,40,3,40,14230560.0,1,347086.8292682927,3557640.0,0.975609756097561,3,10.0,0.024390243902439,9,3557640.0,7115280.0,0.975609756097561,1.5,0.07317073170731707,0.75,0.024390243902439025,0.25,0.07317073170731707,12,27
1,1,상경계열,3,1,1,0,4,0,2,0,2311500.0,0,2311500.0,577875.0,0.0,1,0.0,1.0,6,1155750.0,1155750.0,0.0,0.5,3.0,1.5,1.0,0.5,2.0,4,12
1,0,공학계열,3,1,0,0,3,3,2,2,3481740.0,0,870435.0,870435.0,0.5,1,1.0,0.0,6,1740870.0,1740870.0,0.5,1.0,0.75,1.5,0.25,0.5,0.5,3,12
1,0,자연과학계열,3,2,1,0,3,16,2,15,9062460.0,1,533085.8823529412,2265615.0,0.8823529411764706,2,5.0,0.0588235294117647,6,3020820.0,4531230.0,0.8823529411764706,1.0,0.17647058823529413,1.0,0.058823529411764705,0.3333333333333333,0.11764705882352941,6,12
2,0,자연과학계열,4,1,4,0,4,18,2,3,6539820.0,0,344201.05263157893,1307964.0,0.1578947368421052,1,1.5,0.2105263157894736,8,3269910.0,2179940.0,0.15789473684210525,0.2,0.21052631578947367,2.0,0.10526315789473684,1.0,0.10526315789473684,4,16
2,1,상경계열,3,3,4,0,4,16,3,2,12707040.0,0,747472.9411764706,3176760.0,0.1176470588235294,3,0.5,0.2352941176470588,9,3176760.0,4235680.0,0.11764705882352941,0.6,0.17647058823529413,0.75,0.11764705882352941,0.5,0.17647058823529413,12,27
1,1,사회과학계열,1,2,3,0,3,4,2,2,6291420.0,0,1258284.0,3145710.0,0.4,2,0.6666666666666666,0.6,2,2097140.0,3145710.0,0.4,0.5,0.2,0.3333333333333333,0.2,0.3333333333333333,0.4,6,4
1,1,사회과학계열,3,3,3,0,3,12,2,9,11300820.0,0,869293.8461538461,2825205.0,0.6923076923076923,3,2.25,0.2307692307692307,6,2825205.0,5650410.0,0.6923076923076923,0.75,0.23076923076923078,0.75,0.07692307692307693,0.25,0.15384615384615385,9,12
1,2,사회과학계열,3,1,1,1,4,8,3,8,4059960.0,0,451106.6666666667,1014990.0,0.8888888888888888,1,4.0,0.1111111111111111,9,2029980.0,2029980.0,0.8888888888888888,0.5,0.3333333333333333,1.5,0.1111111111111111,0.5,0.3333333333333333,4,27
1,0,자연과학계열,3,2,6,1,4,7,0,3,6818580.0,1,852322.5,1704645.0,0.375,2,1.0,0.75,0,2272860.0,3409290.0,0.375,0.2857142857142857,0.375,1.0,0.125,0.3333333333333333,0.0,8,0
2,0,사회과학계열,1,3,2,0,4,18,2,4,14697000.0,1,773526.3157894737,7348500.0,0.2105263157894736,3,1.0,0.1052631578947368,2,3674250.0,4899000.0,0.21052631578947367,1.0,0.05263157894736842,0.25,0.10526315789473684,0.5,0.10526315789473684,12,4
1,1,사회과학계열,2,2,4,0,3,17,1,15,8144760.0,0,452486.6666666667,2714920.0,0.8333333333333334,2,5.0,0.2222222222222222,2,2714920.0,4072380.0,0.8333333333333334,0.4,0.1111111111111111,0.6666666666666666,0.05555555555555555,0.3333333333333333,0.05555555555555555,6,2
1,1,사회과학계열,2,2,2,0,4,6,3,2,11921820.0,0,1703117.142857143,3973940.0,0.2857142857142857,2,0.6666666666666666,0.2857142857142857,6,3973940.0,5960910.0,0.2857142857142857,0.6666666666666666,0.2857142857142857,0.6666666666666666,0.14285714285714285,0.3333333333333333,0.42857142857142855,8,18
1,2,인문학,3,2,0,0,4,12,2,11,8758860.0,0,673758.4615384615,2189715.0,0.8461538461538461,2,3.6666666666666665,0.0,6,2919620.0,4379430.0,0.8461538461538461,2.0,0.23076923076923078,1.0,0.07692307692307693,0.3333333333333333,0.15384615384615385,8,12
1,0,자연과학계열,3,1,7,1,1,10,2,5,5796000.0,0,526909.0909090909,1449000.0,0.4545454545454545,1,2.5,0.6363636363636364,6,2898000.0,2898000.0,0.45454545454545453,0.125,0.2727272727272727,1.5,0.09090909090909091,0.5,0.18181818181818182,1,12
1,0,자연과학계열,3,1,5,0,2,9,2,6,4763760.0,0,476376.0,1190940.0,0.6,1,3.0,0.5,6,2381880.0,2381880.0,0.6,0.16666666666666666,0.3,1.5,0.1,0.5,0.2,2,12
1,0,공학계열,3,2,3,1,2,19,2,3,5957460.0,0,297873.0,1489365.0,0.15,2,1.0,0.15,6,1985820.0,2978730.0,0.15,0.5,0.15,1.0,0.05,0.3333333333333333,0.1,4,12
1,0,사회과학계열,3,1,1,0,3,5,4,5,3632160.0,0,605360.0,908040.0,0.8333333333333334,1,2.5,0.1666666666666666,12,1816080.0,1816080.0,0.8333333333333334,0.5,0.5,1.5,0.16666666666666666,0.5,0.6666666666666666,3,48
2,1,자연과학계열,1,2,0,0,4,9,2,8,6441840.0,0,644184.0,3220920.0,0.8,2,2.6666666666666665,0.0,2,2147280.0,2147280.0,0.8,2.0,0.1,0.3333333333333333,0.2,0.6666666666666666,0.2,8,4
1,0,공학계열,3,1,5,0,4,8,3,3,4421520.0,0,491280.0,1105380.0,0.3333333333333333,1,1.5,0.5555555555555556,9,2210760.0,2210760.0,0.3333333333333333,0.16666666666666666,0.3333333333333333,1.5,0.1111111111111111,0.5,0.3333333333333333,4,27
1,0,자연과학계열,2,1,0,0,4,6,3,5,3753600.0,0,536228.5714285715,1251200.0,0.7142857142857143,1,2.5,0.0,6,1876800.0,1876800.0,0.7142857142857143,1.0,0.2857142857142857,1.0,0.14285714285714285,0.5,0.42857142857142855,4,18
2,0,사회과학계열,2,4,4,0,2,21,2,7,23709780.0,1,1077717.2727272727,7903260.0,0.3181818181818182,4,1.4,0.1818181818181818,4,4741956.0,7903260.0,0.3181818181818182,0.8,0.09090909090909091,0.4,0.09090909090909091,0.4,0.09090909090909091,8,8
1,0,사회과학계열,3,1,2,1,4,7,2,5,3088440.0,0,386055.0,772110.0,0.625,1,2.5,0.25,6,1544220.0,1544220.0,0.625,0.3333333333333333,0.375,1.5,0.125,0.5,0.25,4,12
1,0,자연과학계열,3,1,1,0,4,1,3,1,2046540.0,0,1023270.0,511635.0,0.5,1,0.5,0.5,9,1023270.0,1023270.0,0.5,0.5,1.5,1.5,0.5,0.5,1.5,4,27
2,0,자연과학계열,3,2,1,0,1,20,2,20,7734900.0,0,368328.5714285714,1933725.0,0.9523809523809524,2,6.666666666666667,0.0476190476190476,6,2578300.0,2578300.0,0.9523809523809523,1.0,0.14285714285714285,1.0,0.09523809523809523,0.6666666666666666,0.09523809523809523,2,12
1,1,상경계열,3,3,1,0,1,10,3,10,10067100.0,0,915190.9090909092,2516775.0,0.9090909090909092,3,2.5,0.0909090909090909,9,2516775.0,5033550.0,0.9090909090909091,1.5,0.2727272727272727,0.75,0.09090909090909091,0.25,0.2727272727272727,3,27
1,1,상경계열,3,2,2,1,4,13,3,7,3182280.0,0,227305.7142857143,795570.0,0.5,2,2.333333333333333,0.1428571428571428,9,1060760.0,1591140.0,0.5,0.6666666666666666,0.21428571428571427,1.0,0.07142857142857142,0.3333333333333333,0.21428571428571427,8,27
1,0,사회과학계열,3,2,8,0,3,20,2,17,3240240.0,0,154297.14285714287,810060.0,0.8095238095238095,2,5.666666666666667,0.3809523809523809,6,1080080.0,1620120.0,0.8095238095238095,0.2222222222222222,0.14285714285714285,1.0,0.047619047619047616,0.3333333333333333,0.09523809523809523,6,12
2,1,상경계열,3,3,1,0,4,9,2,9,12417240.0,0,1241724.0,3104310.0,0.9,3,2.25,0.1,6,3104310.0,4139080.0,0.9,1.5,0.3,0.75,0.2,0.5,0.2,12,12
0,0,공학계열,3,2,1,0,1,10,1,10,5960220.0,1,541838.1818181818,1490055.0,0.9090909090909092,2,3.333333333333333,0.0909090909090909,3,1986740.0,5960220.0,0.9090909090909091,1.0,0.2727272727272727,1.0,0.0,0.0,0.09090909090909091,2,3
1,0,자연과학계열,2,2,2,0,3,10,2,1,8462160.0,1,769287.2727272727,2820720.0,0.0909090909090909,2,0.3333333333333333,0.1818181818181818,4,2820720.0,4231080.0,0.09090909090909091,0.6666666666666666,0.18181818181818182,0.6666666666666666,0.09090909090909091,0.3333333333333333,0.18181818181818182,6,8
1,0,자연과학계열,2,1,4,1,2,9,3,1,4617480.0,0,461748.0,1539160.0,0.1,1,0.5,0.4,6,2308740.0,2308740.0,0.1,0.2,0.2,1.0,0.1,0.5,0.3,2,18
1,1,상경계열,2,3,7,0,1,15,2,12,14979900.0,0,936243.75,4993300.0,0.75,3,3.0,0.4375,4,3744975.0,7489950.0,0.75,0.375,0.125,0.5,0.0625,0.25,0.125,3,8
2,1,상경계열,3,1,6,0,4,6,3,4,3078780.0,0,439825.7142857143,769695.0,0.5714285714285714,1,2.0,0.8571428571428571,9,1539390.0,1026260.0,0.5714285714285714,0.14285714285714285,0.42857142857142855,1.5,0.2857142857142857,1.0,0.42857142857142855,4,27
1,0,자연과학계열,3,1,1,1,1,2,6,2,3205740.0,0,1068580.0,801435.0,0.6666666666666666,1,1.0,0.3333333333333333,18,1602870.0,1602870.0,0.6666666666666666,0.5,1.0,1.5,0.3333333333333333,0.5,2.0,1,108
0,0,자연과학계열,3,1,6,0,4,6,1,2,2793120.0,0,399017.1428571429,698280.0,0.2857142857142857,1,1.0,0.8571428571428571,3,1396560.0,2793120.0,0.2857142857142857,0.14285714285714285,0.42857142857142855,1.5,0.0,0.0,0.14285714285714285,4,3
1,0,자연과학계열,3,1,1,0,3,5,2,5,3743940.0,0,623990.0,935985.0,0.8333333333333334,1,2.5,0.1666666666666666,6,1871970.0,1871970.0,0.8333333333333334,0.5,0.5,1.5,0.16666666666666666,0.5,0.3333333333333333,3,12
1,0,사회과학계열,4,3,3,0,2,12,2,5,13025820.0,1,1001986.153846154,2605164.0,0.3846153846153846,3,1.25,0.2307692307692307,8,3256455.0,6512910.0,0.38461538461538464,0.75,0.3076923076923077,1.0,0.07692307692307693,0.25,0.15384615384615385,6,16
0,0,자연과학계열,2,1,1,0,4,1,2,1,3541080.0,0,1770540.0,1180360.0,0.5,1,0.5,0.5,4,1770540.0,3541080.0,0.5,0.5,1.0,1.0,0.0,0.0,1.0,4,8
1,0,사회과학계열,3,5,3,0,2,21,5,5,27497880.0,1,1249903.6363636365,6874470.0,0.2272727272727272,5,0.8333333333333334,0.1363636363636363,15,4582980.0,13748940.0,0.22727272727272727,1.25,0.13636363636363635,0.5,0.045454545454545456,0.16666666666666666,0.22727272727272727,10,75
1,0,사회과학계열,3,1,4,0,1,13,2,9,3382380.0,0,241598.57142857145,845595.0,0.6428571428571429,1,4.5,0.2857142857142857,6,1691190.0,1691190.0,0.6428571428571429,0.2,0.21428571428571427,1.5,0.07142857142857142,0.5,0.14285714285714285,1,12
1,1,사회과학계열,3,3,2,0,3,12,2,10,12998220.0,0,999863.0769230768,3249555.0,0.7692307692307693,3,2.5,0.1538461538461538,6,3249555.0,6499110.0,0.7692307692307693,1.0,0.23076923076923078,0.75,0.07692307692307693,0.25,0.15384615384615385,9,12
1,1,사회과학계열,2,2,4,1,3,12,2,8,11986680.0,0,922052.3076923076,3995560.0,0.6153846153846154,2,2.6666666666666665,0.3076923076923077,4,3995560.0,5993340.0,0.6153846153846154,0.4,0.15384615384615385,0.6666666666666666,0.07692307692307693,0.3333333333333333,0.15384615384615385,6,8
1,0,사회과학계열,3,1,3,1,1,8,2,5,4192440.0,0,465826.6666666667,1048110.0,0.5555555555555556,1,2.5,0.3333333333333333,6,2096220.0,2096220.0,0.5555555555555556,0.25,0.3333333333333333,1.5,0.1111111111111111,0.5,0.2222222222222222,1,12
1,0,공학계열,3,1,0,0,4,6,3,5,4220040.0,0,602862.8571428572,1055010.0,0.7142857142857143,1,2.5,0.0,9,2110020.0,2110020.0,0.7142857142857143,1.0,0.42857142857142855,1.5,0.14285714285714285,0.5,0.42857142857142855,4,27
2,1,공학계열,1,1,0,1,1,1,5,0,3208500.0,0,1604250.0,1604250.0,0.0,1,0.0,0.0,5,1604250.0,1069500.0,0.0,1.0,0.5,0.5,1.0,1.0,2.5,1,25
2,0,자연과학계열,3,1,4,0,3,13,3,8,2881440.0,0,205817.14285714287,720360.0,0.5714285714285714,1,4.0,0.2857142857142857,9,1440720.0,960480.0,0.5714285714285714,0.2,0.21428571428571427,1.5,0.14285714285714285,1.0,0.21428571428571427,3,27
0,0,자연과학계열,3,2,1,0,3,12,4,12,4239360.0,0,326104.6153846154,1059840.0,0.9230769230769232,2,4.0,0.0769230769230769,12,1413120.0,4239360.0,0.9230769230769231,1.0,0.23076923076923078,1.0,0.0,0.0,0.3076923076923077,6,48
1,1,사회과학계열,3,2,4,0,1,9,3,5,6908280.0,0,690828.0,1727070.0,0.5,2,1.6666666666666667,0.4,9,2302760.0,3454140.0,0.5,0.4,0.3,1.0,0.1,0.3333333333333333,0.3,2,27
1,0,사회과학계열,3,1,4,0,3,19,3,2,5874660.0,0,293733.0,1468665.0,0.1,1,1.0,0.2,9,2937330.0,2937330.0,0.1,0.2,0.15,1.5,0.05,0.5,0.15,3,27
1,0,사회과학계열,3,1,0,0,1,4,2,3,3450000.0,0,690000.0,862500.0,0.6,1,1.5,0.0,6,1725000.0,1725000.0,0.6,1.0,0.6,1.5,0.2,0.5,0.4,1,12
1,0,사회과학계열,2,1,1,1,3,1,3,1,1520760.0,0,760380.0,506920.0,0.5,1,0.5,0.5,6,760380.0,760380.0,0.5,0.5,1.0,1.0,0.5,0.5,1.5,3,18
1,1,상경계열,3,3,1,1,3,24,2,24,14425140.0,0,577005.6,3606285.0,0.96,3,6.0,0.04,6,3606285.0,7212570.0,0.96,1.5,0.12,0.75,0.04,0.25,0.08,9,12
1,0,사회과학계열,3,1,1,0,3,2,3,2,3157440.0,0,1052480.0,789360.0,0.6666666666666666,1,1.0,0.3333333333333333,9,1578720.0,1578720.0,0.6666666666666666,0.5,1.0,1.5,0.3333333333333333,0.5,1.0,3,27
1,0,자연과학계열,3,1,8,1,3,7,0,4,5422020.0,0,677752.5,1355505.0,0.5,1,2.0,1.0,0,2711010.0,2711010.0,0.5,0.1111111111111111,0.375,1.5,0.125,0.5,0.0,3,0
1,0,자연과학계열,3,1,2,0,4,9,3,3,3189180.0,0,318918.0,797295.0,0.3,1,1.5,0.2,9,1594590.0,1594590.0,0.3,0.3333333333333333,0.3,1.5,0.1,0.5,0.3,4,27
1,1,상경계열,3,1,1,1,4,4,5,4,4333200.0,0,866640.0,1083300.0,0.8,1,2.0,0.2,15,2166600.0,2166600.0,0.8,0.5,0.6,1.5,0.2,0.5,1.0,4,75
1,0,자연과학계열,2,1,2,0,4,5,2,3,5092200.0,0,848700.0,1697400.0,0.5,1,1.5,0.3333333333333333,4,2546100.0,2546100.0,0.5,0.3333333333333333,0.3333333333333333,1.0,0.16666666666666666,0.5,0.3333333333333333,4,8
1,0,자연과학계열,4,2,1,0,3,5,3,4,6141000.0,1,1023500.0,1228200.0,0.6666666666666666,2,1.3333333333333333,0.1666666666666666,12,2047000.0,3070500.0,0.6666666666666666,1.0,0.6666666666666666,1.3333333333333333,0.16666666666666666,0.3333333333333333,0.5,6,36
1,0,자연과학계열,3,1,1,0,4,8,5,8,3803280.0,0,422586.6666666667,950820.0,0.8888888888888888,1,4.0,0.1111111111111111,15,1901640.0,1901640.0,0.8888888888888888,0.5,0.3333333333333333,1.5,0.1111111111111111,0.5,0.5555555555555556,4,75
1,0,자연과학계열,3,5,1,0,2,21,2,20,26265540.0,1,1193888.181818182,6566385.0,0.9090909090909092,5,3.333333333333333,0.0454545454545454,6,4377590.0,13132770.0,0.9090909090909091,2.5,0.13636363636363635,0.5,0.045454545454545456,0.16666666666666666,0.09090909090909091,10,12
1,0,자연과학계열,4,5,8,0,4,36,3,24,25836360.0,1,698280.0,5167272.0,0.6486486486486487,5,4.0,0.2162162162162162,12,4306060.0,12918180.0,0.6486486486486487,0.5555555555555556,0.10810810810810811,0.6666666666666666,0.02702702702702703,0.16666666666666666,0.08108108108108109,20,36
2,0,사회과학계열,2,2,1,0,3,10,2,10,13174860.0,1,1197714.5454545454,4391620.0,0.9090909090909092,2,3.333333333333333,0.0909090909090909,4,4391620.0,4391620.0,0.9090909090909091,1.0,0.18181818181818182,0.6666666666666666,0.18181818181818182,0.6666666666666666,0.18181818181818182,6,8
1,0,자연과학계열,3,4,3,0,3,21,6,7,18952920.0,1,861496.3636363636,4738230.0,0.3181818181818182,4,1.4,0.1363636363636363,18,3790584.0,9476460.0,0.3181818181818182,1.0,0.13636363636363635,0.6,0.045454545454545456,0.2,0.2727272727272727,12,108
1,0,사회과학계열,2,5,0,0,1,34,5,33,27598620.0,1,788532.0,9199540.0,0.9428571428571428,5,5.5,0.0,10,4599770.0,13799310.0,0.9428571428571428,5.0,0.05714285714285714,0.3333333333333333,0.02857142857142857,0.16666666666666666,0.14285714285714285,5,50
1,0,자연과학계열,3,1,1,0,4,7,2,7,3145020.0,0,393127.5,786255.0,0.875,1,3.5,0.125,6,1572510.0,1572510.0,0.875,0.5,0.375,1.5,0.125,0.5,0.25,4,12
1,0,사회과학계열,2,2,3,0,1,8,1,1,8164080.0,1,907120.0,2721360.0,0.1111111111111111,2,0.3333333333333333,0.3333333333333333,2,2721360.0,4082040.0,0.1111111111111111,0.5,0.2222222222222222,0.6666666666666666,0.1111111111111111,0.3333333333333333,0.1111111111111111,2,2
0,0,자연과학계열,4,1,4,0,4,7,3,5,2882820.0,0,360352.5,576564.0,0.625,1,2.5,0.5,12,1441410.0,2882820.0,0.625,0.2,0.5,2.0,0.0,0.0,0.375,4,36
0,0,자연과학계열,2,4,9,1,4,22,1,20,23172960.0,1,1007520.0,7724320.0,0.8695652173913043,4,4.0,0.391304347826087,2,4634592.0,23172960.0,0.8695652173913043,0.4,0.08695652173913043,0.4,0.0,0.0,0.043478260869565216,16,2
1,0,사회과학계열,4,1,1,0,1,8,3,8,4918320.0,0,546480.0,983664.0,0.8888888888888888,1,4.0,0.1111111111111111,12,2459160.0,2459160.0,0.8888888888888888,0.5,0.4444444444444444,2.0,0.1111111111111111,0.5,0.3333333333333333,1,36
2,0,자연과학계열,3,2,5,0,4,10,5,6,6106500.0,0,555136.3636363636,1526625.0,0.5454545454545454,2,2.0,0.4545454545454545,15,2035500.0,2035500.0,0.5454545454545454,0.3333333333333333,0.2727272727272727,1.0,0.18181818181818182,0.6666666666666666,0.45454545454545453,8,75
0,0,자연과학계열,3,2,2,0,2,11,5,5,7265700.0,1,605475.0,1816425.0,0.4166666666666667,2,1.6666666666666667,0.1666666666666666,15,2421900.0,7265700.0,0.4166666666666667,0.6666666666666666,0.25,1.0,0.0,0.0,0.4166666666666667,4,75
1,0,사회과학계열,3,2,9,0,2,14,3,1,9043140.0,1,602876.0,2260785.0,0.0666666666666666,2,0.3333333333333333,0.6,9,3014380.0,4521570.0,0.06666666666666667,0.2,0.2,1.0,0.06666666666666667,0.3333333333333333,0.2,4,27
1,0,공학계열,3,2,3,0,1,9,3,7,8640180.0,1,864018.0,2160045.0,0.7,2,2.333333333333333,0.3,9,2880060.0,4320090.0,0.7,0.5,0.3,1.0,0.1,0.3333333333333333,0.3,2,27
2,0,공학계열,2,2,5,0,3,6,1,2,5931240.0,1,847320.0,1977080.0,0.2857142857142857,2,0.6666666666666666,0.7142857142857143,2,1977080.0,1977080.0,0.2857142857142857,0.3333333333333333,0.2857142857142857,0.6666666666666666,0.2857142857142857,0.6666666666666666,0.14285714285714285,6,2
0,0,사회과학계열,3,2,1,0,1,7,0,7,9389520.0,1,1173690.0,2347380.0,0.875,2,2.333333333333333,0.125,0,3129840.0,9389520.0,0.875,1.0,0.375,1.0,0.0,0.0,0.0,2,0
2,0,자연과학계열,3,1,1,0,4,5,4,5,5264700.0,0,877450.0,1316175.0,0.8333333333333334,1,2.5,0.1666666666666666,12,2632350.0,1754900.0,0.8333333333333334,0.5,0.5,1.5,0.3333333333333333,1.0,0.6666666666666666,4,48
1,0,자연과학계열,3,2,8,0,3,15,2,7,3782580.0,0,236411.25,945645.0,0.4375,2,2.333333333333333,0.5,6,1260860.0,1891290.0,0.4375,0.2222222222222222,0.1875,1.0,0.0625,0.3333333333333333,0.125,6,12
1,0,자연과학계열,3,2,7,0,2,17,2,1,9208740.0,1,511596.6666666667,2302185.0,0.0555555555555555,2,0.3333333333333333,0.3888888888888889,6,3069580.0,4604370.0,0.05555555555555555,0.25,0.16666666666666666,1.0,0.05555555555555555,0.3333333333333333,0.1111111111111111,4,12
1,1,상경계열,3,3,1,1,4,10,3,10,10541820.0,0,958347.2727272728,2635455.0,0.9090909090909092,3,2.5,0.0909090909090909,9,2635455.0,5270910.0,0.9090909090909091,1.5,0.2727272727272727,0.75,0.09090909090909091,0.25,0.2727272727272727,12,27
1,0,사회과학계열,4,1,1,0,1,4,2,4,3212640.0,0,642528.0,642528.0,0.8,1,2.0,0.2,8,1606320.0,1606320.0,0.8,0.5,0.8,2.0,0.2,0.5,0.4,1,16
2,0,자연과학계열,3,1,1,0,1,8,2,8,2971140.0,0,330126.6666666667,742785.0,0.8888888888888888,1,4.0,0.1111111111111111,6,1485570.0,990380.0,0.8888888888888888,0.5,0.3333333333333333,1.5,0.2222222222222222,1.0,0.2222222222222222,1,12
0,0,사회과학계열,2,2,9,0,4,5,5,3,6728880.0,1,1121480.0,2242960.0,0.5,2,1.0,1.5,10,2242960.0,6728880.0,0.5,0.2,0.3333333333333333,0.6666666666666666,0.0,0.0,0.8333333333333334,8,50
1,0,자연과학계열,3,3,7,0,3,17,3,4,12966480.0,1,720360.0,3241620.0,0.2222222222222222,3,1.0,0.3888888888888889,9,3241620.0,6483240.0,0.2222222222222222,0.375,0.16666666666666666,0.75,0.05555555555555555,0.25,0.16666666666666666,9,27
1,1,자연과학계열,1,3,1,0,3,14,2,14,14352000.0,0,956800.0,7176000.0,0.9333333333333332,3,3.5,0.0666666666666666,2,3588000.0,7176000.0,0.9333333333333333,1.5,0.06666666666666667,0.25,0.06666666666666667,0.25,0.13333333333333333,9,4
0,0,사회과학계열,2,3,1,1,3,12,2,11,11694120.0,1,899547.6923076923,3898040.0,0.8461538461538461,3,2.75,0.0769230769230769,4,2923530.0,11694120.0,0.8461538461538461,1.5,0.15384615384615385,0.5,0.0,0.0,0.15384615384615385,9,8
2,1,사회과학계열,3,2,1,0,4,7,2,7,13773780.0,0,1721722.5,3443445.0,0.875,2,2.333333333333333,0.125,6,4591260.0,4591260.0,0.875,1.0,0.375,1.0,0.25,0.6666666666666666,0.25,8,12
1,0,사회과학계열,2,3,5,0,4,16,5,10,17236200.0,1,1013894.1176470588,5745400.0,0.5882352941176471,3,2.5,0.2941176470588235,10,4309050.0,8618100.0,0.5882352941176471,0.5,0.11764705882352941,0.5,0.058823529411764705,0.25,0.29411764705882354,12,50
1,0,공학계열,3,1,5,0,3,8,5,5,3666660.0,0,407406.6666666667,916665.0,0.5555555555555556,1,2.5,0.5555555555555556,15,1833330.0,1833330.0,0.5555555555555556,0.16666666666666666,0.3333333333333333,1.5,0.1111111111111111,0.5,0.5555555555555556,3,75
1,1,사회과학계열,3,3,3,0,3,16,3,1,18755580.0,1,1103269.4117647058,4688895.0,0.0588235294117647,3,0.25,0.1764705882352941,9,4688895.0,9377790.0,0.058823529411764705,0.75,0.17647058823529413,0.75,0.058823529411764705,0.25,0.17647058823529413,9,27
2,1,상경계열,2,2,5,0,3,9,5,6,9240480.0,0,924048.0,3080160.0,0.6,2,2.0,0.5,10,3080160.0,3080160.0,0.6,0.3333333333333333,0.2,0.6666666666666666,0.2,0.6666666666666666,0.5,6,50
1,0,공학계열,3,1,0,0,4,7,1,6,2840040.0,0,355005.0,710010.0,0.75,1,3.0,0.0,3,1420020.0,1420020.0,0.75,1.0,0.375,1.5,0.125,0.5,0.125,4,3
0,1,자연과학계열,2,3,6,0,4,23,2,19,12233700.0,0,509737.5,4077900.0,0.7916666666666666,3,4.75,0.25,4,3058425.0,12233700.0,0.7916666666666666,0.42857142857142855,0.08333333333333333,0.5,0.0,0.0,0.08333333333333333,12,8
1,1,상경계열,3,2,2,0,4,16,4,6,8197200.0,0,482188.2352941177,2049300.0,0.3529411764705882,2,2.0,0.1176470588235294,12,2732400.0,4098600.0,0.35294117647058826,0.6666666666666666,0.17647058823529413,1.0,0.058823529411764705,0.3333333333333333,0.23529411764705882,8,48
1,0,사회과학계열,3,2,8,0,4,16,3,13,8161320.0,0,480077.6470588236,2040330.0,0.7647058823529411,2,4.333333333333333,0.4705882352941176,9,2720440.0,4080660.0,0.7647058823529411,0.2222222222222222,0.17647058823529413,1.0,0.058823529411764705,0.3333333333333333,0.17647058823529413,8,27
1,0,자연과학계열,2,1,6,1,4,7,3,3,3618360.0,0,452295.0,1206120.0,0.375,1,1.5,0.75,6,1809180.0,1809180.0,0.375,0.14285714285714285,0.25,1.0,0.125,0.5,0.375,4,18
2,0,기타,3,3,1,0,3,10,1,10,16815300.0,1,1528663.6363636365,4203825.0,0.9090909090909092,3,2.5,0.0909090909090909,3,4203825.0,5605100.0,0.9090909090909091,1.5,0.2727272727272727,0.75,0.18181818181818182,0.5,0.09090909090909091,9,3
1,1,사회과학계열,3,3,0,0,3,17,6,16,14640420.0,0,813356.6666666666,3660105.0,0.8888888888888888,3,4.0,0.0,18,3660105.0,7320210.0,0.8888888888888888,3.0,0.16666666666666666,0.75,0.05555555555555555,0.25,0.3333333333333333,9,108
0,0,자연과학계열,1,2,0,0,4,6,2,5,5996100.0,1,856585.7142857143,2998050.0,0.7142857142857143,2,1.6666666666666667,0.0,2,1998700.0,5996100.0,0.7142857142857143,2.0,0.14285714285714285,0.3333333333333333,0.0,0.0,0.2857142857142857,8,4
1,0,사회과학계열,2,1,3,0,1,7,6,1,3004260.0,0,375532.5,1001420.0,0.125,1,0.5,0.375,12,1502130.0,1502130.0,0.125,0.25,0.25,1.0,0.125,0.5,0.75,1,72
2,1,상경계열,3,1,4,0,3,13,2,9,3854340.0,0,275310.0,963585.0,0.6428571428571429,1,4.5,0.2857142857142857,6,1927170.0,1284780.0,0.6428571428571429,0.2,0.21428571428571427,1.5,0.14285714285714285,1.0,0.14285714285714285,3,12
2,1,자연과학계열,3,3,1,0,4,11,5,11,10926840.0,0,910570.0,2731710.0,0.9166666666666666,3,2.75,0.0833333333333333,15,2731710.0,3642280.0,0.9166666666666666,1.5,0.25,0.75,0.16666666666666666,0.5,0.4166666666666667,12,75
2,1,상경계열,3,3,1,0,1,10,3,10,12128820.0,0,1102620.0,3032205.0,0.9090909090909092,3,2.5,0.0909090909090909,9,3032205.0,4042940.0,0.9090909090909091,1.5,0.2727272727272727,0.75,0.18181818181818182,0.5,0.2727272727272727,3,27
1,0,자연과학계열,2,1,1,0,3,4,3,4,3296820.0,0,659364.0,1098940.0,0.8,1,2.0,0.2,6,1648410.0,1648410.0,0.8,0.5,0.4,1.0,0.2,0.5,0.6,3,18
1,0,사회과학계열,2,1,7,0,2,6,3,2,4432560.0,0,633222.8571428572,1477520.0,0.2857142857142857,1,1.0,1.0,6,2216280.0,2216280.0,0.2857142857142857,0.125,0.2857142857142857,1.0,0.14285714285714285,0.5,0.42857142857142855,2,18
1,0,공학계열,3,5,1,0,4,22,3,22,26540160.0,1,1153920.0,6635040.0,0.9565217391304348,5,3.6666666666666665,0.0434782608695652,9,4423360.0,13270080.0,0.9565217391304348,2.5,0.13043478260869565,0.5,0.043478260869565216,0.16666666666666666,0.13043478260869565,20,27
1,2,자연과학계열,3,1,8,0,4,7,2,2,3128460.0,0,391057.5,782115.0,0.25,1,1.0,1.0,6,1564230.0,1564230.0,0.25,0.1111111111111111,0.375,1.5,0.125,0.5,0.25,4,12
1,1,자연과학계열,3,5,3,0,3,32,3,7,26933460.0,1,816165.4545454546,6733365.0,0.2121212121212121,5,1.1666666666666667,0.0909090909090909,9,4488910.0,13466730.0,0.21212121212121213,1.25,0.09090909090909091,0.5,0.030303030303030304,0.16666666666666666,0.09090909090909091,15,27
1,0,자연과학계열,3,1,5,0,3,8,2,5,3361680.0,0,373520.0,840420.0,0.5555555555555556,1,2.5,0.5555555555555556,6,1680840.0,1680840.0,0.5555555555555556,0.16666666666666666,0.3333333333333333,1.5,0.1111111111111111,0.5,0.2222222222222222,3,12
1,1,상경계열,3,4,5,1,3,22,3,17,22168320.0,1,963840.0,5542080.0,0.7391304347826086,4,3.4,0.217391304347826,9,4433664.0,11084160.0,0.7391304347826086,0.6666666666666666,0.13043478260869565,0.6,0.043478260869565216,0.2,0.13043478260869565,12,27
1,0,사회과학계열,3,1,7,1,1,13,3,9,3735660.0,0,266832.8571428572,933915.0,0.6428571428571429,1,4.5,0.5,9,1867830.0,1867830.0,0.6428571428571429,0.125,0.21428571428571427,1.5,0.07142857142857142,0.5,0.21428571428571427,1,27
0,1,사회과학계열,2,5,1,0,4,33,2,33,26313840.0,1,773936.4705882353,8771280.0,0.9705882352941176,5,5.5,0.0294117647058823,4,4385640.0,26313840.0,0.9705882352941176,2.5,0.058823529411764705,0.3333333333333333,0.0,0.0,0.058823529411764705,20,8
1,1,사회과학계열,3,1,2,0,1,6,5,4,5424780.0,0,774968.5714285715,1356195.0,0.5714285714285714,1,2.0,0.2857142857142857,15,2712390.0,2712390.0,0.5714285714285714,0.3333333333333333,0.42857142857142855,1.5,0.14285714285714285,0.5,0.7142857142857143,1,75
1,0,사회과학계열,2,1,0,0,4,4,2,3,5147400.0,0,1029480.0,1715800.0,0.6,1,1.5,0.0,4,2573700.0,2573700.0,0.6,1.0,0.4,1.0,0.2,0.5,0.4,4,8
1,0,자연과학계열,3,1,7,0,3,7,1,3,3080160.0,0,385020.0,770040.0,0.375,1,1.5,0.875,3,1540080.0,1540080.0,0.375,0.125,0.375,1.5,0.125,0.5,0.125,3,3
0,1,상경계열,3,2,0,0,1,4,2,3,6161700.0,0,1232340.0,1540425.0,0.6,2,1.0,0.0,6,2053900.0,6161700.0,0.6,2.0,0.6,1.0,0.0,0.0,0.4,2,12
1,0,사회과학계열,3,2,2,0,1,17,2,1,4239360.0,0,235520.0,1059840.0,0.0555555555555555,2,0.3333333333333333,0.1111111111111111,6,1413120.0,2119680.0,0.05555555555555555,0.6666666666666666,0.16666666666666666,1.0,0.05555555555555555,0.3333333333333333,0.1111111111111111,2,12
1,0,공학계열,3,2,1,0,1,9,3,9,4580220.0,0,458022.0,1145055.0,0.9,2,3.0,0.1,9,1526740.0,2290110.0,0.9,1.0,0.3,1.0,0.1,0.3333333333333333,0.3,2,27
1,0,기타,4,5,0,0,3,25,2,24,26498760.0,1,1019183.0769230768,5299752.0,0.9230769230769232,5,4.0,0.0,8,4416460.0,13249380.0,0.9230769230769231,5.0,0.15384615384615385,0.6666666666666666,0.038461538461538464,0.16666666666666666,0.07692307692307693,15,16
2,0,자연과학계열,3,3,9,0,1,9,3,2,18871500.0,1,1887150.0,4717875.0,0.2,3,0.5,0.9,9,4717875.0,6290500.0,0.2,0.3,0.3,0.75,0.2,0.5,0.3,3,27
1,0,사회과학계열,2,1,1,0,3,2,2,2,4017180.0,0,1339060.0,1339060.0,0.6666666666666666,1,1.0,0.3333333333333333,4,2008590.0,2008590.0,0.6666666666666666,0.5,0.6666666666666666,1.0,0.3333333333333333,0.5,0.6666666666666666,3,8
1,0,사회과학계열,2,2,6,0,2,13,3,11,8220660.0,1,587190.0,2740220.0,0.7857142857142857,2,3.6666666666666665,0.4285714285714285,6,2740220.0,4110330.0,0.7857142857142857,0.2857142857142857,0.14285714285714285,0.6666666666666666,0.07142857142857142,0.3333333333333333,0.21428571428571427,4,18
1,0,자연과학계열,2,1,2,0,1,17,2,3,5409600.0,0,300533.3333333333,1803200.0,0.1666666666666666,1,1.5,0.1111111111111111,4,2704800.0,2704800.0,0.16666666666666666,0.3333333333333333,0.1111111111111111,1.0,0.05555555555555555,0.5,0.1111111111111111,1,8
2,0,사회과학계열,4,2,4,0,4,9,1,3,8878920.0,1,887892.0,1775784.0,0.3,2,1.0,0.4,4,2959640.0,2959640.0,0.3,0.4,0.4,1.3333333333333333,0.2,0.6666666666666666,0.1,8,4
2,0,자연과학계열,3,3,6,0,2,17,5,1,13866240.0,1,770346.6666666666,3466560.0,0.0555555555555555,3,0.25,0.3333333333333333,15,3466560.0,4622080.0,0.05555555555555555,0.42857142857142855,0.16666666666666666,0.75,0.1111111111111111,0.5,0.2777777777777778,6,75
2,0,공학계열,3,3,0,1,4,20,1,19,15094440.0,1,718782.8571428572,3773610.0,0.9047619047619048,3,4.75,0.0,3,3773610.0,5031480.0,0.9047619047619048,3.0,0.14285714285714285,0.75,0.09523809523809523,0.5,0.047619047619047616,12,3
1,0,사회과학계열,3,1,1,0,1,6,1,6,3229200.0,0,461314.28571428574,807300.0,0.8571428571428571,1,3.0,0.1428571428571428,3,1614600.0,1614600.0,0.8571428571428571,0.5,0.42857142857142855,1.5,0.14285714285714285,0.5,0.14285714285714285,1,3
1,0,사회과학계열,4,2,3,0,3,10,1,3,9032100.0,0,821100.0,1806420.0,0.2727272727272727,2,1.0,0.2727272727272727,4,3010700.0,4516050.0,0.2727272727272727,0.5,0.36363636363636365,1.3333333333333333,0.09090909090909091,0.3333333333333333,0.09090909090909091,6,4
1,1,상경계열,3,2,2,0,4,10,2,3,9564780.0,0,869525.4545454546,2391195.0,0.2727272727272727,2,1.0,0.1818181818181818,6,3188260.0,4782390.0,0.2727272727272727,0.6666666666666666,0.2727272727272727,1.0,0.09090909090909091,0.3333333333333333,0.18181818181818182,8,12
1,0,사회과학계열,3,2,0,0,4,5,3,4,6759240.0,1,1126540.0,1689810.0,0.6666666666666666,2,1.3333333333333333,0.0,9,2253080.0,3379620.0,0.6666666666666666,2.0,0.5,1.0,0.16666666666666666,0.3333333333333333,0.5,8,27
1,0,자연과학계열,2,1,0,0,3,10,4,9,3578340.0,0,325303.63636363635,1192780.0,0.8181818181818182,1,4.5,0.0,8,1789170.0,1789170.0,0.8181818181818182,1.0,0.18181818181818182,1.0,0.09090909090909091,0.5,0.36363636363636365,3,32
1,0,자연과학계열,3,5,0,0,4,22,5,21,26821680.0,1,1166160.0,6705420.0,0.9130434782608696,5,3.5,0.0,15,4470280.0,13410840.0,0.9130434782608695,5.0,0.13043478260869565,0.5,0.043478260869565216,0.16666666666666666,0.21739130434782608,20,75
1,0,사회과학계열,3,1,1,0,2,1,0,1,3757740.0,0,1878870.0,939435.0,0.5,1,0.5,0.5,0,1878870.0,1878870.0,0.5,0.5,1.5,1.5,0.5,0.5,0.0,2,0
2,0,자연과학계열,2,1,0,0,2,6,2,5,4801020.0,0,685860.0,1600340.0,0.7142857142857143,1,2.5,0.0,4,2400510.0,1600340.0,0.7142857142857143,1.0,0.2857142857142857,1.0,0.2857142857142857,1.0,0.2857142857142857,2,8
2,0,사회과학계열,4,1,1,1,3,5,3,5,3855720.0,0,642620.0,771144.0,0.8333333333333334,1,2.5,0.1666666666666666,12,1927860.0,1285240.0,0.8333333333333334,0.5,0.6666666666666666,2.0,0.3333333333333333,1.0,0.5,3,36
0,1,사회과학계열,2,2,3,0,4,13,0,8,7243620.0,0,517401.4285714286,2414540.0,0.5714285714285714,2,2.6666666666666665,0.2142857142857142,0,2414540.0,7243620.0,0.5714285714285714,0.5,0.14285714285714285,0.6666666666666666,0.0,0.0,0.0,8,0
1,0,공학계열,2,2,4,0,4,9,5,6,3002880.0,0,300288.0,1000960.0,0.6,2,2.0,0.4,10,1000960.0,1501440.0,0.6,0.4,0.2,0.6666666666666666,0.1,0.3333333333333333,0.5,8,50
1,1,공학계열,1,4,3,0,2,28,2,7,23283360.0,1,802874.4827586206,11641680.0,0.2413793103448276,4,1.4,0.1034482758620689,2,4656672.0,11641680.0,0.2413793103448276,1.0,0.034482758620689655,0.2,0.034482758620689655,0.2,0.06896551724137931,8,4
1,0,사회과학계열,3,1,2,0,3,5,5,0,4809300.0,0,801550.0,1202325.0,0.0,1,0.0,0.3333333333333333,15,2404650.0,2404650.0,0.0,0.3333333333333333,0.5,1.5,0.16666666666666666,0.5,0.8333333333333334,3,75
1,1,자연과학계열,2,2,2,0,2,10,2,0,9168720.0,0,833520.0,3056240.0,0.0,2,0.0,0.1818181818181818,4,3056240.0,4584360.0,0.0,0.6666666666666666,0.18181818181818182,0.6666666666666666,0.09090909090909091,0.3333333333333333,0.18181818181818182,4,8
1,0,자연과학계열,2,2,0,1,2,10,2,9,7703160.0,1,700287.2727272727,2567720.0,0.8181818181818182,2,3.0,0.0,4,2567720.0,3851580.0,0.8181818181818182,2.0,0.18181818181818182,0.6666666666666666,0.09090909090909091,0.3333333333333333,0.18181818181818182,4,8
0,0,사회과학계열,4,2,1,0,4,6,2,6,5520000.0,1,788571.4285714285,1104000.0,0.8571428571428571,2,2.0,0.1428571428571428,8,1840000.0,5520000.0,0.8571428571428571,1.0,0.5714285714285714,1.3333333333333333,0.0,0.0,0.2857142857142857,8,16
1,0,자연과학계열,3,4,0,0,2,21,2,20,18624480.0,1,846567.2727272727,4656120.0,0.9090909090909092,4,4.0,0.0,6,3724896.0,9312240.0,0.9090909090909091,4.0,0.13636363636363635,0.6,0.045454545454545456,0.2,0.09090909090909091,8,12
1,0,사회과학계열,3,1,0,0,3,16,4,15,4429800.0,0,260576.4705882353,1107450.0,0.8823529411764706,1,7.5,0.0,12,2214900.0,2214900.0,0.8823529411764706,1.0,0.17647058823529413,1.5,0.058823529411764705,0.5,0.23529411764705882,3,48
1,0,자연과학계열,3,5,0,0,3,37,2,36,26282100.0,1,691634.2105263158,6570525.0,0.9473684210526316,5,6.0,0.0,6,4380350.0,13141050.0,0.9473684210526315,5.0,0.07894736842105263,0.5,0.02631578947368421,0.16666666666666666,0.05263157894736842,15,12
0,0,사회과학계열,3,3,1,0,4,10,2,10,16351620.0,1,1486510.9090909092,4087905.0,0.9090909090909092,3,2.5,0.0909090909090909,6,4087905.0,16351620.0,0.9090909090909091,1.5,0.2727272727272727,0.75,0.0,0.0,0.18181818181818182,12,12
1,0,자연과학계열,3,1,1,1,4,5,3,5,2856600.0,0,476100.0,714150.0,0.8333333333333334,1,2.5,0.1666666666666666,9,1428300.0,1428300.0,0.8333333333333334,0.5,0.5,1.5,0.16666666666666666,0.5,0.5,4,27
1,1,자연과학계열,3,2,4,0,2,7,5,5,8972760.0,0,1121595.0,2243190.0,0.625,2,1.6666666666666667,0.5,15,2990920.0,4486380.0,0.625,0.4,0.375,1.0,0.125,0.3333333333333333,0.625,4,75
1,0,자연과학계열,2,1,1,0,1,3,4,3,4457400.0,0,1114350.0,1485800.0,0.75,1,1.5,0.25,8,2228700.0,2228700.0,0.75,0.5,0.5,1.0,0.25,0.5,1.0,1,32
0,0,자연과학계열,3,3,2,0,1,15,2,5,18772140.0,1,1173258.75,4693035.0,0.3125,3,1.25,0.125,6,4693035.0,18772140.0,0.3125,1.0,0.1875,0.75,0.0,0.0,0.125,3,12
1,0,사회과학계열,4,3,7,0,2,10,6,7,16554480.0,1,1504952.7272727273,3310896.0,0.6363636363636364,3,1.75,0.6363636363636364,24,4138620.0,8277240.0,0.6363636363636364,0.375,0.36363636363636365,1.0,0.09090909090909091,0.25,0.5454545454545454,6,144
1,1,자연과학계열,4,2,1,1,3,8,3,8,7734900.0,0,859433.3333333334,1546980.0,0.8888888888888888,2,2.6666666666666665,0.1111111111111111,12,2578300.0,3867450.0,0.8888888888888888,1.0,0.4444444444444444,1.3333333333333333,0.1111111111111111,0.3333333333333333,0.3333333333333333,6,36
2,0,사회과학계열,3,2,1,1,1,6,6,6,8827860.0,1,1261122.857142857,2206965.0,0.8571428571428571,2,2.0,0.1428571428571428,18,2942620.0,2942620.0,0.8571428571428571,1.0,0.42857142857142855,1.0,0.2857142857142857,0.6666666666666666,0.8571428571428571,2,108
1,0,사회과학계열,3,5,3,0,1,28,4,10,26418720.0,1,910990.3448275862,6604680.0,0.3448275862068966,5,1.6666666666666667,0.1034482758620689,12,4403120.0,13209360.0,0.3448275862068966,1.25,0.10344827586206896,0.5,0.034482758620689655,0.16666666666666666,0.13793103448275862,5,48
1,0,자연과학계열,3,4,3,0,4,21,5,5,24265920.0,1,1102996.3636363635,6066480.0,0.2272727272727272,4,1.0,0.1363636363636363,15,4853184.0,12132960.0,0.22727272727272727,1.0,0.13636363636363635,0.6,0.045454545454545456,0.2,0.22727272727272727,16,75
1,1,사회과학계열,3,2,1,1,3,20,3,20,6771660.0,0,322460.0,1692915.0,0.9523809523809524,2,6.666666666666667,0.0476190476190476,9,2257220.0,3385830.0,0.9523809523809523,1.0,0.14285714285714285,1.0,0.047619047619047616,0.3333333333333333,0.14285714285714285,6,27
2,1,사회과학계열,3,2,1,0,1,10,3,10,6284520.0,0,571320.0,1571130.0,0.9090909090909092,2,3.333333333333333,0.0909090909090909,9,2094840.0,2094840.0,0.9090909090909091,1.0,0.2727272727272727,1.0,0.18181818181818182,0.6666666666666666,0.2727272727272727,2,27
1,0,공학계열,3,2,3,0,4,12,4,10,7472700.0,0,574823.0769230769,1868175.0,0.7692307692307693,2,3.333333333333333,0.2307692307692307,12,2490900.0,3736350.0,0.7692307692307693,0.5,0.23076923076923078,1.0,0.07692307692307693,0.3333333333333333,0.3076923076923077,8,48
2,0,자연과학계열,3,2,1,0,3,5,3,5,6542580.0,1,1090430.0,1635645.0,0.8333333333333334,2,1.6666666666666667,0.1666666666666666,9,2180860.0,2180860.0,0.8333333333333334,1.0,0.5,1.0,0.3333333333333333,0.6666666666666666,0.5,6,27
1,0,사회과학계열,3,1,1,0,2,17,3,17,2918700.0,0,162150.0,729675.0,0.9444444444444444,1,8.5,0.0555555555555555,9,1459350.0,1459350.0,0.9444444444444444,0.5,0.16666666666666666,1.5,0.05555555555555555,0.5,0.16666666666666666,2,27
2,0,사회과학계열,3,1,3,1,4,19,0,1,4362180.0,0,218109.0,1090545.0,0.05,1,0.5,0.15,0,2181090.0,1454060.0,0.05,0.25,0.15,1.5,0.1,1.0,0.0,4,0
1,0,사회과학계열,3,2,9,0,2,10,2,2,7928100.0,1,720736.3636363636,1982025.0,0.1818181818181818,2,0.6666666666666666,0.8181818181818182,6,2642700.0,3964050.0,0.18181818181818182,0.2,0.2727272727272727,1.0,0.09090909090909091,0.3333333333333333,0.18181818181818182,4,12
1,0,자연과학계열,3,1,2,0,4,5,2,3,3274740.0,0,545790.0,818685.0,0.5,1,1.5,0.3333333333333333,6,1637370.0,1637370.0,0.5,0.3333333333333333,0.5,1.5,0.16666666666666666,0.5,0.3333333333333333,4,12
1,0,사회과학계열,3,1,1,1,4,5,3,5,4567800.0,0,761300.0,1141950.0,0.8333333333333334,1,2.5,0.1666666666666666,9,2283900.0,2283900.0,0.8333333333333334,0.5,0.5,1.5,0.16666666666666666,0.5,0.5,4,27
2,0,사회과학계열,3,5,9,0,4,22,4,3,25757700.0,1,1119900.0,6439425.0,0.1304347826086956,5,0.5,0.391304347826087,12,4292950.0,8585900.0,0.13043478260869565,0.5,0.13043478260869565,0.5,0.08695652173913043,0.3333333333333333,0.17391304347826086,20,48
1,0,공학계열,3,2,4,0,4,10,2,8,6189300.0,0,562663.6363636364,1547325.0,0.7272727272727273,2,2.6666666666666665,0.3636363636363636,6,2063100.0,3094650.0,0.7272727272727273,0.4,0.2727272727272727,1.0,0.09090909090909091,0.3333333333333333,0.18181818181818182,8,12
2,1,상경계열,3,1,1,0,3,2,5,2,3848820.0,0,1282940.0,962205.0,0.6666666666666666,1,1.0,0.3333333333333333,15,1924410.0,1282940.0,0.6666666666666666,0.5,1.0,1.5,0.6666666666666666,1.0,1.6666666666666667,3,75
1,1,상경계열,2,2,1,0,2,8,0,8,8042640.0,0,893626.6666666666,2680880.0,0.8888888888888888,2,2.6666666666666665,0.1111111111111111,0,2680880.0,4021320.0,0.8888888888888888,1.0,0.2222222222222222,0.6666666666666666,0.1111111111111111,0.3333333333333333,0.0,4,0
2,0,자연과학계열,3,1,1,0,3,4,3,4,3209880.0,0,641976.0,802470.0,0.8,1,2.0,0.2,9,1604940.0,1069960.0,0.8,0.5,0.6,1.5,0.4,1.0,0.6,3,27
2,1,상경계열,3,4,5,0,4,23,2,20,18664500.0,0,777687.5,4666125.0,0.8333333333333334,4,4.0,0.2083333333333333,6,3732900.0,6221500.0,0.8333333333333334,0.6666666666666666,0.125,0.6,0.08333333333333333,0.4,0.08333333333333333,16,12
1,0,사회과학계열,3,1,1,0,3,0,2,0,1959600.0,0,1959600.0,489900.0,0.0,1,0.0,1.0,6,979800.0,979800.0,0.0,0.5,3.0,1.5,1.0,0.5,2.0,3,12
1,1,상경계열,3,3,0,0,3,12,3,11,11067600.0,0,851353.8461538461,2766900.0,0.8461538461538461,3,2.75,0.0,9,2766900.0,5533800.0,0.8461538461538461,3.0,0.23076923076923078,0.75,0.07692307692307693,0.25,0.23076923076923078,9,27
2,0,사회과학계열,4,1,4,0,4,4,2,1,5089440.0,0,1017888.0,1017888.0,0.2,1,0.5,0.8,8,2544720.0,1696480.0,0.2,0.2,0.8,2.0,0.4,1.0,0.4,4,16
1,0,자연과학계열,1,2,5,0,4,13,3,4,7565160.0,1,540368.5714285715,3782580.0,0.2857142857142857,2,1.3333333333333333,0.3571428571428571,3,2521720.0,3782580.0,0.2857142857142857,0.3333333333333333,0.07142857142857142,0.3333333333333333,0.07142857142857142,0.3333333333333333,0.21428571428571427,8,9
1,1,사회과학계열,3,4,1,0,2,22,2,22,22100700.0,1,960900.0,5525175.0,0.9565217391304348,4,4.4,0.0434782608695652,6,4420140.0,11050350.0,0.9565217391304348,2.0,0.13043478260869565,0.6,0.043478260869565216,0.2,0.08695652173913043,8,12
1,1,자연과학계열,2,1,1,0,1,0,2,0,1656000.0,0,1656000.0,552000.0,0.0,1,0.0,1.0,4,828000.0,828000.0,0.0,0.5,2.0,1.0,1.0,0.5,2.0,1,8
1,0,자연과학계열,4,2,0,0,3,9,2,8,7812180.0,1,781218.0,1562436.0,0.8,2,2.6666666666666665,0.0,8,2604060.0,3906090.0,0.8,2.0,0.4,1.3333333333333333,0.1,0.3333333333333333,0.2,6,16
1,1,공학계열,4,2,4,0,2,10,3,8,9562020.0,0,869274.5454545454,1912404.0,0.7272727272727273,2,2.6666666666666665,0.3636363636363636,12,3187340.0,4781010.0,0.7272727272727273,0.4,0.36363636363636365,1.3333333333333333,0.09090909090909091,0.3333333333333333,0.2727272727272727,4,36
1,0,자연과학계열,4,3,0,0,1,19,5,18,13265940.0,1,663297.0,2653188.0,0.9,3,4.5,0.0,20,3316485.0,6632970.0,0.9,3.0,0.2,1.0,0.05,0.25,0.25,3,100
0,0,사회과학계열,3,2,7,0,3,11,3,9,7830120.0,0,652510.0,1957530.0,0.75,2,3.0,0.5833333333333334,9,2610040.0,7830120.0,0.75,0.25,0.25,1.0,0.0,0.0,0.25,6,27
1,1,사회과학계열,2,2,1,0,3,13,3,13,7567920.0,0,540565.7142857143,2522640.0,0.9285714285714286,2,4.333333333333333,0.0714285714285714,6,2522640.0,3783960.0,0.9285714285714286,1.0,0.14285714285714285,0.6666666666666666,0.07142857142857142,0.3333333333333333,0.21428571428571427,6,18
1,0,사회과학계열,2,3,3,0,3,19,2,10,16644180.0,1,832209.0,5548060.0,0.5,3,2.5,0.15,4,4161045.0,8322090.0,0.5,0.75,0.1,0.5,0.05,0.25,0.1,9,8
0,0,사회과학계열,1,2,2,0,4,12,2,5,7810800.0,1,600830.7692307692,3905400.0,0.3846153846153846,2,1.6666666666666667,0.1538461538461538,2,2603600.0,7810800.0,0.38461538461538464,0.6666666666666666,0.07692307692307693,0.3333333333333333,0.0,0.0,0.15384615384615385,8,4
1,0,공학계열,3,1,0,0,3,6,4,5,6652980.0,0,950425.7142857144,1663245.0,0.7142857142857143,1,2.5,0.0,12,3326490.0,3326490.0,0.7142857142857143,1.0,0.42857142857142855,1.5,0.14285714285714285,0.5,0.5714285714285714,3,48
1,2,인문학,2,2,3,0,4,9,1,2,8845800.0,0,884580.0,2948600.0,0.2,2,0.6666666666666666,0.3,2,2948600.0,4422900.0,0.2,0.5,0.2,0.6666666666666666,0.1,0.3333333333333333,0.1,8,2
2,0,사회과학계열,3,3,1,0,1,24,2,24,7189800.0,0,287592.0,1797450.0,0.96,3,6.0,0.04,6,1797450.0,2396600.0,0.96,1.5,0.12,0.75,0.08,0.5,0.08,3,12
1,0,사회과학계열,3,1,0,0,2,3,2,2,3719100.0,0,929775.0,929775.0,0.5,1,1.0,0.0,6,1859550.0,1859550.0,0.5,1.0,0.75,1.5,0.25,0.5,0.5,2,12
2,0,사회과학계열,3,3,6,0,2,12,2,10,16391640.0,1,1260895.3846153845,4097910.0,0.7692307692307693,3,2.5,0.4615384615384615,6,4097910.0,5463880.0,0.7692307692307693,0.42857142857142855,0.23076923076923078,0.75,0.15384615384615385,0.5,0.15384615384615385,6,12
1,0,자연과학계열,3,4,1,0,4,21,3,21,23553840.0,1,1070629.0909090908,5888460.0,0.9545454545454546,4,4.2,0.0454545454545454,9,4710768.0,11776920.0,0.9545454545454546,2.0,0.13636363636363635,0.6,0.045454545454545456,0.2,0.13636363636363635,16,27
2,0,사회과학계열,3,1,0,0,1,9,5,8,3387900.0,0,338790.0,846975.0,0.8,1,4.0,0.0,15,1693950.0,1129300.0,0.8,1.0,0.3,1.5,0.2,1.0,0.5,1,75
1,0,공학계열,2,4,7,0,4,25,2,7,19270320.0,1,741166.1538461539,6423440.0,0.2692307692307692,4,1.4,0.2692307692307692,4,3854064.0,9635160.0,0.2692307692307692,0.5,0.07692307692307693,0.4,0.038461538461538464,0.2,0.07692307692307693,16,8
1,0,자연과학계열,2,2,2,0,1,11,3,8,6818580.0,0,568215.0,2272860.0,0.6666666666666666,2,2.6666666666666665,0.1666666666666666,6,2272860.0,3409290.0,0.6666666666666666,0.6666666666666666,0.16666666666666666,0.6666666666666666,0.08333333333333333,0.3333333333333333,0.25,2,18
1,0,사회과학계열,3,1,1,0,2,4,2,4,3419640.0,0,683928.0,854910.0,0.8,1,2.0,0.2,6,1709820.0,1709820.0,0.8,0.5,0.6,1.5,0.2,0.5,0.4,2,12
1,1,공학계열,2,2,1,0,4,13,2,13,7214640.0,0,515331.4285714286,2404880.0,0.9285714285714286,2,4.333333333333333,0.0714285714285714,4,2404880.0,3607320.0,0.9285714285714286,1.0,0.14285714285714285,0.6666666666666666,0.07142857142857142,0.3333333333333333,0.14285714285714285,8,8
1,1,사회과학계열,3,2,1,0,1,5,3,5,6179640.0,0,1029940.0,1544910.0,0.8333333333333334,2,1.6666666666666667,0.1666666666666666,9,2059880.0,3089820.0,0.8333333333333334,1.0,0.5,1.0,0.16666666666666666,0.3333333333333333,0.5,2,27
1,1,상경계열,3,2,4,0,4,13,3,7,10414860.0,0,743918.5714285715,2603715.0,0.5,2,2.333333333333333,0.2857142857142857,9,3471620.0,5207430.0,0.5,0.4,0.21428571428571427,1.0,0.07142857142857142,0.3333333333333333,0.21428571428571427,8,27
1,0,자연과학계열,4,2,7,0,3,10,0,7,6975900.0,0,634172.7272727273,1395180.0,0.6363636363636364,2,2.333333333333333,0.6363636363636364,0,2325300.0,3487950.0,0.6363636363636364,0.25,0.36363636363636365,1.3333333333333333,0.09090909090909091,0.3333333333333333,0.0,6,0
1,0,자연과학계열,1,1,5,0,4,5,4,3,4780320.0,0,796720.0,2390160.0,0.5,1,1.5,0.8333333333333334,4,2390160.0,2390160.0,0.5,0.16666666666666666,0.16666666666666666,0.5,0.16666666666666666,0.5,0.6666666666666666,4,16
1,0,자연과학계열,3,2,1,0,4,11,2,10,7969500.0,0,664125.0,1992375.0,0.8333333333333334,2,3.333333333333333,0.0833333333333333,6,2656500.0,3984750.0,0.8333333333333334,1.0,0.25,1.0,0.08333333333333333,0.3333333333333333,0.16666666666666666,8,12
2,0,사회과학계열,2,3,1,1,1,10,2,10,12341340.0,1,1121940.0,4113780.0,0.9090909090909092,3,2.5,0.0909090909090909,4,3085335.0,4113780.0,0.9090909090909091,1.5,0.18181818181818182,0.5,0.18181818181818182,0.5,0.18181818181818182,3,8
2,0,자연과학계열,2,5,1,0,1,21,2,21,26595360.0,1,1208880.0,8865120.0,0.9545454545454546,5,3.5,0.0454545454545454,4,4432560.0,8865120.0,0.9545454545454546,2.5,0.09090909090909091,0.3333333333333333,0.09090909090909091,0.3333333333333333,0.09090909090909091,5,8
1,1,자연과학계열,3,2,4,0,1,12,3,1,7228440.0,0,556033.8461538461,1807110.0,0.0769230769230769,2,0.3333333333333333,0.3076923076923077,9,2409480.0,3614220.0,0.07692307692307693,0.4,0.23076923076923078,1.0,0.07692307692307693,0.3333333333333333,0.23076923076923078,2,27
2,1,상경계열,2,2,3,0,3,9,6,7,6461160.0,0,646116.0,2153720.0,0.7,2,2.333333333333333,0.3,12,2153720.0,2153720.0,0.7,0.5,0.2,0.6666666666666666,0.2,0.6666666666666666,0.6,6,72
1,0,사회과학계열,3,5,4,0,2,21,2,3,25254000.0,1,1147909.0909090908,6313500.0,0.1363636363636363,5,0.5,0.1818181818181818,6,4209000.0,12627000.0,0.13636363636363635,1.0,0.13636363636363635,0.5,0.045454545454545456,0.16666666666666666,0.09090909090909091,10,12
2,0,사회과학계열,2,2,1,0,2,9,3,9,7254660.0,0,725466.0,2418220.0,0.9,2,3.0,0.1,6,2418220.0,2418220.0,0.9,1.0,0.2,0.6666666666666666,0.2,0.6666666666666666,0.3,4,18
0,1,상경계열,3,2,0,0,4,6,0,5,8761620.0,0,1251660.0,2190405.0,0.7142857142857143,2,1.6666666666666667,0.0,0,2920540.0,8761620.0,0.7142857142857143,2.0,0.42857142857142855,1.0,0.0,0.0,0.0,8,0
2,0,사회과학계열,3,2,3,0,4,20,4,4,6719220.0,0,319962.8571428572,1679805.0,0.1904761904761904,2,1.3333333333333333,0.1428571428571428,12,2239740.0,2239740.0,0.19047619047619047,0.5,0.14285714285714285,1.0,0.09523809523809523,0.6666666666666666,0.19047619047619047,8,48
1,0,사회과학계열,3,3,8,0,1,10,1,1,13779300.0,1,1252663.6363636365,3444825.0,0.0909090909090909,3,0.25,0.7272727272727273,3,3444825.0,6889650.0,0.09090909090909091,0.3333333333333333,0.2727272727272727,0.75,0.09090909090909091,0.25,0.09090909090909091,3,3
1,0,기타,3,2,9,0,1,12,3,10,5101860.0,0,392450.7692307693,1275465.0,0.7692307692307693,2,3.333333333333333,0.6923076923076923,9,1700620.0,2550930.0,0.7692307692307693,0.2,0.23076923076923078,1.0,0.07692307692307693,0.3333333333333333,0.23076923076923078,2,27
1,1,자연과학계열,1,2,2,1,3,6,2,4,10290660.0,0,1470094.2857142857,5145330.0,0.5714285714285714,2,1.3333333333333333,0.2857142857142857,2,3430220.0,5145330.0,0.5714285714285714,0.6666666666666666,0.14285714285714285,0.3333333333333333,0.14285714285714285,0.3333333333333333,0.2857142857142857,6,4
1,0,기타,1,1,1,0,4,7,4,7,2924220.0,0,365527.5,1462110.0,0.875,1,3.5,0.125,4,1462110.0,1462110.0,0.875,0.5,0.125,0.5,0.125,0.5,0.5,4,16
1,0,기타,2,1,0,0,3,4,2,3,5496540.0,0,1099308.0,1832180.0,0.6,1,1.5,0.0,4,2748270.0,2748270.0,0.6,1.0,0.4,1.0,0.2,0.5,0.4,3,8
1,1,상경계열,2,2,1,0,3,10,2,10,8442840.0,0,767530.9090909091,2814280.0,0.9090909090909092,2,3.333333333333333,0.0909090909090909,4,2814280.0,4221420.0,0.9090909090909091,1.0,0.18181818181818182,0.6666666666666666,0.09090909090909091,0.3333333333333333,0.18181818181818182,6,8
1,1,상경계열,3,2,1,0,1,8,3,8,8575320.0,0,952813.3333333334,2143830.0,0.8888888888888888,2,2.6666666666666665,0.1111111111111111,9,2858440.0,4287660.0,0.8888888888888888,1.0,0.3333333333333333,1.0,0.1111111111111111,0.3333333333333333,0.3333333333333333,2,27
1,0,자연과학계열,3,2,7,0,3,8,2,6,8758860.0,1,973206.6666666666,2189715.0,0.6666666666666666,2,2.0,0.7777777777777778,6,2919620.0,4379430.0,0.6666666666666666,0.25,0.3333333333333333,1.0,0.1111111111111111,0.3333333333333333,0.2222222222222222,6,12
1,0,사회과학계열,2,3,0,0,2,12,3,11,15883800.0,1,1221830.7692307692,5294600.0,0.8461538461538461,3,2.75,0.0,6,3970950.0,7941900.0,0.8461538461538461,3.0,0.15384615384615385,0.5,0.07692307692307693,0.25,0.23076923076923078,6,18
1,0,자연과학계열,3,3,1,0,3,11,2,11,9857340.0,1,821445.0,2464335.0,0.9166666666666666,3,2.75,0.0833333333333333,6,2464335.0,4928670.0,0.9166666666666666,1.5,0.25,0.75,0.08333333333333333,0.25,0.16666666666666666,9,12
1,1,상경계열,2,2,1,0,1,7,2,7,11409840.0,0,1426230.0,3803280.0,0.875,2,2.333333333333333,0.125,4,3803280.0,5704920.0,0.875,1.0,0.25,0.6666666666666666,0.125,0.3333333333333333,0.25,2,8
1,0,공학계열,3,3,0,0,4,17,5,16,11171100.0,1,620616.6666666666,2792775.0,0.8888888888888888,3,4.0,0.0,15,2792775.0,5585550.0,0.8888888888888888,3.0,0.16666666666666666,0.75,0.05555555555555555,0.25,0.2777777777777778,12,75
1,0,사회과학계열,3,1,1,0,3,4,2,4,4007520.0,0,801504.0,1001880.0,0.8,1,2.0,0.2,6,2003760.0,2003760.0,0.8,0.5,0.6,1.5,0.2,0.5,0.4,3,12
1,0,자연과학계열,2,2,6,0,4,8,3,5,8324160.0,1,924906.6666666666,2774720.0,0.5555555555555556,2,1.6666666666666667,0.6666666666666666,6,2774720.0,4162080.0,0.5555555555555556,0.2857142857142857,0.2222222222222222,0.6666666666666666,0.1111111111111111,0.3333333333333333,0.3333333333333333,8,18
2,1,자연과학계열,3,2,3,0,1,5,3,0,4106880.0,0,684480.0,1026720.0,0.0,2,0.0,0.5,9,1368960.0,1368960.0,0.0,0.5,0.5,1.0,0.3333333333333333,0.6666666666666666,0.5,2,27
1,0,사회과학계열,3,4,2,0,2,16,2,1,22068960.0,1,1298174.1176470588,5517240.0,0.0588235294117647,4,0.2,0.1176470588235294,6,4413792.0,11034480.0,0.058823529411764705,1.3333333333333333,0.17647058823529413,0.6,0.058823529411764705,0.2,0.11764705882352941,8,12
0,1,사회과학계열,3,2,1,0,1,4,3,4,6415620.0,0,1283124.0,1603905.0,0.8,2,1.3333333333333333,0.2,9,2138540.0,6415620.0,0.8,1.0,0.6,1.0,0.0,0.0,0.6,2,27
1,2,공학계열,3,1,0,0,3,4,5,3,3720480.0,0,744096.0,930120.0,0.6,1,1.5,0.0,15,1860240.0,1860240.0,0.6,1.0,0.6,1.5,0.2,0.5,1.0,3,75
1,0,자연과학계열,3,1,1,0,3,8,4,8,3270600.0,0,363400.0,817650.0,0.8888888888888888,1,4.0,0.1111111111111111,12,1635300.0,1635300.0,0.8888888888888888,0.5,0.3333333333333333,1.5,0.1111111111111111,0.5,0.4444444444444444,3,48
1,1,자연과학계열,3,3,3,1,2,15,3,0,17255520.0,1,1078470.0,4313880.0,0.0,3,0.0,0.1875,9,4313880.0,8627760.0,0.0,0.75,0.1875,0.75,0.0625,0.25,0.1875,6,27
1,0,자연과학계열,4,2,4,0,1,13,2,7,8244120.0,0,588865.7142857143,1648824.0,0.5,2,2.333333333333333,0.2857142857142857,8,2748040.0,4122060.0,0.5,0.4,0.2857142857142857,1.3333333333333333,0.07142857142857142,0.3333333333333333,0.14285714285714285,2,16
0,1,공학계열,3,2,7,0,2,4,2,2,6535680.0,0,1307136.0,1633920.0,0.4,2,0.6666666666666666,1.4,6,2178560.0,6535680.0,0.4,0.25,0.6,1.0,0.0,0.0,0.4,4,12
1,1,사회과학계열,3,2,1,0,2,8,3,8,7308480.0,0,812053.3333333334,1827120.0,0.8888888888888888,2,2.6666666666666665,0.1111111111111111,9,2436160.0,3654240.0,0.8888888888888888,1.0,0.3333333333333333,1.0,0.1111111111111111,0.3333333333333333,0.3333333333333333,4,27
1,0,기타,2,2,3,1,2,14,6,1,9357780.0,1,623852.0,3119260.0,0.0666666666666666,2,0.3333333333333333,0.2,12,3119260.0,4678890.0,0.06666666666666667,0.5,0.13333333333333333,0.6666666666666666,0.06666666666666667,0.3333333333333333,0.4,4,72
2,1,공학계열,2,1,1,0,3,3,3,3,3000120.0,0,750030.0,1000040.0,0.75,1,1.5,0.25,6,1500060.0,1000040.0,0.75,0.5,0.5,1.0,0.5,1.0,0.75,3,18
0,1,자연과학계열,3,2,4,0,2,7,6,1,9181140.0,0,1147642.5,2295285.0,0.125,2,0.3333333333333333,0.5,18,3060380.0,9181140.0,0.125,0.4,0.375,1.0,0.0,0.0,0.75,4,108
2,1,자연과학계열,2,3,4,0,1,16,2,13,13384620.0,0,787330.5882352941,4461540.0,0.7647058823529411,3,3.25,0.2352941176470588,4,3346155.0,4461540.0,0.7647058823529411,0.6,0.11764705882352941,0.5,0.11764705882352941,0.5,0.11764705882352941,3,8
1,0,자연과학계열,3,2,2,0,3,15,2,3,9321900.0,1,582618.75,2330475.0,0.1875,2,1.0,0.125,6,3107300.0,4660950.0,0.1875,0.6666666666666666,0.1875,1.0,0.0625,0.3333333333333333,0.125,6,12
1,0,사회과학계열,4,1,3,0,3,10,3,7,3053940.0,0,277630.9090909091,610788.0,0.6363636363636364,1,3.5,0.2727272727272727,12,1526970.0,1526970.0,0.6363636363636364,0.25,0.36363636363636365,2.0,0.09090909090909091,0.5,0.2727272727272727,3,36
0,1,자연과학계열,3,1,1,1,3,3,3,3,3601800.0,0,900450.0,900450.0,0.75,1,1.5,0.25,9,1800900.0,3601800.0,0.75,0.5,0.75,1.5,0.0,0.0,0.75,3,27
1,1,상경계열,3,1,1,0,2,1,2,1,3934380.0,0,1967190.0,983595.0,0.5,1,0.5,0.5,6,1967190.0,1967190.0,0.5,0.5,1.5,1.5,0.5,0.5,1.0,2,12
1,0,자연과학계열,3,1,6,1,2,17,3,5,4763760.0,0,264653.3333333333,1190940.0,0.2777777777777778,1,2.5,0.3333333333333333,9,2381880.0,2381880.0,0.2777777777777778,0.14285714285714285,0.16666666666666666,1.5,0.05555555555555555,0.5,0.16666666666666666,2,27
0,0,자연과학계열,3,2,2,0,3,7,2,1,7256040.0,1,907005.0,1814010.0,0.125,2,0.3333333333333333,0.25,6,2418680.0,7256040.0,0.125,0.6666666666666666,0.375,1.0,0.0,0.0,0.25,6,12
2,1,상경계열,3,2,1,0,3,8,5,8,12909900.0,0,1434433.3333333333,3227475.0,0.8888888888888888,2,2.6666666666666665,0.1111111111111111,15,4303300.0,4303300.0,0.8888888888888888,1.0,0.3333333333333333,1.0,0.2222222222222222,0.6666666666666666,0.5555555555555556,6,75
1,0,공학계열,2,3,6,0,4,20,2,4,14484480.0,1,689737.1428571428,4828160.0,0.1904761904761904,3,1.0,0.2857142857142857,4,3621120.0,7242240.0,0.19047619047619047,0.42857142857142855,0.09523809523809523,0.5,0.047619047619047616,0.25,0.09523809523809523,12,8
1,1,상경계열,2,2,2,0,1,8,6,6,8804400.0,0,978266.6666666666,2934800.0,0.6666666666666666,2,2.0,0.2222222222222222,12,2934800.0,4402200.0,0.6666666666666666,0.6666666666666666,0.2222222222222222,0.6666666666666666,0.1111111111111111,0.3333333333333333,0.6666666666666666,2,72
1,0,사회과학계열,2,1,0,0,4,3,5,2,3666660.0,0,916665.0,1222220.0,0.5,1,1.0,0.0,10,1833330.0,1833330.0,0.5,1.0,0.5,1.0,0.25,0.5,1.25,4,50
1,1,사회과학계열,4,1,1,0,4,1,0,1,3748080.0,0,1874040.0,749616.0,0.5,1,0.5,0.5,0,1874040.0,1874040.0,0.5,0.5,2.0,2.0,0.5,0.5,0.0,4,0
1,0,사회과학계열,3,1,9,0,4,6,4,3,3037380.0,0,433911.4285714286,759345.0,0.4285714285714285,1,1.5,1.2857142857142858,12,1518690.0,1518690.0,0.42857142857142855,0.1,0.42857142857142855,1.5,0.14285714285714285,0.5,0.5714285714285714,4,48
1,0,사회과학계열,2,2,9,0,3,10,5,1,9025200.0,1,820472.7272727273,3008400.0,0.0909090909090909,2,0.3333333333333333,0.8181818181818182,10,3008400.0,4512600.0,0.09090909090909091,0.2,0.18181818181818182,0.6666666666666666,0.09090909090909091,0.3333333333333333,0.45454545454545453,6,50
1,0,자연과학계열,3,1,1,0,2,5,2,5,5266080.0,0,877680.0,1316520.0,0.8333333333333334,1,2.5,0.1666666666666666,6,2633040.0,2633040.0,0.8333333333333334,0.5,0.5,1.5,0.16666666666666666,0.5,0.3333333333333333,2,12
1,1,사회과학계열,3,2,1,0,4,7,1,7,7249140.0,0,906142.5,1812285.0,0.875,2,2.333333333333333,0.125,3,2416380.0,3624570.0,0.875,1.0,0.375,1.0,0.125,0.3333333333333333,0.125,8,3
1,0,기타,2,3,8,1,3,26,2,5,15131700.0,1,560433.3333333334,5043900.0,0.1851851851851851,3,1.25,0.2962962962962963,4,3782925.0,7565850.0,0.18518518518518517,0.3333333333333333,0.07407407407407407,0.5,0.037037037037037035,0.25,0.07407407407407407,9,8
1,1,사회과학계열,3,2,4,0,3,18,2,7,6811680.0,0,358509.4736842105,1702920.0,0.3684210526315789,2,2.333333333333333,0.2105263157894736,6,2270560.0,3405840.0,0.3684210526315789,0.4,0.15789473684210525,1.0,0.05263157894736842,0.3333333333333333,0.10526315789473684,6,12
1,0,사회과학계열,3,1,4,0,2,6,3,2,3509340.0,0,501334.28571428574,877335.0,0.2857142857142857,1,1.0,0.5714285714285714,9,1754670.0,1754670.0,0.2857142857142857,0.2,0.42857142857142855,1.5,0.14285714285714285,0.5,0.42857142857142855,2,27
0,1,상경계열,4,2,8,0,2,9,3,5,7319520.0,0,731952.0,1463904.0,0.5,2,1.6666666666666667,0.8,12,2439840.0,7319520.0,0.5,0.2222222222222222,0.4,1.3333333333333333,0.0,0.0,0.3,4,36
1,0,사회과학계열,3,4,2,0,3,30,2,5,22989420.0,1,741594.1935483871,5747355.0,0.1612903225806451,4,1.0,0.064516129032258,6,4597884.0,11494710.0,0.16129032258064516,1.3333333333333333,0.0967741935483871,0.6,0.03225806451612903,0.2,0.06451612903225806,12,12
1,1,상경계열,3,2,1,0,4,5,2,5,5878800.0,0,979800.0,1469700.0,0.8333333333333334,2,1.6666666666666667,0.1666666666666666,6,1959600.0,2939400.0,0.8333333333333334,1.0,0.5,1.0,0.16666666666666666,0.3333333333333333,0.3333333333333333,8,12
1,1,공학계열,3,1,1,0,1,1,3,1,3416880.0,0,1708440.0,854220.0,0.5,1,0.5,0.5,9,1708440.0,1708440.0,0.5,0.5,1.5,1.5,0.5,0.5,1.5,1,27
2,0,공학계열,3,1,0,1,3,7,2,6,4280760.0,0,535095.0,1070190.0,0.75,1,3.0,0.0,6,2140380.0,1426920.0,0.75,1.0,0.375,1.5,0.25,1.0,0.25,3,12
1,0,자연과학계열,3,1,1,0,4,2,1,2,3096720.0,0,1032240.0,774180.0,0.6666666666666666,1,1.0,0.3333333333333333,3,1548360.0,1548360.0,0.6666666666666666,0.5,1.0,1.5,0.3333333333333333,0.5,0.3333333333333333,4,3
1,1,자연과학계열,2,3,1,0,2,10,2,10,10482480.0,0,952952.7272727272,3494160.0,0.9090909090909092,3,2.5,0.0909090909090909,4,2620620.0,5241240.0,0.9090909090909091,1.5,0.18181818181818182,0.5,0.09090909090909091,0.25,0.18181818181818182,6,8
2,0,공학계열,3,1,9,1,3,3,4,1,3153300.0,0,788325.0,788325.0,0.25,1,0.5,2.25,12,1576650.0,1051100.0,0.25,0.1,0.75,1.5,0.5,1.0,1.0,3,48
1,0,사회과학계열,3,1,1,0,3,18,2,18,4186920.0,0,220364.2105263158,1046730.0,0.9473684210526316,1,9.0,0.0526315789473684,6,2093460.0,2093460.0,0.9473684210526315,0.5,0.15789473684210525,1.5,0.05263157894736842,0.5,0.10526315789473684,3,12
1,1,상경계열,3,2,7,0,3,8,5,5,7886700.0,0,876300.0,1971675.0,0.5555555555555556,2,1.6666666666666667,0.7777777777777778,15,2628900.0,3943350.0,0.5555555555555556,0.25,0.3333333333333333,1.0,0.1111111111111111,0.3333333333333333,0.5555555555555556,6,75
1,0,사회과학계열,3,1,3,0,2,8,5,5,3554880.0,0,394986.6666666667,888720.0,0.5555555555555556,1,2.5,0.3333333333333333,15,1777440.0,1777440.0,0.5555555555555556,0.25,0.3333333333333333,1.5,0.1111111111111111,0.5,0.5555555555555556,2,75
1,0,사회과학계열,3,2,2,0,4,18,2,1,5791860.0,1,304834.7368421053,1447965.0,0.0526315789473684,2,0.3333333333333333,0.1052631578947368,6,1930620.0,2895930.0,0.05263157894736842,0.6666666666666666,0.15789473684210525,1.0,0.05263157894736842,0.3333333333333333,0.10526315789473684,8,12
1,0,사회과학계열,2,4,1,0,3,25,3,25,19783680.0,1,760910.7692307692,6594560.0,0.9615384615384616,4,5.0,0.0384615384615384,6,3956736.0,9891840.0,0.9615384615384616,2.0,0.07692307692307693,0.4,0.038461538461538464,0.2,0.11538461538461539,12,18
1,0,자연과학계열,2,2,6,1,2,20,3,1,4758240.0,0,226582.85714285716,1586080.0,0.0476190476190476,2,0.3333333333333333,0.2857142857142857,6,1586080.0,2379120.0,0.047619047619047616,0.2857142857142857,0.09523809523809523,0.6666666666666666,0.047619047619047616,0.3333333333333333,0.14285714285714285,4,18
1,0,자연과학계열,3,5,4,0,3,24,4,4,26780280.0,1,1071211.2,6695070.0,0.16,5,0.6666666666666666,0.16,12,4463380.0,13390140.0,0.16,1.0,0.12,0.5,0.04,0.16666666666666666,0.16,15,48
0,1,상경계열,3,2,9,0,1,6,3,3,9022440.0,0,1288920.0,2255610.0,0.4285714285714285,2,1.0,1.2857142857142858,9,3007480.0,9022440.0,0.42857142857142855,0.2,0.42857142857142855,1.0,0.0,0.0,0.42857142857142855,2,27
1,0,자연과학계열,3,2,1,0,2,13,5,13,5942280.0,1,424448.5714285714,1485570.0,0.9285714285714286,2,4.333333333333333,0.0714285714285714,15,1980760.0,2971140.0,0.9285714285714286,1.0,0.21428571428571427,1.0,0.07142857142857142,0.3333333333333333,0.35714285714285715,4,75
2,0,자연과학계열,3,1,7,1,1,8,1,3,3116040.0,0,346226.6666666667,779010.0,0.3333333333333333,1,1.5,0.7777777777777778,3,1558020.0,1038680.0,0.3333333333333333,0.125,0.3333333333333333,1.5,0.2222222222222222,1.0,0.1111111111111111,1,3
1,0,기타,3,2,4,0,4,8,3,5,6240360.0,1,693373.3333333334,1560090.0,0.5555555555555556,2,1.6666666666666667,0.4444444444444444,9,2080120.0,3120180.0,0.5555555555555556,0.4,0.3333333333333333,1.0,0.1111111111111111,0.3333333333333333,0.3333333333333333,8,27
1,1,사회과학계열,2,2,1,0,2,5,3,5,6192060.0,0,1032010.0,2064020.0,0.8333333333333334,2,1.6666666666666667,0.1666666666666666,6,2064020.0,3096030.0,0.8333333333333334,1.0,0.3333333333333333,0.6666666666666666,0.16666666666666666,0.3333333333333333,0.5,4,18
0,0,자연과학계열,3,2,3,0,1,15,2,13,6139620.0,0,383726.25,1534905.0,0.8125,2,4.333333333333333,0.1875,6,2046540.0,6139620.0,0.8125,0.5,0.1875,1.0,0.0,0.0,0.125,2,12
1,0,사회과학계열,2,1,1,0,3,4,3,4,3060840.0,0,612168.0,1020280.0,0.8,1,2.0,0.2,6,1530420.0,1530420.0,0.8,0.5,0.4,1.0,0.2,0.5,0.6,3,18
2,0,사회과학계열,3,5,1,0,3,21,3,21,26491860.0,1,1204175.4545454546,6622965.0,0.9545454545454546,5,3.5,0.0454545454545454,9,4415310.0,8830620.0,0.9545454545454546,2.5,0.13636363636363635,0.5,0.09090909090909091,0.3333333333333333,0.13636363636363635,15,27
2,1,사회과학계열,4,4,9,0,4,36,0,7,18232560.0,0,492771.8918918919,3646512.0,0.1891891891891892,4,1.4,0.2432432432432432,0,3646512.0,6077520.0,0.1891891891891892,0.4,0.10810810810810811,0.8,0.05405405405405406,0.4,0.0,16,0
1,1,공학계열,3,2,0,0,2,6,6,5,9076260.0,0,1296608.5714285714,2269065.0,0.7142857142857143,2,1.6666666666666667,0.0,18,3025420.0,4538130.0,0.7142857142857143,2.0,0.42857142857142855,1.0,0.14285714285714285,0.3333333333333333,0.8571428571428571,4,108
1,1,상경계열,4,3,1,0,3,10,2,10,11580960.0,0,1052814.5454545454,2316192.0,0.9090909090909092,3,2.5,0.0909090909090909,8,2895240.0,5790480.0,0.9090909090909091,1.5,0.36363636363636365,1.0,0.09090909090909091,0.25,0.18181818181818182,9,16
1,0,자연과학계열,3,2,1,0,4,10,2,10,6290040.0,0,571821.8181818182,1572510.0,0.9090909090909092,2,3.333333333333333,0.0909090909090909,6,2096680.0,3145020.0,0.9090909090909091,1.0,0.2727272727272727,1.0,0.09090909090909091,0.3333333333333333,0.18181818181818182,8,12
1,0,자연과학계열,3,1,5,0,3,6,5,2,5562780.0,0,794682.8571428572,1390695.0,0.2857142857142857,1,1.0,0.7142857142857143,15,2781390.0,2781390.0,0.2857142857142857,0.16666666666666666,0.42857142857142855,1.5,0.14285714285714285,0.5,0.7142857142857143,3,75
1,0,자연과학계열,2,3,2,0,3,28,4,5,10997220.0,1,379214.4827586207,3665740.0,0.1724137931034483,3,1.25,0.0689655172413793,8,2749305.0,5498610.0,0.1724137931034483,1.0,0.06896551724137931,0.5,0.034482758620689655,0.25,0.13793103448275862,9,32
1,0,사회과학계열,3,1,3,1,4,8,3,2,3662520.0,0,406946.6666666667,915630.0,0.2222222222222222,1,1.0,0.3333333333333333,9,1831260.0,1831260.0,0.2222222222222222,0.25,0.3333333333333333,1.5,0.1111111111111111,0.5,0.3333333333333333,4,27
1,0,사회과학계열,3,4,2,0,4,31,2,5,22845900.0,1,713934.375,5711475.0,0.15625,4,1.0,0.0625,6,4569180.0,11422950.0,0.15625,1.3333333333333333,0.09375,0.6,0.03125,0.2,0.0625,16,12
2,0,사회과학계열,3,2,2,0,2,19,3,5,6287280.0,0,314364.0,1571820.0,0.25,2,1.6666666666666667,0.1,9,2095760.0,2095760.0,0.25,0.6666666666666666,0.15,1.0,0.1,0.6666666666666666,0.15,4,27
1,0,사회과학계열,1,2,2,1,3,11,2,5,8405580.0,1,700465.0,4202790.0,0.4166666666666667,2,1.6666666666666667,0.1666666666666666,2,2801860.0,4202790.0,0.4166666666666667,0.6666666666666666,0.08333333333333333,0.3333333333333333,0.08333333333333333,0.3333333333333333,0.16666666666666666,6,4
1,0,사회과학계열,3,5,5,0,4,33,5,29,27001080.0,1,794149.4117647059,6750270.0,0.8529411764705882,5,4.833333333333333,0.1470588235294117,15,4500180.0,13500540.0,0.8529411764705882,0.8333333333333334,0.08823529411764706,0.5,0.029411764705882353,0.16666666666666666,0.14705882352941177,20,75
1,0,자연과학계열,3,2,2,0,3,19,5,10,6637800.0,1,331890.0,1659450.0,0.5,2,3.333333333333333,0.1,15,2212600.0,3318900.0,0.5,0.6666666666666666,0.15,1.0,0.05,0.3333333333333333,0.25,6,75
2,0,공학계열,2,2,0,0,4,7,4,6,6241740.0,1,780217.5,2080580.0,0.75,2,2.0,0.0,8,2080580.0,2080580.0,0.75,2.0,0.25,0.6666666666666666,0.25,0.6666666666666666,0.5,8,32
1,1,공학계열,3,1,1,0,2,6,4,5,4418760.0,0,631251.4285714285,1104690.0,0.7142857142857143,1,2.5,0.1428571428571428,12,2209380.0,2209380.0,0.7142857142857143,0.5,0.42857142857142855,1.5,0.14285714285714285,0.5,0.5714285714285714,2,48
2,1,상경계열,1,1,0,0,4,3,3,2,3244380.0,0,811095.0,1622190.0,0.5,1,1.0,0.0,3,1622190.0,1081460.0,0.5,1.0,0.25,0.5,0.5,1.0,0.75,4,9
2,0,사회과학계열,3,1,1,1,3,1,3,1,2348760.0,0,1174380.0,587190.0,0.5,1,0.5,0.5,9,1174380.0,782920.0,0.5,0.5,1.5,1.5,1.0,1.0,1.5,3,27
1,1,사회과학계열,3,5,0,0,4,21,2,20,24896580.0,1,1131662.7272727273,6224145.0,0.9090909090909092,5,3.333333333333333,0.0,6,4149430.0,12448290.0,0.9090909090909091,5.0,0.13636363636363635,0.5,0.045454545454545456,0.16666666666666666,0.09090909090909091,20,12
1,0,사회과학계열,3,1,1,1,2,3,3,3,3982680.0,0,995670.0,995670.0,0.75,1,1.5,0.25,9,1991340.0,1991340.0,0.75,0.5,0.75,1.5,0.25,0.5,0.75,2,27
0,0,사회과학계열,3,1,4,0,3,9,3,5,2893860.0,0,289386.0,723465.0,0.5,1,2.5,0.4,9,1446930.0,2893860.0,0.5,0.2,0.3,1.5,0.0,0.0,0.3,3,27
1,0,자연과학계열,2,3,1,0,3,10,2,10,16470300.0,1,1497300.0,5490100.0,0.9090909090909092,3,2.5,0.0909090909090909,4,4117575.0,8235150.0,0.9090909090909091,1.5,0.18181818181818182,0.5,0.09090909090909091,0.25,0.18181818181818182,9,8
1,0,공학계열,2,1,5,0,2,6,2,2,3513480.0,0,501925.7142857143,1171160.0,0.2857142857142857,1,1.0,0.7142857142857143,4,1756740.0,1756740.0,0.2857142857142857,0.16666666666666666,0.2857142857142857,1.0,0.14285714285714285,0.5,0.2857142857142857,2,8
1,2,공학계열,2,1,1,0,3,1,3,1,3538320.0,0,1769160.0,1179440.0,0.5,1,0.5,0.5,6,1769160.0,1769160.0,0.5,0.5,1.0,1.0,0.5,0.5,1.5,3,18
0,1,기타,3,3,0,0,3,10,3,9,11608560.0,0,1055323.6363636365,2902140.0,0.8181818181818182,3,2.25,0.0,9,2902140.0,11608560.0,0.8181818181818182,3.0,0.2727272727272727,0.75,0.0,0.0,0.2727272727272727,9,27
1,1,상경계열,2,4,3,0,3,32,3,1,19482840.0,1,590389.0909090909,6494280.0,0.0303030303030303,4,0.2,0.0909090909090909,6,3896568.0,9741420.0,0.030303030303030304,1.0,0.06060606060606061,0.4,0.030303030303030304,0.2,0.09090909090909091,12,18
1,0,사회과학계열,2,4,0,0,2,28,2,27,23523480.0,1,811154.4827586206,7841160.0,0.9310344827586208,4,5.4,0.0,4,4704696.0,11761740.0,0.9310344827586207,4.0,0.06896551724137931,0.4,0.034482758620689655,0.2,0.06896551724137931,8,8
0,0,자연과학계열,3,1,0,0,3,12,2,11,3538320.0,0,272178.4615384616,884580.0,0.8461538461538461,1,5.5,0.0,6,1769160.0,3538320.0,0.8461538461538461,1.0,0.23076923076923078,1.5,0.0,0.0,0.15384615384615385,3,12
2,1,상경계열,2,3,4,0,4,22,5,18,14167080.0,0,615960.0,4722360.0,0.782608695652174,3,4.5,0.1739130434782608,10,3541770.0,4722360.0,0.782608695652174,0.6,0.08695652173913043,0.5,0.08695652173913043,0.5,0.21739130434782608,12,50
1,0,자연과학계열,3,2,5,0,3,20,2,5,6996600.0,1,333171.4285714286,1749150.0,0.238095238095238,2,1.6666666666666667,0.238095238095238,6,2332200.0,3498300.0,0.23809523809523808,0.3333333333333333,0.14285714285714285,1.0,0.047619047619047616,0.3333333333333333,0.09523809523809523,6,12
1,0,사회과학계열,3,4,6,0,3,26,2,3,24648180.0,1,912895.5555555556,6162045.0,0.1111111111111111,4,0.6,0.2222222222222222,6,4929636.0,12324090.0,0.1111111111111111,0.5714285714285714,0.1111111111111111,0.6,0.037037037037037035,0.2,0.07407407407407407,12,12
1,0,사회과학계열,1,1,0,0,3,6,2,5,5837400.0,0,833914.2857142857,2918700.0,0.7142857142857143,1,2.5,0.0,2,2918700.0,2918700.0,0.7142857142857143,1.0,0.14285714285714285,0.5,0.14285714285714285,0.5,0.2857142857142857,3,4
1,0,사회과학계열,3,2,7,0,3,19,3,1,5216400.0,0,260820.0,1304100.0,0.05,2,0.3333333333333333,0.35,9,1738800.0,2608200.0,0.05,0.25,0.15,1.0,0.05,0.3333333333333333,0.15,6,27
1,0,사회과학계열,2,1,3,0,3,14,3,7,3819840.0,0,254656.0,1273280.0,0.4666666666666667,1,3.5,0.2,6,1909920.0,1909920.0,0.4666666666666667,0.25,0.13333333333333333,1.0,0.06666666666666667,0.5,0.2,3,18
1,1,상경계열,2,3,2,0,3,15,3,3,12517980.0,0,782373.75,4172660.0,0.1875,3,0.75,0.125,6,3129495.0,6258990.0,0.1875,1.0,0.125,0.5,0.0625,0.25,0.1875,9,18
1,0,사회과학계열,3,3,1,1,4,13,6,13,14694240.0,1,1049588.5714285714,3673560.0,0.9285714285714286,3,3.25,0.0714285714285714,18,3673560.0,7347120.0,0.9285714285714286,1.5,0.21428571428571427,0.75,0.07142857142857142,0.25,0.42857142857142855,12,108
1,0,자연과학계열,3,3,7,0,4,15,2,7,18781800.0,1,1173862.5,4695450.0,0.4375,3,1.75,0.4375,6,4695450.0,9390900.0,0.4375,0.375,0.1875,0.75,0.0625,0.25,0.125,12,12
1,0,자연과학계열,1,1,7,0,1,8,2,4,4703040.0,0,522560.0,2351520.0,0.4444444444444444,1,2.0,0.7777777777777778,2,2351520.0,2351520.0,0.4444444444444444,0.125,0.1111111111111111,0.5,0.1111111111111111,0.5,0.2222222222222222,1,4
1,1,상경계열,3,1,0,0,1,4,3,3,4116540.0,0,823308.0,1029135.0,0.6,1,1.5,0.0,9,2058270.0,2058270.0,0.6,1.0,0.6,1.5,0.2,0.5,0.6,1,27
1,0,사회과학계열,3,3,4,0,3,10,2,8,10532160.0,1,957469.0909090908,2633040.0,0.7272727272727273,3,2.0,0.3636363636363636,6,2633040.0,5266080.0,0.7272727272727273,0.6,0.2727272727272727,0.75,0.09090909090909091,0.25,0.18181818181818182,9,12
2,0,사회과학계열,3,3,3,0,1,12,2,1,13557120.0,1,1042855.3846153846,3389280.0,0.0769230769230769,3,0.25,0.2307692307692307,6,3389280.0,4519040.0,0.07692307692307693,0.75,0.23076923076923078,0.75,0.15384615384615385,0.5,0.15384615384615385,3,12
2,2,인문학,3,3,9,0,3,11,2,3,13731000.0,0,1144250.0,3432750.0,0.25,3,0.75,0.75,6,3432750.0,4577000.0,0.25,0.3,0.25,0.75,0.16666666666666666,0.5,0.16666666666666666,9,12
2,0,기타,3,1,4,0,4,8,4,2,2888340.0,0,320926.6666666667,722085.0,0.2222222222222222,1,1.0,0.4444444444444444,12,1444170.0,962780.0,0.2222222222222222,0.2,0.3333333333333333,1.5,0.2222222222222222,1.0,0.4444444444444444,4,48
0,1,자연과학계열,3,3,1,0,4,10,3,10,13772400.0,0,1252036.3636363635,3443100.0,0.9090909090909092,3,2.5,0.0909090909090909,9,3443100.0,13772400.0,0.9090909090909091,1.5,0.2727272727272727,0.75,0.0,0.0,0.2727272727272727,12,27
2,0,공학계열,2,1,5,0,3,4,3,2,5373720.0,0,1074744.0,1791240.0,0.4,1,1.0,1.0,6,2686860.0,1791240.0,0.4,0.16666666666666666,0.4,1.0,0.4,1.0,0.6,3,18
1,1,상경계열,3,2,2,0,1,14,2,9,5590380.0,0,372692.0,1397595.0,0.6,2,3.0,0.1333333333333333,6,1863460.0,2795190.0,0.6,0.6666666666666666,0.2,1.0,0.06666666666666667,0.3333333333333333,0.13333333333333333,2,12
1,1,사회과학계열,3,4,3,1,4,37,2,10,23232300.0,1,611376.3157894737,5808075.0,0.2631578947368421,4,2.0,0.0789473684210526,6,4646460.0,11616150.0,0.2631578947368421,1.0,0.07894736842105263,0.6,0.02631578947368421,0.2,0.05263157894736842,16,12
0,1,사회과학계열,3,2,7,0,4,16,3,14,8597400.0,0,505729.4117647059,2149350.0,0.8235294117647058,2,4.666666666666667,0.4117647058823529,9,2865800.0,8597400.0,0.8235294117647058,0.25,0.17647058823529413,1.0,0.0,0.0,0.17647058823529413,8,27
1,1,상경계열,3,2,9,0,3,15,2,11,6509460.0,0,406841.25,1627365.0,0.6875,2,3.6666666666666665,0.5625,6,2169820.0,3254730.0,0.6875,0.2,0.1875,1.0,0.0625,0.3333333333333333,0.125,6,12
1,0,사회과학계열,3,4,7,0,3,22,3,20,18267060.0,1,794220.0,4566765.0,0.8695652173913043,4,4.0,0.3043478260869565,9,3653412.0,9133530.0,0.8695652173913043,0.5,0.13043478260869565,0.6,0.043478260869565216,0.2,0.13043478260869565,12,27
2,0,사회과학계열,3,1,1,0,1,8,3,8,5181900.0,0,575766.6666666666,1295475.0,0.8888888888888888,1,4.0,0.1111111111111111,9,2590950.0,1727300.0,0.8888888888888888,0.5,0.3333333333333333,1.5,0.2222222222222222,1.0,0.3333333333333333,1,27
1,1,사회과학계열,3,2,4,0,3,10,2,6,9083160.0,0,825741.8181818182,2270790.0,0.5454545454545454,2,2.0,0.3636363636363636,6,3027720.0,4541580.0,0.5454545454545454,0.4,0.2727272727272727,1.0,0.09090909090909091,0.3333333333333333,0.18181818181818182,6,12
1,0,자연과학계열,3,3,1,1,4,10,5,10,10220280.0,1,929116.3636363636,2555070.0,0.9090909090909092,3,2.5,0.0909090909090909,15,2555070.0,5110140.0,0.9090909090909091,1.5,0.2727272727272727,0.75,0.09090909090909091,0.25,0.45454545454545453,12,75
1,1,기타,3,2,0,0,2,9,3,8,6630900.0,0,663090.0,1657725.0,0.8,2,2.6666666666666665,0.0,9,2210300.0,3315450.0,0.8,2.0,0.3,1.0,0.1,0.3333333333333333,0.3,4,27
2,2,사회과학계열,3,1,0,0,2,8,2,7,3782580.0,0,420286.6666666667,945645.0,0.7777777777777778,1,3.5,0.0,6,1891290.0,1260860.0,0.7777777777777778,1.0,0.3333333333333333,1.5,0.2222222222222222,1.0,0.2222222222222222,2,12
1,0,공학계열,3,2,4,0,2,8,2,3,5881560.0,1,653506.6666666666,1470390.0,0.3333333333333333,2,1.0,0.4444444444444444,6,1960520.0,2940780.0,0.3333333333333333,0.4,0.3333333333333333,1.0,0.1111111111111111,0.3333333333333333,0.2222222222222222,4,12
1,0,자연과학계열,4,4,4,0,3,10,2,6,22333920.0,1,2030356.3636363635,4466784.0,0.5454545454545454,4,1.2,0.3636363636363636,8,4466784.0,11166960.0,0.5454545454545454,0.8,0.36363636363636365,0.8,0.09090909090909091,0.2,0.18181818181818182,12,16
1,1,사회과학계열,2,3,9,1,3,10,3,5,15948660.0,1,1449878.181818182,5316220.0,0.4545454545454545,3,1.25,0.8181818181818182,6,3987165.0,7974330.0,0.45454545454545453,0.3,0.18181818181818182,0.5,0.09090909090909091,0.25,0.2727272727272727,9,18
2,1,상경계열,3,1,1,0,4,0,3,0,2591640.0,0,2591640.0,647910.0,0.0,1,0.0,1.0,9,1295820.0,863880.0,0.0,0.5,3.0,1.5,2.0,1.0,3.0,4,27
0,1,기타,1,3,3,0,3,20,2,1,15086160.0,0,718388.5714285715,7543080.0,0.0476190476190476,3,0.25,0.1428571428571428,2,3771540.0,15086160.0,0.047619047619047616,0.75,0.047619047619047616,0.25,0.0,0.0,0.09523809523809523,9,4
0,0,기타,2,2,2,0,1,10,3,8,9399180.0,1,854470.9090909091,3133060.0,0.7272727272727273,2,2.6666666666666665,0.1818181818181818,6,3133060.0,9399180.0,0.7272727272727273,0.6666666666666666,0.18181818181818182,0.6666666666666666,0.0,0.0,0.2727272727272727,2,18
1,1,자연과학계열,3,2,5,0,1,8,5,0,5942280.0,0,660253.3333333334,1485570.0,0.0,2,0.0,0.5555555555555556,15,1980760.0,2971140.0,0.0,0.3333333333333333,0.3333333333333333,1.0,0.1111111111111111,0.3333333333333333,0.5555555555555556,2,75
1,1,자연과학계열,3,2,1,0,4,5,3,5,6705420.0,0,1117570.0,1676355.0,0.8333333333333334,2,1.6666666666666667,0.1666666666666666,9,2235140.0,3352710.0,0.8333333333333334,1.0,0.5,1.0,0.16666666666666666,0.3333333333333333,0.5,8,27
1,1,사회과학계열,4,2,1,0,4,10,3,10,7365060.0,0,669550.9090909091,1473012.0,0.9090909090909092,2,3.333333333333333,0.0909090909090909,12,2455020.0,3682530.0,0.9090909090909091,1.0,0.36363636363636365,1.3333333333333333,0.09090909090909091,0.3333333333333333,0.2727272727272727,8,36
1,0,공학계열,1,1,1,0,2,1,3,1,3229200.0,0,1614600.0,1614600.0,0.5,1,0.5,0.5,3,1614600.0,1614600.0,0.5,0.5,0.5,0.5,0.5,0.5,1.5,2,9
1,0,공학계열,3,3,4,0,4,12,3,6,10337580.0,1,795198.4615384615,2584395.0,0.4615384615384615,3,1.5,0.3076923076923077,9,2584395.0,5168790.0,0.46153846153846156,0.6,0.23076923076923078,0.75,0.07692307692307693,0.25,0.23076923076923078,12,27
2,0,자연과학계열,3,3,5,0,4,28,3,2,14527260.0,1,500940.0,3631815.0,0.0689655172413793,3,0.5,0.1724137931034483,9,3631815.0,4842420.0,0.06896551724137931,0.5,0.10344827586206896,0.75,0.06896551724137931,0.5,0.10344827586206896,12,27
1,1,사회과학계열,3,4,7,0,2,22,2,18,22901100.0,1,995700.0,5725275.0,0.782608695652174,4,3.6,0.3043478260869565,6,4580220.0,11450550.0,0.782608695652174,0.5,0.13043478260869565,0.6,0.043478260869565216,0.2,0.08695652173913043,8,12
0,1,자연과학계열,3,3,1,0,4,9,6,9,12190920.0,0,1219092.0,3047730.0,0.9,3,2.25,0.1,18,3047730.0,12190920.0,0.9,1.5,0.3,0.75,0.0,0.0,0.6,12,108
1,0,공학계열,3,2,3,0,2,18,3,10,7696260.0,0,405066.3157894737,1924065.0,0.5263157894736842,2,3.333333333333333,0.1578947368421052,9,2565420.0,3848130.0,0.5263157894736842,0.5,0.15789473684210525,1.0,0.05263157894736842,0.3333333333333333,0.15789473684210525,4,27
0,1,기타,4,2,8,0,4,6,2,4,6495660.0,0,927951.4285714284,1299132.0,0.5714285714285714,2,1.3333333333333333,1.1428571428571428,8,2165220.0,6495660.0,0.5714285714285714,0.2222222222222222,0.5714285714285714,1.3333333333333333,0.0,0.0,0.2857142857142857,8,16
2,1,자연과학계열,3,1,0,0,3,3,3,2,3312000.0,0,828000.0,828000.0,0.5,1,1.0,0.0,9,1656000.0,1104000.0,0.5,1.0,0.75,1.5,0.5,1.0,0.75,3,27
1,0,자연과학계열,3,2,3,0,3,18,4,1,13557120.0,1,713532.6315789474,3389280.0,0.0526315789473684,2,0.3333333333333333,0.1578947368421052,12,4519040.0,6778560.0,0.05263157894736842,0.5,0.15789473684210525,1.0,0.05263157894736842,0.3333333333333333,0.21052631578947367,6,48
1,0,사회과학계열,3,2,6,0,2,8,2,6,8896860.0,1,988540.0,2224215.0,0.6666666666666666,2,2.0,0.6666666666666666,6,2965620.0,4448430.0,0.6666666666666666,0.2857142857142857,0.3333333333333333,1.0,0.1111111111111111,0.3333333333333333,0.2222222222222222,4,12
1,0,사회과학계열,2,5,1,0,3,31,5,31,26912760.0,1,841023.75,8970920.0,0.96875,5,5.166666666666667,0.03125,10,4485460.0,13456380.0,0.96875,2.5,0.0625,0.3333333333333333,0.03125,0.16666666666666666,0.15625,15,50
1,0,자연과학계열,4,1,1,0,2,6,3,6,3760500.0,0,537214.2857142857,752100.0,0.8571428571428571,1,3.0,0.1428571428571428,12,1880250.0,1880250.0,0.8571428571428571,0.5,0.5714285714285714,2.0,0.14285714285714285,0.5,0.42857142857142855,2,36
1,1,상경계열,3,2,1,1,4,6,5,5,8655360.0,0,1236480.0,2163840.0,0.7142857142857143,2,1.6666666666666667,0.1428571428571428,15,2885120.0,4327680.0,0.7142857142857143,1.0,0.42857142857142855,1.0,0.14285714285714285,0.3333333333333333,0.7142857142857143,8,75
1,0,기타,2,1,1,1,4,1,2,1,2935260.0,0,1467630.0,978420.0,0.5,1,0.5,0.5,4,1467630.0,1467630.0,0.5,0.5,1.0,1.0,0.5,0.5,1.0,4,8
2,2,자연과학계열,3,5,1,0,3,32,2,32,25116000.0,1,761090.9090909091,6279000.0,0.9696969696969696,5,5.333333333333333,0.0303030303030303,6,4186000.0,8372000.0,0.9696969696969697,2.5,0.09090909090909091,0.5,0.06060606060606061,0.3333333333333333,0.06060606060606061,15,12
1,1,자연과학계열,3,1,1,0,3,7,1,7,2892480.0,0,361560.0,723120.0,0.875,1,3.5,0.125,3,1446240.0,1446240.0,0.875,0.5,0.375,1.5,0.125,0.5,0.125,3,3
2,0,사회과학계열,3,1,1,0,4,6,4,6,3982680.0,0,568954.2857142857,995670.0,0.8571428571428571,1,3.0,0.1428571428571428,12,1991340.0,1327560.0,0.8571428571428571,0.5,0.42857142857142855,1.5,0.2857142857142857,1.0,0.5714285714285714,4,48
2,1,사회과학계열,2,1,1,0,3,1,2,1,2805540.0,0,1402770.0,935180.0,0.5,1,0.5,0.5,4,1402770.0,935180.0,0.5,0.5,1.0,1.0,1.0,1.0,1.0,3,8
1,0,사회과학계열,2,1,1,0,4,6,3,6,4998360.0,0,714051.4285714285,1666120.0,0.8571428571428571,1,3.0,0.1428571428571428,6,2499180.0,2499180.0,0.8571428571428571,0.5,0.2857142857142857,1.0,0.14285714285714285,0.5,0.42857142857142855,4,18
1,1,자연과학계열,3,2,2,0,3,9,2,3,5841540.0,0,584154.0,1460385.0,0.3,2,1.0,0.2,6,1947180.0,2920770.0,0.3,0.6666666666666666,0.3,1.0,0.1,0.3333333333333333,0.2,6,12
1,0,기타,2,2,4,0,4,9,3,3,5079780.0,0,507978.0,1693260.0,0.3,2,1.0,0.4,6,1693260.0,2539890.0,0.3,0.4,0.2,0.6666666666666666,0.1,0.3333333333333333,0.3,8,18
1,1,자연과학계열,4,2,4,1,4,13,4,7,7534800.0,0,538200.0,1506960.0,0.5,2,2.333333333333333,0.2857142857142857,16,2511600.0,3767400.0,0.5,0.4,0.2857142857142857,1.3333333333333333,0.07142857142857142,0.3333333333333333,0.2857142857142857,8,64
1,0,자연과학계열,2,1,0,0,3,6,5,5,3018060.0,0,431151.4285714286,1006020.0,0.7142857142857143,1,2.5,0.0,10,1509030.0,1509030.0,0.7142857142857143,1.0,0.2857142857142857,1.0,0.14285714285714285,0.5,0.7142857142857143,3,50
1,1,상경계열,3,2,4,0,3,17,3,3,13250760.0,0,736153.3333333334,3312690.0,0.1666666666666666,2,1.0,0.2222222222222222,9,4416920.0,6625380.0,0.16666666666666666,0.4,0.16666666666666666,1.0,0.05555555555555555,0.3333333333333333,0.16666666666666666,6,27
1,0,사회과학계열,2,1,1,0,4,1,0,1,3913680.0,0,1956840.0,1304560.0,0.5,1,0.5,0.5,0,1956840.0,1956840.0,0.5,0.5,1.0,1.0,0.5,0.5,0.0,4,0
1,0,사회과학계열,3,2,1,0,2,10,4,10,5642820.0,1,512983.6363636364,1410705.0,0.9090909090909092,2,3.333333333333333,0.0909090909090909,12,1880940.0,2821410.0,0.9090909090909091,1.0,0.2727272727272727,1.0,0.09090909090909091,0.3333333333333333,0.36363636363636365,4,48
1,0,기타,2,4,4,0,3,21,3,1,22945260.0,1,1042966.3636363636,7648420.0,0.0454545454545454,4,0.2,0.1818181818181818,6,4589052.0,11472630.0,0.045454545454545456,0.8,0.09090909090909091,0.4,0.045454545454545456,0.2,0.13636363636363635,12,18
1,0,사회과학계열,3,1,3,0,4,8,3,0,3614220.0,0,401580.0,903555.0,0.0,1,0.0,0.3333333333333333,9,1807110.0,1807110.0,0.0,0.25,0.3333333333333333,1.5,0.1111111111111111,0.5,0.3333333333333333,4,27
2,0,자연과학계열,3,2,3,0,2,10,3,8,7837020.0,0,712456.3636363636,1959255.0,0.7272727272727273,2,2.6666666666666665,0.2727272727272727,9,2612340.0,2612340.0,0.7272727272727273,0.5,0.2727272727272727,1.0,0.18181818181818182,0.6666666666666666,0.2727272727272727,4,27
1,0,사회과학계열,2,4,7,0,1,21,3,3,21254760.0,1,966125.4545454546,7084920.0,0.1363636363636363,4,0.6,0.3181818181818182,6,4250952.0,10627380.0,0.13636363636363635,0.5,0.09090909090909091,0.4,0.045454545454545456,0.2,0.13636363636363635,4,18
1,2,사회과학계열,2,2,4,0,2,10,1,2,8259300.0,0,750845.4545454546,2753100.0,0.1818181818181818,2,0.6666666666666666,0.3636363636363636,2,2753100.0,4129650.0,0.18181818181818182,0.4,0.18181818181818182,0.6666666666666666,0.09090909090909091,0.3333333333333333,0.09090909090909091,4,2
1,1,공학계열,3,1,1,0,4,8,3,8,3559020.0,0,395446.6666666667,889755.0,0.8888888888888888,1,4.0,0.1111111111111111,9,1779510.0,1779510.0,0.8888888888888888,0.5,0.3333333333333333,1.5,0.1111111111111111,0.5,0.3333333333333333,4,27
1,1,상경계열,3,1,0,0,2,5,3,4,4196580.0,0,699430.0,1049145.0,0.6666666666666666,1,2.0,0.0,9,2098290.0,2098290.0,0.6666666666666666,1.0,0.5,1.5,0.16666666666666666,0.5,0.5,2,27
1,1,공학계열,3,1,1,0,3,3,2,3,4756860.0,0,1189215.0,1189215.0,0.75,1,1.5,0.25,6,2378430.0,2378430.0,0.75,0.5,0.75,1.5,0.25,0.5,0.5,3,12
1,0,기타,3,5,4,0,1,26,2,2,26927940.0,1,997331.1111111112,6731985.0,0.074074074074074,5,0.3333333333333333,0.1481481481481481,6,4487990.0,13463970.0,0.07407407407407407,1.0,0.1111111111111111,0.5,0.037037037037037035,0.16666666666666666,0.07407407407407407,5,12
1,0,자연과학계열,3,1,0,1,4,3,3,2,3826740.0,0,956685.0,956685.0,0.5,1,1.0,0.0,9,1913370.0,1913370.0,0.5,1.0,0.75,1.5,0.25,0.5,0.75,4,27
1,1,상경계열,3,2,0,0,4,6,3,5,9803520.0,0,1400502.857142857,2450880.0,0.7142857142857143,2,1.6666666666666667,0.0,9,3267840.0,4901760.0,0.7142857142857143,2.0,0.42857142857142855,1.0,0.14285714285714285,0.3333333333333333,0.42857142857142855,8,27
1,0,사회과학계열,3,2,1,0,4,6,2,6,8724360.0,0,1246337.142857143,2181090.0,0.8571428571428571,2,2.0,0.1428571428571428,6,2908120.0,4362180.0,0.8571428571428571,1.0,0.42857142857142855,1.0,0.14285714285714285,0.3333333333333333,0.2857142857142857,8,12
2,0,자연과학계열,3,1,1,1,3,1,2,1,2874540.0,0,1437270.0,718635.0,0.5,1,0.5,0.5,6,1437270.0,958180.0,0.5,0.5,1.5,1.5,1.0,1.0,1.0,3,12
1,1,자연과학계열,3,2,7,1,4,18,2,14,11565780.0,0,608725.2631578947,2891445.0,0.7368421052631579,2,4.666666666666667,0.3684210526315789,6,3855260.0,5782890.0,0.7368421052631579,0.25,0.15789473684210525,1.0,0.05263157894736842,0.3333333333333333,0.10526315789473684,8,12
1,0,사회과학계열,3,1,1,0,4,10,4,10,3713580.0,0,337598.1818181818,928395.0,0.9090909090909092,1,5.0,0.0909090909090909,12,1856790.0,1856790.0,0.9090909090909091,0.5,0.2727272727272727,1.5,0.09090909090909091,0.5,0.36363636363636365,4,48
2,1,사회과학계열,3,2,2,0,4,5,4,1,5914680.0,0,985780.0,1478670.0,0.1666666666666666,2,0.3333333333333333,0.3333333333333333,12,1971560.0,1971560.0,0.16666666666666666,0.6666666666666666,0.5,1.0,0.3333333333333333,0.6666666666666666,0.6666666666666666,8,48
1,0,사회과학계열,3,1,1,0,3,3,2,3,3669420.0,0,917355.0,917355.0,0.75,1,1.5,0.25,6,1834710.0,1834710.0,0.75,0.5,0.75,1.5,0.25,0.5,0.5,3,12
1,0,기타,3,3,1,0,3,10,2,10,13018920.0,1,1183538.181818182,3254730.0,0.9090909090909092,3,2.5,0.0909090909090909,6,3254730.0,6509460.0,0.9090909090909091,1.5,0.2727272727272727,0.75,0.09090909090909091,0.25,0.18181818181818182,9,12
1,1,자연과학계열,3,2,1,0,1,6,5,6,7674180.0,0,1096311.4285714286,1918545.0,0.8571428571428571,2,2.0,0.1428571428571428,15,2558060.0,3837090.0,0.8571428571428571,1.0,0.42857142857142855,1.0,0.14285714285714285,0.3333333333333333,0.7142857142857143,2,75
1,0,사회과학계열,1,2,1,0,2,17,3,17,9171480.0,0,509526.6666666667,4585740.0,0.9444444444444444,2,5.666666666666667,0.0555555555555555,3,3057160.0,4585740.0,0.9444444444444444,1.0,0.05555555555555555,0.3333333333333333,0.05555555555555555,0.3333333333333333,0.16666666666666666,4,9
2,0,사회과학계열,3,2,3,1,3,15,2,13,10660500.0,1,666281.25,2665125.0,0.8125,2,4.333333333333333,0.1875,6,3553500.0,3553500.0,0.8125,0.5,0.1875,1.0,0.125,0.6666666666666666,0.125,6,12
1,2,자연과학계열,3,3,2,0,3,16,1,9,14800500.0,0,870617.6470588235,3700125.0,0.5294117647058824,3,2.25,0.1176470588235294,3,3700125.0,7400250.0,0.5294117647058824,1.0,0.17647058823529413,0.75,0.058823529411764705,0.25,0.058823529411764705,9,3
1,0,자연과학계열,2,2,2,0,3,13,2,3,12208860.0,1,872061.4285714285,4069620.0,0.2142857142857142,2,1.0,0.1428571428571428,4,4069620.0,6104430.0,0.21428571428571427,0.6666666666666666,0.14285714285714285,0.6666666666666666,0.07142857142857142,0.3333333333333333,0.14285714285714285,6,8
1,0,자연과학계열,2,1,0,0,4,5,0,4,2822100.0,0,470350.0,940700.0,0.6666666666666666,1,2.0,0.0,0,1411050.0,1411050.0,0.6666666666666666,1.0,0.3333333333333333,1.0,0.16666666666666666,0.5,0.0,4,0
1,0,자연과학계열,3,1,1,0,4,1,5,1,1392420.0,0,696210.0,348105.0,0.5,1,0.5,0.5,15,696210.0,696210.0,0.5,0.5,1.5,1.5,0.5,0.5,2.5,4,75
2,0,사회과학계열,3,1,1,0,1,10,3,10,4620240.0,0,420021.8181818182,1155060.0,0.9090909090909092,1,5.0,0.0909090909090909,9,2310120.0,1540080.0,0.9090909090909091,0.5,0.2727272727272727,1.5,0.18181818181818182,1.0,0.2727272727272727,1,27
0,0,사회과학계열,2,1,1,0,3,1,3,1,1767780.0,0,883890.0,589260.0,0.5,1,0.5,0.5,6,883890.0,1767780.0,0.5,0.5,1.0,1.0,0.0,0.0,1.5,3,18
1,0,자연과학계열,4,1,2,0,1,5,3,3,3890220.0,0,648370.0,778044.0,0.5,1,1.5,0.3333333333333333,12,1945110.0,1945110.0,0.5,0.3333333333333333,0.6666666666666666,2.0,0.16666666666666666,0.5,0.5,1,36
1,1,사회과학계열,4,2,0,1,3,4,4,3,6694380.0,0,1338876.0,1338876.0,0.6,2,1.0,0.0,16,2231460.0,3347190.0,0.6,2.0,0.8,1.3333333333333333,0.2,0.3333333333333333,0.8,6,64
1,1,상경계열,2,2,0,1,1,8,2,7,5558640.0,0,617626.6666666666,1852880.0,0.7777777777777778,2,2.333333333333333,0.0,4,1852880.0,2779320.0,0.7777777777777778,2.0,0.2222222222222222,0.6666666666666666,0.1111111111111111,0.3333333333333333,0.2222222222222222,2,8
2,0,사회과학계열,1,1,1,0,4,10,5,10,3753600.0,0,341236.36363636365,1876800.0,0.9090909090909092,1,5.0,0.0909090909090909,5,1876800.0,1251200.0,0.9090909090909091,0.5,0.09090909090909091,0.5,0.18181818181818182,1.0,0.45454545454545453,4,25
1,1,상경계열,4,2,3,0,4,12,3,2,11205600.0,0,861969.2307692308,2241120.0,0.1538461538461538,2,0.6666666666666666,0.2307692307692307,12,3735200.0,5602800.0,0.15384615384615385,0.5,0.3076923076923077,1.3333333333333333,0.07692307692307693,0.3333333333333333,0.23076923076923078,8,36
2,1,자연과학계열,4,2,1,1,2,6,3,6,6412860.0,0,916122.8571428572,1282572.0,0.8571428571428571,2,2.0,0.1428571428571428,12,2137620.0,2137620.0,0.8571428571428571,1.0,0.5714285714285714,1.3333333333333333,0.2857142857142857,0.6666666666666666,0.42857142857142855,4,36
1,0,사회과학계열,4,1,3,0,1,4,2,1,6458400.0,0,1291680.0,1291680.0,0.2,1,0.5,0.6,8,3229200.0,3229200.0,0.2,0.25,0.8,2.0,0.2,0.5,0.4,1,16
1,0,자연과학계열,4,1,1,0,3,20,3,20,4444980.0,0,211665.7142857143,888996.0,0.9523809523809524,1,10.0,0.0476190476190476,12,2222490.0,2222490.0,0.9523809523809523,0.5,0.19047619047619047,2.0,0.047619047619047616,0.5,0.14285714285714285,3,36
1,0,자연과학계열,2,3,1,0,2,9,3,8,11896980.0,1,1189698.0,3965660.0,0.8,3,2.0,0.1,6,2974245.0,5948490.0,0.8,1.5,0.2,0.5,0.1,0.25,0.3,6,18
1,1,사회과학계열,3,2,9,0,1,4,3,2,6316260.0,0,1263252.0,1579065.0,0.4,2,0.6666666666666666,1.8,9,2105420.0,3158130.0,0.4,0.2,0.6,1.0,0.2,0.3333333333333333,0.6,2,27
1,0,공학계열,2,2,1,0,1,20,4,20,6283140.0,1,299197.14285714284,2094380.0,0.9523809523809524,2,6.666666666666667,0.0476190476190476,8,2094380.0,3141570.0,0.9523809523809523,1.0,0.09523809523809523,0.6666666666666666,0.047619047619047616,0.3333333333333333,0.19047619047619047,2,32
1,1,상경계열,3,2,1,0,4,10,2,10,7446480.0,0,676952.7272727273,1861620.0,0.9090909090909092,2,3.333333333333333,0.0909090909090909,6,2482160.0,3723240.0,0.9090909090909091,1.0,0.2727272727272727,1.0,0.09090909090909091,0.3333333333333333,0.18181818181818182,8,12
2,1,공학계열,3,2,3,0,1,18,4,4,9378480.0,0,493604.2105263158,2344620.0,0.2105263157894736,2,1.3333333333333333,0.1578947368421052,12,3126160.0,3126160.0,0.21052631578947367,0.5,0.15789473684210525,1.0,0.10526315789473684,0.6666666666666666,0.21052631578947367,2,48
1,0,사회과학계열,4,2,0,0,3,10,4,9,10522500.0,1,956590.9090909092,2104500.0,0.8181818181818182,2,3.0,0.0,16,3507500.0,5261250.0,0.8181818181818182,2.0,0.36363636363636365,1.3333333333333333,0.09090909090909091,0.3333333333333333,0.36363636363636365,6,64
1,0,사회과학계열,3,3,1,0,4,9,3,9,10228560.0,1,1022856.0,2557140.0,0.9,3,2.25,0.1,9,2557140.0,5114280.0,0.9,1.5,0.3,0.75,0.1,0.25,0.3,12,27
1,0,사회과학계열,3,3,3,0,4,10,6,7,15399420.0,1,1399947.2727272727,3849855.0,0.6363636363636364,3,1.75,0.2727272727272727,18,3849855.0,7699710.0,0.6363636363636364,0.75,0.2727272727272727,0.75,0.09090909090909091,0.25,0.5454545454545454,12,108
1,1,상경계열,3,2,2,0,4,20,2,7,6844800.0,0,325942.8571428572,1711200.0,0.3333333333333333,2,2.333333333333333,0.0952380952380952,6,2281600.0,3422400.0,0.3333333333333333,0.6666666666666666,0.14285714285714285,1.0,0.047619047619047616,0.3333333333333333,0.09523809523809523,8,12
2,1,사회과학계열,2,3,5,1,3,20,2,18,14455500.0,0,688357.1428571428,4818500.0,0.8571428571428571,3,4.5,0.238095238095238,4,3613875.0,4818500.0,0.8571428571428571,0.5,0.09523809523809523,0.5,0.09523809523809523,0.5,0.09523809523809523,9,8
1,0,사회과학계열,4,4,3,0,3,32,3,5,20443320.0,1,619494.5454545454,4088664.0,0.1515151515151515,4,1.0,0.0909090909090909,12,4088664.0,10221660.0,0.15151515151515152,1.0,0.12121212121212122,0.8,0.030303030303030304,0.2,0.09090909090909091,12,36
1,2,인문학,2,5,3,0,2,23,2,21,26414580.0,1,1100607.5,8804860.0,0.875,5,3.5,0.125,4,4402430.0,13207290.0,0.875,1.25,0.08333333333333333,0.3333333333333333,0.041666666666666664,0.16666666666666666,0.08333333333333333,10,8
1,1,상경계열,3,2,8,0,4,10,1,2,7458900.0,0,678081.8181818182,1864725.0,0.1818181818181818,2,0.6666666666666666,0.7272727272727273,3,2486300.0,3729450.0,0.18181818181818182,0.2222222222222222,0.2727272727272727,1.0,0.09090909090909091,0.3333333333333333,0.09090909090909091,8,3
2,0,사회과학계열,3,3,1,1,3,9,4,9,12134340.0,1,1213434.0,3033585.0,0.9,3,2.25,0.1,12,3033585.0,4044780.0,0.9,1.5,0.3,0.75,0.2,0.5,0.4,9,48
1,2,인문학,2,5,1,0,2,22,3,22,26480820.0,1,1151340.0,8826940.0,0.9565217391304348,5,3.6666666666666665,0.0434782608695652,6,4413470.0,13240410.0,0.9565217391304348,2.5,0.08695652173913043,0.3333333333333333,0.043478260869565216,0.16666666666666666,0.13043478260869565,10,18
1,1,상경계열,3,1,7,0,4,4,2,2,5347500.0,0,1069500.0,1336875.0,0.4,1,1.0,1.4,6,2673750.0,2673750.0,0.4,0.125,0.6,1.5,0.2,0.5,0.4,4,12
1,0,사회과학계열,1,1,7,0,4,10,4,7,3058080.0,0,278007.2727272727,1529040.0,0.6363636363636364,1,3.5,0.6363636363636364,4,1529040.0,1529040.0,0.6363636363636364,0.125,0.09090909090909091,0.5,0.09090909090909091,0.5,0.36363636363636365,4,16
0,0,사회과학계열,4,3,9,0,1,10,2,8,16163940.0,1,1469449.0909090908,3232788.0,0.7272727272727273,3,2.0,0.8181818181818182,8,4040985.0,16163940.0,0.7272727272727273,0.3,0.36363636363636365,1.0,0.0,0.0,0.18181818181818182,3,16
1,0,사회과학계열,3,3,4,0,4,10,4,1,10848180.0,1,986198.1818181818,2712045.0,0.0909090909090909,3,0.25,0.3636363636363636,12,2712045.0,5424090.0,0.09090909090909091,0.6,0.2727272727272727,0.75,0.09090909090909091,0.25,0.36363636363636365,12,48
0,0,자연과학계열,1,1,2,0,3,9,5,5,5117040.0,0,511704.0,2558520.0,0.5,1,2.5,0.2,5,2558520.0,5117040.0,0.5,0.3333333333333333,0.1,0.5,0.0,0.0,0.5,3,25
2,1,자연과학계열,3,4,9,0,4,28,2,22,19002600.0,0,655262.0689655172,4750650.0,0.7586206896551724,4,4.4,0.3103448275862069,6,3800520.0,6334200.0,0.7586206896551724,0.4,0.10344827586206896,0.6,0.06896551724137931,0.4,0.06896551724137931,16,12
1,1,상경계열,3,2,7,1,4,10,2,8,7319520.0,0,665410.9090909091,1829880.0,0.7272727272727273,2,2.6666666666666665,0.6363636363636364,6,2439840.0,3659760.0,0.7272727272727273,0.25,0.2727272727272727,1.0,0.09090909090909091,0.3333333333333333,0.18181818181818182,8,12
1,1,사회과학계열,3,1,1,0,3,1,6,1,3645960.0,0,1822980.0,911490.0,0.5,1,0.5,0.5,18,1822980.0,1822980.0,0.5,0.5,1.5,1.5,0.5,0.5,3.0,3,108
2,0,자연과학계열,4,1,6,0,4,7,2,2,3807420.0,0,475927.5,761484.0,0.25,1,1.0,0.75,8,1903710.0,1269140.0,0.25,0.14285714285714285,0.5,2.0,0.25,1.0,0.25,4,16
2,1,사회과학계열,2,2,3,0,3,7,5,2,9389520.0,0,1173690.0,3129840.0,0.25,2,0.6666666666666666,0.375,10,3129840.0,3129840.0,0.25,0.5,0.25,0.6666666666666666,0.25,0.6666666666666666,0.625,6,50
1,0,자연과학계열,3,2,3,0,4,10,2,5,8475960.0,1,770541.8181818182,2118990.0,0.4545454545454545,2,1.6666666666666667,0.2727272727272727,6,2825320.0,4237980.0,0.45454545454545453,0.5,0.2727272727272727,1.0,0.09090909090909091,0.3333333333333333,0.18181818181818182,8,12
1,0,자연과학계열,3,1,1,0,4,5,2,4,3450000.0,0,575000.0,862500.0,0.6666666666666666,1,2.0,0.1666666666666666,6,1725000.0,1725000.0,0.6666666666666666,0.5,0.5,1.5,0.16666666666666666,0.5,0.3333333333333333,4,12
1,2,인문학,4,2,9,0,3,12,3,8,8816820.0,0,678216.9230769231,1763364.0,0.6153846153846154,2,2.6666666666666665,0.6923076923076923,12,2938940.0,4408410.0,0.6153846153846154,0.2,0.3076923076923077,1.3333333333333333,0.07692307692307693,0.3333333333333333,0.23076923076923078,6,36
1,0,자연과학계열,3,4,7,0,3,30,1,10,15322140.0,1,494262.5806451613,3830535.0,0.3225806451612903,4,2.0,0.2258064516129032,3,3064428.0,7661070.0,0.3225806451612903,0.5,0.0967741935483871,0.6,0.03225806451612903,0.2,0.03225806451612903,12,3
1,0,자연과학계열,2,1,0,1,4,5,2,4,3231960.0,0,538660.0,1077320.0,0.6666666666666666,1,2.0,0.0,4,1615980.0,1615980.0,0.6666666666666666,1.0,0.3333333333333333,1.0,0.16666666666666666,0.5,0.3333333333333333,4,8
1,0,자연과학계열,2,2,8,0,1,9,2,7,9399180.0,1,939918.0,3133060.0,0.7,2,2.333333333333333,0.8,4,3133060.0,4699590.0,0.7,0.2222222222222222,0.2,0.6666666666666666,0.1,0.3333333333333333,0.2,2,8
1,1,상경계열,3,1,1,0,4,2,2,2,3169860.0,0,1056620.0,792465.0,0.6666666666666666,1,1.0,0.3333333333333333,6,1584930.0,1584930.0,0.6666666666666666,0.5,1.0,1.5,0.3333333333333333,0.5,0.6666666666666666,4,12
1,0,사회과학계열,3,2,2,0,4,19,4,2,3381000.0,0,169050.0,845250.0,0.1,2,0.6666666666666666,0.1,12,1127000.0,1690500.0,0.1,0.6666666666666666,0.15,1.0,0.05,0.3333333333333333,0.2,8,48
0,0,사회과학계열,3,2,2,0,1,16,2,1,7028340.0,1,413431.7647058824,1757085.0,0.0588235294117647,2,0.3333333333333333,0.1176470588235294,6,2342780.0,7028340.0,0.058823529411764705,0.6666666666666666,0.17647058823529413,1.0,0.0,0.0,0.11764705882352941,2,12
2,0,사회과학계열,3,2,1,0,4,10,2,10,7326420.0,0,666038.1818181818,1831605.0,0.9090909090909092,2,3.333333333333333,0.0909090909090909,6,2442140.0,2442140.0,0.9090909090909091,1.0,0.2727272727272727,1.0,0.18181818181818182,0.6666666666666666,0.18181818181818182,8,12
1,0,자연과학계열,3,1,6,0,2,6,0,1,4218660.0,0,602665.7142857143,1054665.0,0.1428571428571428,1,0.5,0.8571428571428571,0,2109330.0,2109330.0,0.14285714285714285,0.14285714285714285,0.42857142857142855,1.5,0.14285714285714285,0.5,0.0,2,0
1,0,사회과학계열,3,2,3,0,3,7,3,0,7066980.0,1,883372.5,1766745.0,0.0,2,0.0,0.375,9,2355660.0,3533490.0,0.0,0.5,0.375,1.0,0.125,0.3333333333333333,0.375,6,27
1,1,상경계열,2,4,1,0,1,34,3,34,23261280.0,1,664608.0,7753760.0,0.9714285714285714,4,6.8,0.0285714285714285,6,4652256.0,11630640.0,0.9714285714285714,2.0,0.05714285714285714,0.4,0.02857142857142857,0.2,0.08571428571428572,4,18
1,0,기타,3,1,1,0,3,10,2,10,3706680.0,0,336970.9090909091,926670.0,0.9090909090909092,1,5.0,0.0909090909090909,6,1853340.0,1853340.0,0.9090909090909091,0.5,0.2727272727272727,1.5,0.09090909090909091,0.5,0.18181818181818182,3,12
1,1,자연과학계열,3,2,1,1,2,6,5,6,8528400.0,0,1218342.857142857,2132100.0,0.8571428571428571,2,2.0,0.1428571428571428,15,2842800.0,4264200.0,0.8571428571428571,1.0,0.42857142857142855,1.0,0.14285714285714285,0.3333333333333333,0.7142857142857143,4,75
1,1,공학계열,1,2,0,0,1,9,3,8,9152160.0,0,915216.0,4576080.0,0.8,2,2.6666666666666665,0.0,3,3050720.0,4576080.0,0.8,2.0,0.1,0.3333333333333333,0.1,0.3333333333333333,0.3,2,9
1,0,자연과학계열,4,1,1,0,4,2,3,2,4836900.0,0,1612300.0,967380.0,0.6666666666666666,1,1.0,0.3333333333333333,12,2418450.0,2418450.0,0.6666666666666666,0.5,1.3333333333333333,2.0,0.3333333333333333,0.5,1.0,4,36
2,1,사회과학계열,4,2,4,0,4,8,2,5,8827860.0,0,980873.3333333334,1765572.0,0.5555555555555556,2,1.6666666666666667,0.4444444444444444,8,2942620.0,2942620.0,0.5555555555555556,0.4,0.4444444444444444,1.3333333333333333,0.2222222222222222,0.6666666666666666,0.2222222222222222,8,16
1,1,기타,3,2,1,1,3,6,5,6,8658120.0,0,1236874.2857142857,2164530.0,0.8571428571428571,2,2.0,0.1428571428571428,15,2886040.0,4329060.0,0.8571428571428571,1.0,0.42857142857142855,1.0,0.14285714285714285,0.3333333333333333,0.7142857142857143,6,75
1,0,자연과학계열,3,5,5,0,4,24,2,5,27405420.0,1,1096216.8,6851355.0,0.2,5,0.8333333333333334,0.2,6,4567570.0,13702710.0,0.2,0.8333333333333334,0.12,0.5,0.04,0.16666666666666666,0.08,20,12
0,1,사회과학계열,2,3,1,0,2,10,1,10,10470060.0,0,951823.6363636364,3490020.0,0.9090909090909092,3,2.5,0.0909090909090909,2,2617515.0,10470060.0,0.9090909090909091,1.5,0.18181818181818182,0.5,0.0,0.0,0.09090909090909091,6,2
0,0,자연과학계열,3,1,0,0,1,5,3,4,5876040.0,0,979340.0,1469010.0,0.6666666666666666,1,2.0,0.0,9,2938020.0,5876040.0,0.6666666666666666,1.0,0.5,1.5,0.0,0.0,0.5,1,27
2,0,사회과학계열,1,1,3,0,1,5,2,2,6022320.0,0,1003720.0,3011160.0,0.3333333333333333,1,1.0,0.5,2,3011160.0,2007440.0,0.3333333333333333,0.25,0.16666666666666666,0.5,0.3333333333333333,1.0,0.3333333333333333,1,4
1,0,자연과학계열,3,2,4,0,1,11,3,8,5982300.0,1,498525.0,1495575.0,0.6666666666666666,2,2.6666666666666665,0.3333333333333333,9,1994100.0,2991150.0,0.6666666666666666,0.4,0.25,1.0,0.08333333333333333,0.3333333333333333,0.25,2,27
1,1,공학계열,2,2,6,0,3,6,2,4,7349880.0,0,1049982.857142857,2449960.0,0.5714285714285714,2,1.3333333333333333,0.8571428571428571,4,2449960.0,3674940.0,0.5714285714285714,0.2857142857142857,0.2857142857142857,0.6666666666666666,0.14285714285714285,0.3333333333333333,0.2857142857142857,6,8
1,0,사회과학계열,4,1,2,0,3,10,2,4,4526400.0,0,411490.9090909091,905280.0,0.3636363636363636,1,2.0,0.1818181818181818,8,2263200.0,2263200.0,0.36363636363636365,0.3333333333333333,0.36363636363636365,2.0,0.09090909090909091,0.5,0.18181818181818182,3,16
1,0,자연과학계열,3,2,9,0,2,9,4,5,7569300.0,1,756930.0,1892325.0,0.5,2,1.6666666666666667,0.9,12,2523100.0,3784650.0,0.5,0.2,0.3,1.0,0.1,0.3333333333333333,0.4,4,48
2,1,상경계열,3,2,0,0,2,5,3,4,5991960.0,0,998660.0,1497990.0,0.6666666666666666,2,1.3333333333333333,0.0,9,1997320.0,1997320.0,0.6666666666666666,2.0,0.5,1.0,0.3333333333333333,0.6666666666666666,0.5,4,27
1,0,사회과학계열,3,1,0,0,2,6,3,5,3839160.0,0,548451.4285714285,959790.0,0.7142857142857143,1,2.5,0.0,9,1919580.0,1919580.0,0.7142857142857143,1.0,0.42857142857142855,1.5,0.14285714285714285,0.5,0.42857142857142855,2,27
2,0,사회과학계열,4,2,6,0,4,17,2,15,8252400.0,1,458466.6666666667,1650480.0,0.8333333333333334,2,5.0,0.3333333333333333,8,2750800.0,2750800.0,0.8333333333333334,0.2857142857142857,0.2222222222222222,1.3333333333333333,0.1111111111111111,0.6666666666666666,0.1111111111111111,8,16
1,0,자연과학계열,2,1,1,0,3,6,3,6,6045780.0,0,863682.8571428572,2015260.0,0.8571428571428571,1,3.0,0.1428571428571428,6,3022890.0,3022890.0,0.8571428571428571,0.5,0.2857142857142857,1.0,0.14285714285714285,0.5,0.42857142857142855,3,18
1,1,사회과학계열,3,1,1,0,2,3,1,3,3549360.0,0,887340.0,887340.0,0.75,1,1.5,0.25,3,1774680.0,1774680.0,0.75,0.5,0.75,1.5,0.25,0.5,0.25,2,3
1,0,사회과학계열,1,1,3,1,3,7,2,2,5289540.0,0,661192.5,2644770.0,0.25,1,1.0,0.375,2,2644770.0,2644770.0,0.25,0.25,0.125,0.5,0.125,0.5,0.25,3,4
2,0,자연과학계열,4,2,1,1,4,8,2,8,5856720.0,1,650746.6666666666,1171344.0,0.8888888888888888,2,2.6666666666666665,0.1111111111111111,8,1952240.0,1952240.0,0.8888888888888888,1.0,0.4444444444444444,1.3333333333333333,0.2222222222222222,0.6666666666666666,0.2222222222222222,8,16
1,1,사회과학계열,3,2,5,0,2,6,1,3,8970000.0,0,1281428.5714285714,2242500.0,0.4285714285714285,2,1.0,0.7142857142857143,3,2990000.0,4485000.0,0.42857142857142855,0.3333333333333333,0.42857142857142855,1.0,0.14285714285714285,0.3333333333333333,0.14285714285714285,4,3
2,0,사회과학계열,3,5,1,0,2,24,4,24,25433400.0,1,1017336.0,6358350.0,0.96,5,4.0,0.04,12,4238900.0,8477800.0,0.96,2.5,0.12,0.5,0.08,0.3333333333333333,0.16,10,48
1,0,사회과학계열,4,1,1,1,3,1,2,0,2209380.0,0,1104690.0,441876.0,0.0,1,0.0,0.5,8,1104690.0,1104690.0,0.0,0.5,2.0,2.0,0.5,0.5,1.0,3,16
0,0,사회과학계열,2,1,1,0,3,1,4,1,3717720.0,0,1858860.0,1239240.0,0.5,1,0.5,0.5,8,1858860.0,3717720.0,0.5,0.5,1.0,1.0,0.0,0.0,2.0,3,32
1,0,사회과학계열,3,2,8,1,2,9,3,5,4345620.0,0,434562.0,1086405.0,0.5,2,1.6666666666666667,0.8,9,1448540.0,2172810.0,0.5,0.2222222222222222,0.3,1.0,0.1,0.3333333333333333,0.3,4,27
1,0,자연과학계열,3,4,5,0,4,30,3,4,24341820.0,1,785220.0,6085455.0,0.1290322580645161,4,0.8,0.1612903225806451,9,4868364.0,12170910.0,0.12903225806451613,0.6666666666666666,0.0967741935483871,0.6,0.03225806451612903,0.2,0.0967741935483871,16,27
1,0,사회과학계열,2,1,1,0,4,1,1,1,3200220.0,0,1600110.0,1066740.0,0.5,1,0.5,0.5,2,1600110.0,1600110.0,0.5,0.5,1.0,1.0,0.5,0.5,0.5,4,2
1,0,자연과학계열,3,3,0,0,4,14,3,13,16133580.0,1,1075572.0,4033395.0,0.8666666666666667,3,3.25,0.0,9,4033395.0,8066790.0,0.8666666666666667,3.0,0.2,0.75,0.06666666666666667,0.25,0.2,12,27
1,1,상경계열,3,2,5,0,3,6,3,3,7347120.0,0,1049588.5714285714,1836780.0,0.4285714285714285,2,1.0,0.7142857142857143,9,2449040.0,3673560.0,0.42857142857142855,0.3333333333333333,0.42857142857142855,1.0,0.14285714285714285,0.3333333333333333,0.42857142857142855,6,27
1,0,기타,3,4,1,0,3,26,3,26,23117760.0,1,856213.3333333334,5779440.0,0.9629629629629628,4,5.2,0.037037037037037,9,4623552.0,11558880.0,0.9629629629629629,2.0,0.1111111111111111,0.6,0.037037037037037035,0.2,0.1111111111111111,12,27
1,0,기타,3,2,0,0,1,10,2,9,7214640.0,1,655876.3636363636,1803660.0,0.8181818181818182,2,3.0,0.0,6,2404880.0,3607320.0,0.8181818181818182,2.0,0.2727272727272727,1.0,0.09090909090909091,0.3333333333333333,0.18181818181818182,2,12
1,0,사회과학계열,4,1,1,1,3,10,3,10,3726000.0,0,338727.2727272727,745200.0,0.9090909090909092,1,5.0,0.0909090909090909,12,1863000.0,1863000.0,0.9090909090909091,0.5,0.36363636363636365,2.0,0.09090909090909091,0.5,0.2727272727272727,3,36
1,0,사회과학계열,3,5,7,0,4,40,2,31,26559480.0,1,647792.1951219512,6639870.0,0.7560975609756098,5,5.166666666666667,0.1707317073170731,6,4426580.0,13279740.0,0.7560975609756098,0.625,0.07317073170731707,0.5,0.024390243902439025,0.16666666666666666,0.04878048780487805,20,12
1,0,사회과학계열,4,1,3,0,3,7,0,2,3458280.0,0,432285.0,691656.0,0.25,1,1.0,0.375,0,1729140.0,1729140.0,0.25,0.25,0.5,2.0,0.125,0.5,0.0,3,0
1,0,사회과학계열,2,2,9,0,4,8,4,4,8365560.0,1,929506.6666666666,2788520.0,0.4444444444444444,2,1.3333333333333333,1.0,8,2788520.0,4182780.0,0.4444444444444444,0.2,0.2222222222222222,0.6666666666666666,0.1111111111111111,0.3333333333333333,0.4444444444444444,8,32
1,0,자연과학계열,3,1,6,0,4,5,3,2,6047160.0,0,1007860.0,1511790.0,0.3333333333333333,1,1.0,1.0,9,3023580.0,3023580.0,0.3333333333333333,0.14285714285714285,0.5,1.5,0.16666666666666666,0.5,0.5,4,27
1,2,인문학,3,1,4,0,2,8,2,5,2957340.0,0,328593.3333333333,739335.0,0.5555555555555556,1,2.5,0.4444444444444444,6,1478670.0,1478670.0,0.5555555555555556,0.2,0.3333333333333333,1.5,0.1111111111111111,0.5,0.2222222222222222,2,12
1,0,사회과학계열,2,2,1,0,3,14,3,14,8503560.0,1,566904.0,2834520.0,0.9333333333333332,2,4.666666666666667,0.0666666666666666,6,2834520.0,4251780.0,0.9333333333333333,1.0,0.13333333333333333,0.6666666666666666,0.06666666666666667,0.3333333333333333,0.2,6,18
2,0,자연과학계열,2,2,6,0,4,10,6,1,7029720.0,0,639065.4545454546,2343240.0,0.0909090909090909,2,0.3333333333333333,0.5454545454545454,12,2343240.0,2343240.0,0.09090909090909091,0.2857142857142857,0.18181818181818182,0.6666666666666666,0.18181818181818182,0.6666666666666666,0.5454545454545454,8,72
1,0,자연과학계열,2,2,5,1,2,12,4,0,9490260.0,1,730020.0,3163420.0,0.0,2,0.0,0.3846153846153846,8,3163420.0,4745130.0,0.0,0.3333333333333333,0.15384615384615385,0.6666666666666666,0.07692307692307693,0.3333333333333333,0.3076923076923077,4,32
1,0,사회과학계열,2,1,1,0,4,1,3,1,3138120.0,0,1569060.0,1046040.0,0.5,1,0.5,0.5,6,1569060.0,1569060.0,0.5,0.5,1.0,1.0,0.5,0.5,1.5,4,18
1,0,사회과학계열,3,2,1,0,4,10,3,9,6118920.0,1,556265.4545454546,1529730.0,0.8181818181818182,2,3.0,0.0909090909090909,9,2039640.0,3059460.0,0.8181818181818182,1.0,0.2727272727272727,1.0,0.09090909090909091,0.3333333333333333,0.2727272727272727,8,27
2,0,사회과학계열,2,2,2,0,3,13,3,4,8677440.0,1,619817.1428571428,2892480.0,0.2857142857142857,2,1.3333333333333333,0.1428571428571428,6,2892480.0,2892480.0,0.2857142857142857,0.6666666666666666,0.14285714285714285,0.6666666666666666,0.14285714285714285,0.6666666666666666,0.21428571428571427,6,18
2,0,사회과학계열,2,1,1,0,3,6,3,5,3523140.0,0,503305.7142857143,1174380.0,0.7142857142857143,1,2.5,0.1428571428571428,6,1761570.0,1174380.0,0.7142857142857143,0.5,0.2857142857142857,1.0,0.2857142857142857,1.0,0.42857142857142855,3,18
1,1,상경계열,3,3,1,0,1,9,3,9,10562520.0,0,1056252.0,2640630.0,0.9,3,2.25,0.1,9,2640630.0,5281260.0,0.9,1.5,0.3,0.75,0.1,0.25,0.3,3,27
1,1,자연과학계열,3,2,4,0,3,12,3,9,7120800.0,0,547753.8461538461,1780200.0,0.6923076923076923,2,3.0,0.3076923076923077,9,2373600.0,3560400.0,0.6923076923076923,0.4,0.23076923076923078,1.0,0.07692307692307693,0.3333333333333333,0.23076923076923078,6,27
1,0,사회과학계열,3,4,6,1,3,22,3,4,23679420.0,1,1029540.0,5919855.0,0.1739130434782608,4,0.8,0.2608695652173913,9,4735884.0,11839710.0,0.17391304347826086,0.5714285714285714,0.13043478260869565,0.6,0.043478260869565216,0.2,0.13043478260869565,12,27
1,0,공학계열,2,3,1,0,2,9,3,9,17675040.0,1,1767504.0,5891680.0,0.9,3,2.25,0.1,6,4418760.0,8837520.0,0.9,1.5,0.2,0.5,0.1,0.25,0.3,6,18
1,0,기타,3,3,3,1,2,17,3,8,14104980.0,1,783610.0,3526245.0,0.4444444444444444,3,2.0,0.1666666666666666,9,3526245.0,7052490.0,0.4444444444444444,0.75,0.16666666666666666,0.75,0.05555555555555555,0.25,0.16666666666666666,6,27
1,1,상경계열,3,2,1,1,1,8,2,8,6595020.0,0,732780.0,1648755.0,0.8888888888888888,2,2.6666666666666665,0.1111111111111111,6,2198340.0,3297510.0,0.8888888888888888,1.0,0.3333333333333333,1.0,0.1111111111111111,0.3333333333333333,0.2222222222222222,2,12
1,2,인문학,3,1,0,0,3,4,1,3,5157060.0,0,1031412.0,1289265.0,0.6,1,1.5,0.0,3,2578530.0,2578530.0,0.6,1.0,0.6,1.5,0.2,0.5,0.2,3,3
2,0,자연과학계열,2,1,1,0,1,8,2,8,3265080.0,0,362786.6666666667,1088360.0,0.8888888888888888,1,4.0,0.1111111111111111,4,1632540.0,1088360.0,0.8888888888888888,0.5,0.2222222222222222,1.0,0.2222222222222222,1.0,0.2222222222222222,1,8
0,0,자연과학계열,3,1,1,0,3,0,6,0,2354280.0,0,2354280.0,588570.0,0.0,1,0.0,1.0,18,1177140.0,2354280.0,0.0,0.5,3.0,1.5,0.0,0.0,6.0,3,108
1,1,상경계열,3,4,2,0,3,29,2,20,22503660.0,1,750122.0,5625915.0,0.6666666666666666,4,4.0,0.0666666666666666,6,4500732.0,11251830.0,0.6666666666666666,1.3333333333333333,0.1,0.6,0.03333333333333333,0.2,0.06666666666666667,12,12
1,0,자연과학계열,3,2,9,0,4,10,2,5,8187540.0,1,744321.8181818182,2046885.0,0.4545454545454545,2,1.6666666666666667,0.8181818181818182,6,2729180.0,4093770.0,0.45454545454545453,0.2,0.2727272727272727,1.0,0.09090909090909091,0.3333333333333333,0.18181818181818182,8,12
1,0,자연과학계열,4,1,7,0,3,6,3,4,4725120.0,0,675017.1428571428,945024.0,0.5714285714285714,1,2.0,1.0,12,2362560.0,2362560.0,0.5714285714285714,0.125,0.5714285714285714,2.0,0.14285714285714285,0.5,0.42857142857142855,3,36
1,1,자연과학계열,4,2,1,1,1,9,5,9,5571060.0,0,557106.0,1114212.0,0.9,2,3.0,0.1,20,1857020.0,2785530.0,0.9,1.0,0.4,1.3333333333333333,0.1,0.3333333333333333,0.5,2,100
1,0,자연과학계열,2,1,1,0,4,6,3,6,3531420.0,0,504488.5714285714,1177140.0,0.8571428571428571,1,3.0,0.1428571428571428,6,1765710.0,1765710.0,0.8571428571428571,0.5,0.2857142857142857,1.0,0.14285714285714285,0.5,0.42857142857142855,4,18
1,1,사회과학계열,3,2,1,0,4,18,1,18,8557380.0,0,450388.4210526316,2139345.0,0.9473684210526316,2,6.0,0.0526315789473684,3,2852460.0,4278690.0,0.9473684210526315,1.0,0.15789473684210525,1.0,0.05263157894736842,0.3333333333333333,0.05263157894736842,8,3
1,1,사회과학계열,3,2,2,0,3,8,3,5,6076140.0,0,675126.6666666666,1519035.0,0.5555555555555556,2,1.6666666666666667,0.2222222222222222,9,2025380.0,3038070.0,0.5555555555555556,0.6666666666666666,0.3333333333333333,1.0,0.1111111111111111,0.3333333333333333,0.3333333333333333,6,27
2,0,사회과학계열,2,1,9,0,2,10,3,5,5190180.0,0,471834.5454545455,1730060.0,0.4545454545454545,1,2.5,0.8181818181818182,6,2595090.0,1730060.0,0.45454545454545453,0.1,0.18181818181818182,1.0,0.18181818181818182,1.0,0.2727272727272727,2,18
1,1,상경계열,2,3,7,0,4,35,3,5,15088920.0,0,419136.6666666667,5029640.0,0.1388888888888889,3,1.25,0.1944444444444444,6,3772230.0,7544460.0,0.1388888888888889,0.375,0.05555555555555555,0.5,0.027777777777777776,0.25,0.08333333333333333,12,18
1,1,상경계열,3,3,4,0,3,18,2,5,14850180.0,0,781588.4210526316,3712545.0,0.2631578947368421,3,1.25,0.2105263157894736,6,3712545.0,7425090.0,0.2631578947368421,0.6,0.15789473684210525,0.75,0.05263157894736842,0.25,0.10526315789473684,9,12
1,0,자연과학계열,4,2,5,0,3,9,3,5,7141500.0,0,714150.0,1428300.0,0.5,2,1.6666666666666667,0.5,12,2380500.0,3570750.0,0.5,0.3333333333333333,0.4,1.3333333333333333,0.1,0.3333333333333333,0.3,6,36
2,0,자연과학계열,2,4,3,1,3,31,3,9,19079880.0,1,596246.25,6359960.0,0.28125,4,1.8,0.09375,6,3815976.0,6359960.0,0.28125,1.0,0.0625,0.4,0.0625,0.4,0.09375,12,18
1,1,상경계열,2,2,4,0,4,9,2,1,8740920.0,0,874092.0,2913640.0,0.1,2,0.3333333333333333,0.4,4,2913640.0,4370460.0,0.1,0.4,0.2,0.6666666666666666,0.1,0.3333333333333333,0.2,8,8
1,2,자연과학계열,2,1,1,0,4,6,6,5,6811680.0,0,973097.1428571428,2270560.0,0.7142857142857143,1,2.5,0.1428571428571428,12,3405840.0,3405840.0,0.7142857142857143,0.5,0.2857142857142857,1.0,0.14285714285714285,0.5,0.8571428571428571,4,72
1,0,사회과학계열,2,2,6,1,1,4,2,2,6589500.0,1,1317900.0,2196500.0,0.4,2,0.6666666666666666,1.2,4,2196500.0,3294750.0,0.4,0.2857142857142857,0.4,0.6666666666666666,0.2,0.3333333333333333,0.4,2,8
1,0,사회과학계열,4,1,2,1,3,10,2,3,3888840.0,0,353530.9090909091,777768.0,0.2727272727272727,1,1.5,0.1818181818181818,8,1944420.0,1944420.0,0.2727272727272727,0.3333333333333333,0.36363636363636365,2.0,0.09090909090909091,0.5,0.18181818181818182,3,16
2,0,자연과학계열,3,1,5,0,4,8,2,2,3470700.0,0,385633.3333333333,867675.0,0.2222222222222222,1,1.0,0.5555555555555556,6,1735350.0,1156900.0,0.2222222222222222,0.16666666666666666,0.3333333333333333,1.5,0.2222222222222222,1.0,0.2222222222222222,4,12
1,2,사회과학계열,2,1,0,1,3,6,3,5,3231960.0,0,461708.5714285714,1077320.0,0.7142857142857143,1,2.5,0.0,6,1615980.0,1615980.0,0.7142857142857143,1.0,0.2857142857142857,1.0,0.14285714285714285,0.5,0.42857142857142855,3,18
1,1,기타,3,2,1,0,4,5,3,5,5787720.0,0,964620.0,1446930.0,0.8333333333333334,2,1.6666666666666667,0.1666666666666666,9,1929240.0,2893860.0,0.8333333333333334,1.0,0.5,1.0,0.16666666666666666,0.3333333333333333,0.5,8,27
1,0,사회과학계열,2,3,1,1,2,17,2,17,14745300.0,1,819183.3333333334,4915100.0,0.9444444444444444,3,4.25,0.0555555555555555,4,3686325.0,7372650.0,0.9444444444444444,1.5,0.1111111111111111,0.5,0.05555555555555555,0.25,0.1111111111111111,6,8
2,0,사회과학계열,3,1,1,0,1,10,3,10,2790360.0,0,253669.0909090909,697590.0,0.9090909090909092,1,5.0,0.0909090909090909,9,1395180.0,930120.0,0.9090909090909091,0.5,0.2727272727272727,1.5,0.18181818181818182,1.0,0.2727272727272727,1,27
0,0,사회과학계열,3,1,0,0,2,4,2,3,3193320.0,0,638664.0,798330.0,0.6,1,1.5,0.0,6,1596660.0,3193320.0,0.6,1.0,0.6,1.5,0.0,0.0,0.4,2,12
1,1,상경계열,2,2,1,0,1,5,1,5,5873280.0,0,978880.0,1957760.0,0.8333333333333334,2,1.6666666666666667,0.1666666666666666,2,1957760.0,2936640.0,0.8333333333333334,1.0,0.3333333333333333,0.6666666666666666,0.16666666666666666,0.3333333333333333,0.16666666666666666,2,2
1,0,공학계열,3,1,2,0,2,7,2,4,4940400.0,0,617550.0,1235100.0,0.5,1,2.0,0.25,6,2470200.0,2470200.0,0.5,0.3333333333333333,0.375,1.5,0.125,0.5,0.25,2,12
0,0,사회과학계열,2,1,0,0,4,6,2,5,4363560.0,0,623365.7142857143,1454520.0,0.7142857142857143,1,2.5,0.0,4,2181780.0,4363560.0,0.7142857142857143,1.0,0.2857142857142857,1.0,0.0,0.0,0.2857142857142857,4,8
2,1,사회과학계열,3,2,1,0,4,10,3,10,9003120.0,0,818465.4545454546,2250780.0,0.9090909090909092,2,3.333333333333333,0.0909090909090909,9,3001040.0,3001040.0,0.9090909090909091,1.0,0.2727272727272727,1.0,0.18181818181818182,0.6666666666666666,0.2727272727272727,8,27
1,1,상경계열,2,1,0,0,4,3,3,2,4000620.0,0,1000155.0,1333540.0,0.5,1,1.0,0.0,6,2000310.0,2000310.0,0.5,1.0,0.5,1.0,0.25,0.5,0.75,4,18
1,0,사회과학계열,4,2,2,0,2,17,1,5,7218780.0,0,401043.3333333333,1443756.0,0.2777777777777778,2,1.6666666666666667,0.1111111111111111,4,2406260.0,3609390.0,0.2777777777777778,0.6666666666666666,0.2222222222222222,1.3333333333333333,0.05555555555555555,0.3333333333333333,0.05555555555555555,4,4
1,0,사회과학계열,3,1,3,0,2,8,2,6,3251280.0,0,361253.3333333333,812820.0,0.6666666666666666,1,3.0,0.3333333333333333,6,1625640.0,1625640.0,0.6666666666666666,0.25,0.3333333333333333,1.5,0.1111111111111111,0.5,0.2222222222222222,2,12
1,1,자연과학계열,2,1,6,0,3,5,3,3,3864000.0,0,644000.0,1288000.0,0.5,1,1.5,1.0,6,1932000.0,1932000.0,0.5,0.14285714285714285,0.3333333333333333,1.0,0.16666666666666666,0.5,0.5,3,18
1,1,상경계열,3,4,5,0,3,28,3,2,16333680.0,0,563230.3448275862,4083420.0,0.0689655172413793,4,0.4,0.1724137931034483,9,3266736.0,8166840.0,0.06896551724137931,0.6666666666666666,0.10344827586206896,0.6,0.034482758620689655,0.2,0.10344827586206896,12,27
1,0,공학계열,2,3,3,0,1,16,2,13,15046140.0,1,885067.0588235294,5015380.0,0.7647058823529411,3,3.25,0.1764705882352941,4,3761535.0,7523070.0,0.7647058823529411,0.75,0.11764705882352941,0.5,0.058823529411764705,0.25,0.11764705882352941,3,8
2,1,자연과학계열,3,1,5,0,2,10,3,5,4102740.0,0,372976.3636363637,1025685.0,0.4545454545454545,1,2.5,0.4545454545454545,9,2051370.0,1367580.0,0.45454545454545453,0.16666666666666666,0.2727272727272727,1.5,0.18181818181818182,1.0,0.2727272727272727,2,27
1,0,사회과학계열,3,4,6,0,3,33,0,12,19699500.0,1,579397.0588235294,4924875.0,0.3529411764705882,4,2.4,0.1764705882352941,0,3939900.0,9849750.0,0.35294117647058826,0.5714285714285714,0.08823529411764706,0.6,0.029411764705882353,0.2,0.0,12,0
2,0,사회과학계열,3,2,4,0,2,12,2,5,7675560.0,1,590427.6923076923,1918890.0,0.3846153846153846,2,1.6666666666666667,0.3076923076923077,6,2558520.0,2558520.0,0.38461538461538464,0.4,0.23076923076923078,1.0,0.15384615384615385,0.6666666666666666,0.15384615384615385,4,12
1,1,상경계열,3,2,0,1,1,8,2,7,6261060.0,0,695673.3333333334,1565265.0,0.7777777777777778,2,2.333333333333333,0.0,6,2087020.0,3130530.0,0.7777777777777778,2.0,0.3333333333333333,1.0,0.1111111111111111,0.3333333333333333,0.2222222222222222,2,12
0,1,자연과학계열,3,3,1,0,4,10,2,10,10545960.0,0,958723.6363636364,2636490.0,0.9090909090909092,3,2.5,0.0909090909090909,6,2636490.0,10545960.0,0.9090909090909091,1.5,0.2727272727272727,0.75,0.0,0.0,0.18181818181818182,12,12
0,0,사회과학계열,3,4,1,0,4,31,3,31,24735120.0,1,772972.5,6183780.0,0.96875,4,6.2,0.03125,9,4947024.0,24735120.0,0.96875,2.0,0.09375,0.6,0.0,0.0,0.09375,16,27
1,2,사회과학계열,2,2,8,0,3,13,2,5,7181520.0,0,512965.7142857143,2393840.0,0.3571428571428571,2,1.6666666666666667,0.5714285714285714,4,2393840.0,3590760.0,0.35714285714285715,0.2222222222222222,0.14285714285714285,0.6666666666666666,0.07142857142857142,0.3333333333333333,0.14285714285714285,6,8
1,2,인문학,3,1,3,0,3,7,4,4,3142260.0,0,392782.5,785565.0,0.5,1,2.0,0.375,12,1571130.0,1571130.0,0.5,0.25,0.375,1.5,0.125,0.5,0.5,3,48
1,0,사회과학계열,3,1,1,1,3,1,2,1,3857100.0,0,1928550.0,964275.0,0.5,1,0.5,0.5,6,1928550.0,1928550.0,0.5,0.5,1.5,1.5,0.5,0.5,1.0,3,12
1,0,자연과학계열,2,1,6,0,3,8,5,4,3494160.0,0,388240.0,1164720.0,0.4444444444444444,1,2.0,0.6666666666666666,10,1747080.0,1747080.0,0.4444444444444444,0.14285714285714285,0.2222222222222222,1.0,0.1111111111111111,0.5,0.5555555555555556,3,50
1,0,사회과학계열,3,1,1,0,4,8,0,8,3531420.0,0,392380.0,882855.0,0.8888888888888888,1,4.0,0.1111111111111111,0,1765710.0,1765710.0,0.8888888888888888,0.5,0.3333333333333333,1.5,0.1111111111111111,0.5,0.0,4,0
1,1,자연과학계열,3,2,1,0,2,4,3,4,6773040.0,0,1354608.0,1693260.0,0.8,2,1.3333333333333333,0.2,9,2257680.0,3386520.0,0.8,1.0,0.6,1.0,0.2,0.3333333333333333,0.6,4,27
2,0,사회과학계열,2,1,9,0,4,3,3,1,3284400.0,0,821100.0,1094800.0,0.25,1,0.5,2.25,6,1642200.0,1094800.0,0.25,0.1,0.5,1.0,0.5,1.0,0.75,4,18
1,0,사회과학계열,3,2,4,1,3,4,2,1,6575700.0,1,1315140.0,1643925.0,0.2,2,0.3333333333333333,0.8,6,2191900.0,3287850.0,0.2,0.4,0.6,1.0,0.2,0.3333333333333333,0.4,6,12
1,1,자연과학계열,2,1,1,0,4,2,3,2,2820720.0,0,940240.0,940240.0,0.6666666666666666,1,1.0,0.3333333333333333,6,1410360.0,1410360.0,0.6666666666666666,0.5,0.6666666666666666,1.0,0.3333333333333333,0.5,1.0,4,18
1,0,기타,3,1,1,0,1,1,3,1,3716340.0,0,1858170.0,929085.0,0.5,1,0.5,0.5,9,1858170.0,1858170.0,0.5,0.5,1.5,1.5,0.5,0.5,1.5,1,27
1,0,사회과학계열,3,2,0,0,1,17,2,16,9088680.0,1,504926.6666666667,2272170.0,0.8888888888888888,2,5.333333333333333,0.0,6,3029560.0,4544340.0,0.8888888888888888,2.0,0.16666666666666666,1.0,0.05555555555555555,0.3333333333333333,0.1111111111111111,2,12
1,1,사회과학계열,2,1,1,0,1,3,3,3,4545720.0,0,1136430.0,1515240.0,0.75,1,1.5,0.25,6,2272860.0,2272860.0,0.75,0.5,0.5,1.0,0.25,0.5,0.75,1,18
1,0,사회과학계열,3,2,0,0,1,4,3,3,5755980.0,1,1151196.0,1438995.0,0.6,2,1.0,0.0,9,1918660.0,2877990.0,0.6,2.0,0.6,1.0,0.2,0.3333333333333333,0.6,2,27
1,0,사회과학계열,1,1,4,0,3,10,1,7,3833640.0,0,348512.7272727273,1916820.0,0.6363636363636364,1,3.5,0.3636363636363636,1,1916820.0,1916820.0,0.6363636363636364,0.2,0.09090909090909091,0.5,0.09090909090909091,0.5,0.09090909090909091,3,1
1,0,자연과학계열,3,1,5,0,2,6,2,2,3280260.0,0,468608.5714285714,820065.0,0.2857142857142857,1,1.0,0.7142857142857143,6,1640130.0,1640130.0,0.2857142857142857,0.16666666666666666,0.42857142857142855,1.5,0.14285714285714285,0.5,0.2857142857142857,2,12
1,0,자연과학계열,3,1,7,1,4,8,2,2,3317520.0,0,368613.3333333333,829380.0,0.2222222222222222,1,1.0,0.7777777777777778,6,1658760.0,1658760.0,0.2222222222222222,0.125,0.3333333333333333,1.5,0.1111111111111111,0.5,0.2222222222222222,4,12
1,0,사회과학계열,3,1,1,0,3,1,2,1,3198840.0,0,1599420.0,799710.0,0.5,1,0.5,0.5,6,1599420.0,1599420.0,0.5,0.5,1.5,1.5,0.5,0.5,1.0,3,12
1,0,사회과학계열,3,1,1,0,2,1,3,1,2771040.0,0,1385520.0,692760.0,0.5,1,0.5,0.5,9,1385520.0,1385520.0,0.5,0.5,1.5,1.5,0.5,0.5,1.5,2,27
1,1,자연과학계열,2,2,7,0,1,10,6,5,8616720.0,0,783338.1818181818,2872240.0,0.4545454545454545,2,1.6666666666666667,0.6363636363636364,12,2872240.0,4308360.0,0.45454545454545453,0.25,0.18181818181818182,0.6666666666666666,0.09090909090909091,0.3333333333333333,0.5454545454545454,2,72
1,0,기타,2,1,3,0,2,6,1,3,3862620.0,0,551802.8571428572,1287540.0,0.4285714285714285,1,1.5,0.4285714285714285,2,1931310.0,1931310.0,0.42857142857142855,0.25,0.2857142857142857,1.0,0.14285714285714285,0.5,0.14285714285714285,2,2
1,0,공학계열,2,3,2,0,4,24,3,6,14561760.0,1,582470.4,4853920.0,0.24,3,1.5,0.08,6,3640440.0,7280880.0,0.24,1.0,0.08,0.5,0.04,0.25,0.12,12,18
1,1,사회과학계열,2,1,3,0,2,13,2,7,3214020.0,0,229572.85714285716,1071340.0,0.5,1,3.5,0.2142857142857142,4,1607010.0,1607010.0,0.5,0.25,0.14285714285714285,1.0,0.07142857142857142,0.5,0.14285714285714285,2,8
1,0,사회과학계열,3,2,1,1,4,10,2,10,5539320.0,1,503574.5454545455,1384830.0,0.9090909090909092,2,3.333333333333333,0.0909090909090909,6,1846440.0,2769660.0,0.9090909090909091,1.0,0.2727272727272727,1.0,0.09090909090909091,0.3333333333333333,0.18181818181818182,8,12
1,0,기타,3,3,4,0,3,29,3,26,10216140.0,0,340538.0,2554035.0,0.8666666666666667,3,6.5,0.1333333333333333,9,2554035.0,5108070.0,0.8666666666666667,0.6,0.1,0.75,0.03333333333333333,0.25,0.1,9,27
1,0,자연과학계열,3,1,4,0,1,13,2,0,3117420.0,0,222672.85714285716,779355.0,0.0,1,0.0,0.2857142857142857,6,1558710.0,1558710.0,0.0,0.2,0.21428571428571427,1.5,0.07142857142857142,0.5,0.14285714285714285,1,12
0,1,상경계열,3,2,1,0,4,9,2,9,9566160.0,0,956616.0,2391540.0,0.9,2,3.0,0.1,6,3188720.0,9566160.0,0.9,1.0,0.3,1.0,0.0,0.0,0.2,8,12
1,0,기타,3,1,2,0,3,8,6,6,6455640.0,0,717293.3333333334,1613910.0,0.6666666666666666,1,3.0,0.2222222222222222,18,3227820.0,3227820.0,0.6666666666666666,0.3333333333333333,0.3333333333333333,1.5,0.1111111111111111,0.5,0.6666666666666666,3,108
1,0,공학계열,3,3,1,0,2,15,3,15,18743160.0,1,1171447.5,4685790.0,0.9375,3,3.75,0.0625,9,4685790.0,9371580.0,0.9375,1.5,0.1875,0.75,0.0625,0.25,0.1875,6,27
0,0,사회과학계열,2,1,6,1,3,5,3,3,3218160.0,0,536360.0,1072720.0,0.5,1,1.5,1.0,6,1609080.0,3218160.0,0.5,0.14285714285714285,0.3333333333333333,1.0,0.0,0.0,0.5,3,18
1,1,상경계열,2,1,1,0,3,1,2,1,3329940.0,0,1664970.0,1109980.0,0.5,1,0.5,0.5,4,1664970.0,1664970.0,0.5,0.5,1.0,1.0,0.5,0.5,1.0,3,8
1,1,상경계열,2,3,2,0,2,11,2,1,13392900.0,0,1116075.0,4464300.0,0.0833333333333333,3,0.25,0.1666666666666666,4,3348225.0,6696450.0,0.08333333333333333,1.0,0.16666666666666666,0.5,0.08333333333333333,0.25,0.16666666666666666,6,8
2,1,자연과학계열,2,2,1,0,2,7,2,7,5925720.0,0,740715.0,1975240.0,0.875,2,2.333333333333333,0.125,4,1975240.0,1975240.0,0.875,1.0,0.25,0.6666666666666666,0.25,0.6666666666666666,0.25,4,8
1,0,자연과학계열,3,1,2,0,3,20,3,18,6514980.0,0,310237.14285714284,1628745.0,0.8571428571428571,1,9.0,0.0952380952380952,9,3257490.0,3257490.0,0.8571428571428571,0.3333333333333333,0.14285714285714285,1.5,0.047619047619047616,0.5,0.14285714285714285,3,27
1,0,자연과학계열,3,1,4,1,3,16,6,11,3476220.0,0,204483.5294117647,869055.0,0.6470588235294118,1,5.5,0.2352941176470588,18,1738110.0,1738110.0,0.6470588235294118,0.2,0.17647058823529413,1.5,0.058823529411764705,0.5,0.35294117647058826,3,108
1,1,기타,2,1,1,0,2,1,3,1,2926980.0,0,1463490.0,975660.0,0.5,1,0.5,0.5,6,1463490.0,1463490.0,0.5,0.5,1.0,1.0,0.5,0.5,1.5,2,18
1,0,공학계열,3,1,1,0,2,1,2,1,4102740.0,0,2051370.0,1025685.0,0.5,1,0.5,0.5,6,2051370.0,2051370.0,0.5,0.5,1.5,1.5,0.5,0.5,1.0,2,12
1,0,자연과학계열,3,2,0,0,3,10,2,9,8079900.0,1,734536.3636363636,2019975.0,0.8181818181818182,2,3.0,0.0,6,2693300.0,4039950.0,0.8181818181818182,2.0,0.2727272727272727,1.0,0.09090909090909091,0.3333333333333333,0.18181818181818182,6,12
2,0,자연과학계열,3,1,8,0,4,3,2,1,4991460.0,0,1247865.0,1247865.0,0.25,1,0.5,2.0,6,2495730.0,1663820.0,0.25,0.1111111111111111,0.75,1.5,0.5,1.0,0.5,4,12
1,0,자연과학계열,3,2,1,0,3,8,2,8,9280500.0,1,1031166.6666666666,2320125.0,0.8888888888888888,2,2.6666666666666665,0.1111111111111111,6,3093500.0,4640250.0,0.8888888888888888,1.0,0.3333333333333333,1.0,0.1111111111111111,0.3333333333333333,0.2222222222222222,6,12
1,1,사회과학계열,2,3,1,0,1,16,6,16,14248500.0,0,838147.0588235294,4749500.0,0.9411764705882352,3,4.0,0.0588235294117647,12,3562125.0,7124250.0,0.9411764705882353,1.5,0.11764705882352941,0.5,0.058823529411764705,0.25,0.35294117647058826,3,72
1,0,사회과학계열,2,2,0,0,1,6,3,5,9589620.0,1,1369945.7142857143,3196540.0,0.7142857142857143,2,1.6666666666666667,0.0,6,3196540.0,4794810.0,0.7142857142857143,2.0,0.2857142857142857,0.6666666666666666,0.14285714285714285,0.3333333333333333,0.42857142857142855,2,18
1,1,사회과학계열,2,3,5,0,3,17,2,14,14640420.0,0,813356.6666666666,4880140.0,0.7777777777777778,3,3.5,0.2777777777777778,4,3660105.0,7320210.0,0.7777777777777778,0.5,0.1111111111111111,0.5,0.05555555555555555,0.25,0.1111111111111111,9,8
0,0,사회과학계열,3,2,1,0,2,9,5,9,6136860.0,0,613686.0,1534215.0,0.9,2,3.0,0.1,15,2045620.0,6136860.0,0.9,1.0,0.3,1.0,0.0,0.0,0.5,4,75
2,1,공학계열,3,1,1,0,2,3,5,3,2976660.0,0,744165.0,744165.0,0.75,1,1.5,0.25,15,1488330.0,992220.0,0.75,0.5,0.75,1.5,0.5,1.0,1.25,2,75
1,1,자연과학계열,3,2,1,0,2,5,3,5,6349380.0,0,1058230.0,1587345.0,0.8333333333333334,2,1.6666666666666667,0.1666666666666666,9,2116460.0,3174690.0,0.8333333333333334,1.0,0.5,1.0,0.16666666666666666,0.3333333333333333,0.5,4,27
1,0,사회과학계열,3,4,2,0,2,26,2,9,23596620.0,1,873948.8888888889,5899155.0,0.3333333333333333,4,1.8,0.074074074074074,6,4719324.0,11798310.0,0.3333333333333333,1.3333333333333333,0.1111111111111111,0.6,0.037037037037037035,0.2,0.07407407407407407,8,12
1,0,공학계열,3,1,4,1,1,7,4,1,3421020.0,0,427627.5,855255.0,0.125,1,0.5,0.5,12,1710510.0,1710510.0,0.125,0.2,0.375,1.5,0.125,0.5,0.5,1,48
1,1,자연과학계열,3,4,6,0,3,22,3,17,20495760.0,1,891120.0,5123940.0,0.7391304347826086,4,3.4,0.2608695652173913,9,4099152.0,10247880.0,0.7391304347826086,0.5714285714285714,0.13043478260869565,0.6,0.043478260869565216,0.2,0.13043478260869565,12,27
1,1,기타,3,3,5,0,1,10,2,8,10024320.0,0,911301.8181818182,2506080.0,0.7272727272727273,3,2.0,0.4545454545454545,6,2506080.0,5012160.0,0.7272727272727273,0.5,0.2727272727272727,0.75,0.09090909090909091,0.25,0.18181818181818182,3,12
0,1,공학계열,3,2,1,0,2,6,1,5,7819080.0,0,1117011.4285714286,1954770.0,0.7142857142857143,2,1.6666666666666667,0.1428571428571428,3,2606360.0,7819080.0,0.7142857142857143,1.0,0.42857142857142855,1.0,0.0,0.0,0.14285714285714285,4,3
1,1,사회과학계열,3,3,6,0,2,12,2,10,10795740.0,0,830441.5384615385,2698935.0,0.7692307692307693,3,2.5,0.4615384615384615,6,2698935.0,5397870.0,0.7692307692307693,0.42857142857142855,0.23076923076923078,0.75,0.07692307692307693,0.25,0.15384615384615385,6,12
1,1,사회과학계열,4,3,0,0,4,9,3,8,10874400.0,0,1087440.0,2174880.0,0.8,3,2.0,0.0,12,2718600.0,5437200.0,0.8,3.0,0.4,1.0,0.1,0.25,0.3,12,36
0,1,사회과학계열,4,4,4,0,4,22,2,1,18207720.0,0,791640.0,3641544.0,0.0434782608695652,4,0.2,0.1739130434782608,8,3641544.0,18207720.0,0.043478260869565216,0.8,0.17391304347826086,0.8,0.0,0.0,0.08695652173913043,16,16
2,0,자연과학계열,4,2,1,0,3,20,3,19,6992460.0,1,332974.28571428574,1398492.0,0.9047619047619048,2,6.333333333333333,0.0476190476190476,12,2330820.0,2330820.0,0.9047619047619048,1.0,0.19047619047619047,1.3333333333333333,0.09523809523809523,0.6666666666666666,0.14285714285714285,6,36
0,1,공학계열,3,2,4,0,4,12,3,7,7009020.0,0,539155.3846153846,1752255.0,0.5384615384615384,2,2.333333333333333,0.3076923076923077,9,2336340.0,7009020.0,0.5384615384615384,0.4,0.23076923076923078,1.0,0.0,0.0,0.23076923076923078,8,27
0,0,자연과학계열,2,1,0,1,1,4,0,3,3202980.0,0,640596.0,1067660.0,0.6,1,1.5,0.0,0,1601490.0,3202980.0,0.6,1.0,0.4,1.0,0.0,0.0,0.0,1,0
0,1,사회과학계열,3,4,1,0,4,10,2,10,24072720.0,1,2188429.090909091,6018180.0,0.9090909090909092,4,2.0,0.0909090909090909,6,4814544.0,24072720.0,0.9090909090909091,2.0,0.2727272727272727,0.6,0.0,0.0,0.18181818181818182,16,12
1,0,사회과학계열,2,1,6,1,3,3,5,0,3317520.0,0,829380.0,1105840.0,0.0,1,0.0,1.5,10,1658760.0,1658760.0,0.0,0.14285714285714285,0.5,1.0,0.25,0.5,1.25,3,50
1,0,사회과학계열,3,1,3,0,1,5,4,3,4763760.0,0,793960.0,1190940.0,0.5,1,1.5,0.5,12,2381880.0,2381880.0,0.5,0.25,0.5,1.5,0.16666666666666666,0.5,0.6666666666666666,1,48
1,0,자연과학계열,3,1,3,0,4,8,2,5,3132600.0,0,348066.6666666667,783150.0,0.5555555555555556,1,2.5,0.3333333333333333,6,1566300.0,1566300.0,0.5555555555555556,0.25,0.3333333333333333,1.5,0.1111111111111111,0.5,0.2222222222222222,4,12
1,0,자연과학계열,3,4,9,1,3,32,1,5,24010620.0,1,727594.5454545454,6002655.0,0.1515151515151515,4,1.0,0.2727272727272727,3,4802124.0,12005310.0,0.15151515151515152,0.4,0.09090909090909091,0.6,0.030303030303030304,0.2,0.030303030303030304,12,3
2,0,기타,4,2,1,0,1,6,2,6,7573440.0,1,1081920.0,1514688.0,0.8571428571428571,2,2.0,0.1428571428571428,8,2524480.0,2524480.0,0.8571428571428571,1.0,0.5714285714285714,1.3333333333333333,0.2857142857142857,0.6666666666666666,0.2857142857142857,2,16
2,0,자연과학계열,3,5,2,0,2,21,2,18,26798220.0,1,1218100.9090909092,6699555.0,0.8181818181818182,5,3.0,0.0909090909090909,6,4466370.0,8932740.0,0.8181818181818182,1.6666666666666667,0.13636363636363635,0.5,0.09090909090909091,0.3333333333333333,0.09090909090909091,10,12
1,0,공학계열,3,1,9,0,2,4,2,2,3879180.0,0,775836.0,969795.0,0.4,1,1.0,1.8,6,1939590.0,1939590.0,0.4,0.1,0.6,1.5,0.2,0.5,0.4,2,12
0,0,사회과학계열,3,2,1,0,3,9,2,9,5013540.0,0,501354.0,1253385.0,0.9,2,3.0,0.1,6,1671180.0,5013540.0,0.9,1.0,0.3,1.0,0.0,0.0,0.2,6,12
1,1,사회과학계열,3,2,1,0,3,9,0,9,5744940.0,0,574494.0,1436235.0,0.9,2,3.0,0.1,0,1914980.0,2872470.0,0.9,1.0,0.3,1.0,0.1,0.3333333333333333,0.0,6,0
1,0,사회과학계열,3,1,4,0,2,7,2,5,2942160.0,0,367770.0,735540.0,0.625,1,2.5,0.5,6,1471080.0,1471080.0,0.625,0.2,0.375,1.5,0.125,0.5,0.25,2,12
1,0,사회과학계열,3,4,3,0,4,22,2,12,19282740.0,1,838380.0,4820685.0,0.5217391304347826,4,2.4,0.1304347826086956,6,3856548.0,9641370.0,0.5217391304347826,1.0,0.13043478260869565,0.6,0.043478260869565216,0.2,0.08695652173913043,16,12
2,0,자연과학계열,3,1,0,0,2,3,0,2,3703920.0,0,925980.0,925980.0,0.5,1,1.0,0.0,0,1851960.0,1234640.0,0.5,1.0,0.75,1.5,0.5,1.0,0.0,2,0
1,0,자연과학계열,3,3,6,0,2,13,3,8,14966100.0,1,1069007.142857143,3741525.0,0.5714285714285714,3,2.0,0.4285714285714285,9,3741525.0,7483050.0,0.5714285714285714,0.42857142857142855,0.21428571428571427,0.75,0.07142857142857142,0.25,0.21428571428571427,6,27
1,0,자연과학계열,2,2,1,0,2,5,6,4,6040260.0,1,1006710.0,2013420.0,0.6666666666666666,2,1.3333333333333333,0.1666666666666666,12,2013420.0,3020130.0,0.6666666666666666,1.0,0.3333333333333333,0.6666666666666666,0.16666666666666666,0.3333333333333333,1.0,4,72
1,0,기타,2,1,1,1,4,5,2,4,5165340.0,0,860890.0,1721780.0,0.6666666666666666,1,2.0,0.1666666666666666,4,2582670.0,2582670.0,0.6666666666666666,0.5,0.3333333333333333,1.0,0.16666666666666666,0.5,0.3333333333333333,4,8
2,0,사회과학계열,3,2,1,0,3,4,1,4,5724240.0,1,1144848.0,1431060.0,0.8,2,1.3333333333333333,0.2,3,1908080.0,1908080.0,0.8,1.0,0.6,1.0,0.4,0.6666666666666666,0.2,6,3
0,0,사회과학계열,3,1,1,0,4,0,2,0,1450380.0,0,1450380.0,362595.0,0.0,1,0.0,1.0,6,725190.0,1450380.0,0.0,0.5,3.0,1.5,0.0,0.0,2.0,4,12
1,0,공학계열,3,3,8,0,3,22,2,10,14819820.0,1,644340.0,3704955.0,0.4347826086956521,3,2.5,0.3478260869565217,6,3704955.0,7409910.0,0.43478260869565216,0.3333333333333333,0.13043478260869565,0.75,0.043478260869565216,0.25,0.08695652173913043,9,12
1,0,자연과학계열,3,3,1,0,3,16,3,16,14335440.0,1,843261.1764705882,3583860.0,0.9411764705882352,3,4.0,0.0588235294117647,9,3583860.0,7167720.0,0.9411764705882353,1.5,0.17647058823529413,0.75,0.058823529411764705,0.25,0.17647058823529413,9,27
1,0,사회과학계열,4,3,0,0,3,9,4,8,15754080.0,1,1575408.0,3150816.0,0.8,3,2.0,0.0,16,3938520.0,7877040.0,0.8,3.0,0.4,1.0,0.1,0.25,0.4,9,64
1,0,자연과학계열,2,1,1,0,1,1,2,1,3588000.0,0,1794000.0,1196000.0,0.5,1,0.5,0.5,4,1794000.0,1794000.0,0.5,0.5,1.0,1.0,0.5,0.5,1.0,1,8
2,0,자연과학계열,3,1,0,0,1,4,3,3,3342360.0,0,668472.0,835590.0,0.6,1,1.5,0.0,9,1671180.0,1114120.0,0.6,1.0,0.6,1.5,0.4,1.0,0.6,1,27
1,0,자연과학계열,4,2,1,0,2,8,2,8,7551360.0,1,839040.0,1510272.0,0.8888888888888888,2,2.6666666666666665,0.1111111111111111,8,2517120.0,3775680.0,0.8888888888888888,1.0,0.4444444444444444,1.3333333333333333,0.1111111111111111,0.3333333333333333,0.2222222222222222,4,16
1,0,사회과학계열,1,1,1,0,1,4,3,4,3382380.0,0,676476.0,1691190.0,0.8,1,2.0,0.2,3,1691190.0,1691190.0,0.8,0.5,0.2,0.5,0.2,0.5,0.6,1,9
1,0,사회과학계열,2,2,2,0,4,19,0,2,5851200.0,1,292560.0,1950400.0,0.1,2,0.6666666666666666,0.1,0,1950400.0,2925600.0,0.1,0.6666666666666666,0.1,0.6666666666666666,0.05,0.3333333333333333,0.0,8,0
1,0,사회과학계열,2,3,7,0,2,27,3,15,15178620.0,1,542093.5714285715,5059540.0,0.5357142857142857,3,3.75,0.25,6,3794655.0,7589310.0,0.5357142857142857,0.375,0.07142857142857142,0.5,0.03571428571428571,0.25,0.10714285714285714,6,18
1,0,자연과학계열,3,2,6,0,2,8,6,2,6904140.0,1,767126.6666666666,1726035.0,0.2222222222222222,2,0.6666666666666666,0.6666666666666666,18,2301380.0,3452070.0,0.2222222222222222,0.2857142857142857,0.3333333333333333,1.0,0.1111111111111111,0.3333333333333333,0.6666666666666666,4,108
1,0,사회과학계열,2,4,1,0,3,21,3,21,17583960.0,1,799270.9090909091,5861320.0,0.9545454545454546,4,4.2,0.0454545454545454,6,3516792.0,8791980.0,0.9545454545454546,2.0,0.09090909090909091,0.4,0.045454545454545456,0.2,0.13636363636363635,12,18
1,0,사회과학계열,3,2,0,0,2,4,2,3,5833260.0,1,1166652.0,1458315.0,0.6,2,1.0,0.0,6,1944420.0,2916630.0,0.6,2.0,0.6,1.0,0.2,0.3333333333333333,0.4,4,12
1,0,기타,3,1,1,1,1,3,4,3,5405460.0,0,1351365.0,1351365.0,0.75,1,1.5,0.25,12,2702730.0,2702730.0,0.75,0.5,0.75,1.5,0.25,0.5,1.0,1,48
1,1,상경계열,3,5,6,0,2,21,3,1,25258140.0,1,1148097.2727272727,6314535.0,0.0454545454545454,5,0.1666666666666666,0.2727272727272727,9,4209690.0,12629070.0,0.045454545454545456,0.7142857142857143,0.13636363636363635,0.5,0.045454545454545456,0.16666666666666666,0.13636363636363635,10,27
1,0,사회과학계열,3,1,4,0,2,8,5,1,3284400.0,0,364933.3333333333,821100.0,0.1111111111111111,1,0.5,0.4444444444444444,15,1642200.0,1642200.0,0.1111111111111111,0.2,0.3333333333333333,1.5,0.1111111111111111,0.5,0.5555555555555556,2,75
1,0,사회과학계열,2,4,3,0,1,30,4,5,18941880.0,1,611028.3870967742,6313960.0,0.1612903225806451,4,1.0,0.0967741935483871,8,3788376.0,9470940.0,0.16129032258064516,1.0,0.06451612903225806,0.4,0.03225806451612903,0.2,0.12903225806451613,4,32
1,0,자연과학계열,1,2,5,0,1,15,2,1,6592260.0,1,412016.25,3296130.0,0.0625,2,0.3333333333333333,0.3125,2,2197420.0,3296130.0,0.0625,0.3333333333333333,0.0625,0.3333333333333333,0.0625,0.3333333333333333,0.125,2,4
2,0,자연과학계열,3,2,3,0,4,17,3,8,8811300.0,1,489516.6666666667,2202825.0,0.4444444444444444,2,2.6666666666666665,0.1666666666666666,9,2937100.0,2937100.0,0.4444444444444444,0.5,0.16666666666666666,1.0,0.1111111111111111,0.6666666666666666,0.16666666666666666,8,27
0,0,사회과학계열,1,5,1,1,2,21,3,21,27562740.0,1,1252851.818181818,13781370.0,0.9545454545454546,5,3.5,0.0454545454545454,3,4593790.0,27562740.0,0.9545454545454546,2.5,0.045454545454545456,0.16666666666666666,0.0,0.0,0.13636363636363635,10,9
1,1,사회과학계열,3,2,8,0,3,19,1,1,9468180.0,0,473409.0,2367045.0,0.05,2,0.3333333333333333,0.4,3,3156060.0,4734090.0,0.05,0.2222222222222222,0.15,1.0,0.05,0.3333333333333333,0.05,6,3
0,1,자연과학계열,1,2,8,0,4,7,6,2,6857220.0,0,857152.5,3428610.0,0.25,2,0.6666666666666666,1.0,6,2285740.0,6857220.0,0.25,0.2222222222222222,0.125,0.3333333333333333,0.0,0.0,0.75,8,36
1,1,상경계열,1,5,1,0,4,33,3,32,27386100.0,1,805473.5294117647,13693050.0,0.9411764705882352,5,5.333333333333333,0.0294117647058823,3,4564350.0,13693050.0,0.9411764705882353,2.5,0.029411764705882353,0.16666666666666666,0.029411764705882353,0.16666666666666666,0.08823529411764706,20,9
1,1,자연과학계열,4,4,3,0,3,23,2,12,18381600.0,0,765900.0,3676320.0,0.5,4,2.4,0.125,8,3676320.0,9190800.0,0.5,1.0,0.16666666666666666,0.8,0.041666666666666664,0.2,0.08333333333333333,12,16
0,1,사회과학계열,3,2,0,0,1,19,3,18,8758860.0,0,437943.0,2189715.0,0.9,2,6.0,0.0,9,2919620.0,8758860.0,0.9,2.0,0.15,1.0,0.0,0.0,0.15,2,27
1,0,사회과학계열,4,1,1,0,3,18,1,17,3785340.0,0,199228.4210526316,757068.0,0.8947368421052632,1,8.5,0.0526315789473684,4,1892670.0,1892670.0,0.8947368421052632,0.5,0.21052631578947367,2.0,0.05263157894736842,0.5,0.05263157894736842,3,4
2,0,자연과학계열,3,3,1,0,3,21,2,21,15014400.0,1,682472.7272727273,3753600.0,0.9545454545454546,3,5.25,0.0454545454545454,6,3753600.0,5004800.0,0.9545454545454546,1.5,0.13636363636363635,0.75,0.09090909090909091,0.5,0.09090909090909091,9,12
0,1,사회과학계열,2,1,0,0,4,3,2,2,3231960.0,0,807990.0,1077320.0,0.5,1,1.0,0.0,4,1615980.0,3231960.0,0.5,1.0,0.5,1.0,0.0,0.0,0.5,4,8
1,1,사회과학계열,3,4,3,0,2,26,4,9,24357000.0,1,902111.1111111112,6089250.0,0.3333333333333333,4,1.8,0.1111111111111111,12,4871400.0,12178500.0,0.3333333333333333,1.0,0.1111111111111111,0.6,0.037037037037037035,0.2,0.14814814814814814,8,48
0,0,자연과학계열,3,1,9,0,2,10,2,8,5554500.0,0,504954.5454545455,1388625.0,0.7272727272727273,1,4.0,0.8181818181818182,6,2777250.0,5554500.0,0.7272727272727273,0.1,0.2727272727272727,1.5,0.0,0.0,0.18181818181818182,2,12
1,1,상경계열,4,2,0,0,4,16,2,15,13420500.0,0,789441.1764705882,2684100.0,0.8823529411764706,2,5.0,0.0,8,4473500.0,6710250.0,0.8823529411764706,2.0,0.23529411764705882,1.3333333333333333,0.058823529411764705,0.3333333333333333,0.11764705882352941,8,16
1,1,공학계열,3,3,3,0,3,14,1,6,16427520.0,1,1095168.0,4106880.0,0.4,3,1.5,0.2,3,4106880.0,8213760.0,0.4,0.75,0.2,0.75,0.06666666666666667,0.25,0.06666666666666667,9,3
1,2,자연과학계열,3,1,1,0,1,6,3,6,3004260.0,0,429180.0,751065.0,0.8571428571428571,1,3.0,0.1428571428571428,9,1502130.0,1502130.0,0.8571428571428571,0.5,0.42857142857142855,1.5,0.14285714285714285,0.5,0.42857142857142855,1,27
2,1,상경계열,2,3,2,0,1,30,2,15,10384500.0,0,334983.87096774194,3461500.0,0.4838709677419355,3,3.75,0.064516129032258,4,2596125.0,3461500.0,0.4838709677419355,1.0,0.06451612903225806,0.5,0.06451612903225806,0.5,0.06451612903225806,3,8
1,0,기타,3,2,7,0,2,9,3,1,6670920.0,0,667092.0,1667730.0,0.1,2,0.3333333333333333,0.7,9,2223640.0,3335460.0,0.1,0.25,0.3,1.0,0.1,0.3333333333333333,0.3,4,27
2,0,사회과학계열,3,1,6,0,2,6,2,3,2817960.0,0,402565.7142857143,704490.0,0.4285714285714285,1,1.5,0.8571428571428571,6,1408980.0,939320.0,0.42857142857142855,0.14285714285714285,0.42857142857142855,1.5,0.2857142857142857,1.0,0.2857142857142857,2,12
1,1,사회과학계열,3,1,1,0,4,1,2,1,3063600.0,0,1531800.0,765900.0,0.5,1,0.5,0.5,6,1531800.0,1531800.0,0.5,0.5,1.5,1.5,0.5,0.5,1.0,4,12
1,1,자연과학계열,3,1,1,1,2,1,5,1,1451760.0,0,725880.0,362940.0,0.5,1,0.5,0.5,15,725880.0,725880.0,0.5,0.5,1.5,1.5,0.5,0.5,2.5,2,75
2,0,기타,3,1,3,0,1,8,2,2,3892980.0,0,432553.3333333333,973245.0,0.2222222222222222,1,1.0,0.3333333333333333,6,1946490.0,1297660.0,0.2222222222222222,0.25,0.3333333333333333,1.5,0.2222222222222222,1.0,0.2222222222222222,1,12
1,0,자연과학계열,3,5,2,0,4,29,2,8,26547060.0,1,884902.0,6636765.0,0.2666666666666666,5,1.3333333333333333,0.0666666666666666,6,4424510.0,13273530.0,0.26666666666666666,1.6666666666666667,0.1,0.5,0.03333333333333333,0.16666666666666666,0.06666666666666667,20,12
1,0,기타,3,2,3,0,1,8,3,4,5667660.0,1,629740.0,1416915.0,0.4444444444444444,2,1.3333333333333333,0.3333333333333333,9,1889220.0,2833830.0,0.4444444444444444,0.5,0.3333333333333333,1.0,0.1111111111111111,0.3333333333333333,0.3333333333333333,2,27
1,1,상경계열,3,2,1,0,2,8,3,7,11586480.0,0,1287386.6666666667,2896620.0,0.7777777777777778,2,2.333333333333333,0.1111111111111111,9,3862160.0,5793240.0,0.7777777777777778,1.0,0.3333333333333333,1.0,0.1111111111111111,0.3333333333333333,0.3333333333333333,4,27
2,0,자연과학계열,2,1,1,0,3,5,5,5,2769660.0,0,461610.0,923220.0,0.8333333333333334,1,2.5,0.1666666666666666,10,1384830.0,923220.0,0.8333333333333334,0.5,0.3333333333333333,1.0,0.3333333333333333,1.0,0.8333333333333334,3,50
1,0,자연과학계열,3,5,9,0,4,23,0,2,27085260.0,1,1128552.5,6771315.0,0.0833333333333333,5,0.3333333333333333,0.375,0,4514210.0,13542630.0,0.08333333333333333,0.5,0.125,0.5,0.041666666666666664,0.16666666666666666,0.0,20,0
1,1,사회과학계열,2,3,6,0,2,13,4,9,14746680.0,0,1053334.2857142857,4915560.0,0.6428571428571429,3,2.25,0.4285714285714285,8,3686670.0,7373340.0,0.6428571428571429,0.42857142857142855,0.14285714285714285,0.5,0.07142857142857142,0.25,0.2857142857142857,6,32
2,0,자연과학계열,3,1,2,0,2,18,4,5,4059960.0,0,213682.1052631579,1014990.0,0.2631578947368421,1,2.5,0.1052631578947368,12,2029980.0,1353320.0,0.2631578947368421,0.3333333333333333,0.15789473684210525,1.5,0.10526315789473684,1.0,0.21052631578947367,2,48
1,0,자연과학계열,2,3,0,0,2,15,2,14,12224040.0,1,764002.5,4074680.0,0.875,3,3.5,0.0,4,3056010.0,6112020.0,0.875,3.0,0.125,0.5,0.0625,0.25,0.125,6,8
0,0,자연과학계열,2,4,7,0,2,31,3,9,23123280.0,1,722602.5,7707760.0,0.28125,4,1.8,0.21875,6,4624656.0,23123280.0,0.28125,0.5,0.0625,0.4,0.0,0.0,0.09375,8,18
1,1,자연과학계열,2,3,5,0,3,18,5,1,14901240.0,0,784275.7894736842,4967080.0,0.0526315789473684,3,0.25,0.2631578947368421,10,3725310.0,7450620.0,0.05263157894736842,0.5,0.10526315789473684,0.5,0.05263157894736842,0.25,0.2631578947368421,9,50
2,1,상경계열,3,1,1,0,2,2,3,2,3205740.0,0,1068580.0,801435.0,0.6666666666666666,1,1.0,0.3333333333333333,9,1602870.0,1068580.0,0.6666666666666666,0.5,1.0,1.5,0.6666666666666666,1.0,1.0,2,27
1,0,사회과학계열,2,1,1,0,1,1,6,1,1954080.0,0,977040.0,651360.0,0.5,1,0.5,0.5,12,977040.0,977040.0,0.5,0.5,1.0,1.0,0.5,0.5,3.0,1,72
1,0,사회과학계열,2,2,8,1,1,19,2,16,6368700.0,0,318435.0,2122900.0,0.8,2,5.333333333333333,0.4,4,2122900.0,3184350.0,0.8,0.2222222222222222,0.1,0.6666666666666666,0.05,0.3333333333333333,0.1,2,8
1,0,사회과학계열,3,1,9,0,3,18,2,10,3396180.0,0,178746.31578947368,849045.0,0.5263157894736842,1,5.0,0.4736842105263157,6,1698090.0,1698090.0,0.5263157894736842,0.1,0.15789473684210525,1.5,0.05263157894736842,0.5,0.10526315789473684,3,12
0,0,공학계열,2,3,1,0,1,10,2,10,12036360.0,1,1094214.5454545454,4012120.0,0.9090909090909092,3,2.5,0.0909090909090909,4,3009090.0,12036360.0,0.9090909090909091,1.5,0.18181818181818182,0.5,0.0,0.0,0.18181818181818182,3,8
1,0,자연과학계열,2,1,1,0,1,6,2,5,5457900.0,0,779700.0,1819300.0,0.7142857142857143,1,2.5,0.1428571428571428,4,2728950.0,2728950.0,0.7142857142857143,0.5,0.2857142857142857,1.0,0.14285714285714285,0.5,0.2857142857142857,1,8
1,0,기타,3,2,0,0,3,7,1,6,13740660.0,1,1717582.5,3435165.0,0.75,2,2.0,0.0,3,4580220.0,6870330.0,0.75,2.0,0.375,1.0,0.125,0.3333333333333333,0.125,6,3
1,0,공학계열,4,1,1,0,3,10,3,10,4658880.0,0,423534.5454545455,931776.0,0.9090909090909092,1,5.0,0.0909090909090909,12,2329440.0,2329440.0,0.9090909090909091,0.5,0.36363636363636365,2.0,0.09090909090909091,0.5,0.2727272727272727,3,36
1,0,사회과학계열,2,3,0,0,1,20,4,19,12175740.0,1,579797.1428571428,4058580.0,0.9047619047619048,3,4.75,0.0,8,3043935.0,6087870.0,0.9047619047619048,3.0,0.09523809523809523,0.5,0.047619047619047616,0.25,0.19047619047619047,3,32
1,0,공학계열,3,3,4,1,4,14,6,11,14244360.0,1,949624.0,3561090.0,0.7333333333333333,3,2.75,0.2666666666666666,18,3561090.0,7122180.0,0.7333333333333333,0.6,0.2,0.75,0.06666666666666667,0.25,0.4,12,108
0,0,사회과학계열,1,1,1,0,4,3,4,3,6376980.0,0,1594245.0,3188490.0,0.75,1,1.5,0.25,4,3188490.0,6376980.0,0.75,0.5,0.25,0.5,0.0,0.0,1.0,4,16
2,0,사회과학계열,3,3,3,0,2,23,4,3,15146880.0,1,631120.0,3786720.0,0.125,3,0.75,0.125,12,3786720.0,5048960.0,0.125,0.75,0.125,0.75,0.08333333333333333,0.5,0.16666666666666666,6,48
1,0,기타,3,2,3,0,4,10,4,8,5050800.0,0,459163.6363636364,1262700.0,0.7272727272727273,2,2.6666666666666665,0.2727272727272727,12,1683600.0,2525400.0,0.7272727272727273,0.5,0.2727272727272727,1.0,0.09090909090909091,0.3333333333333333,0.36363636363636365,8,48
1,2,자연과학계열,2,3,9,0,4,24,1,20,14465160.0,0,578606.4,4821720.0,0.8,3,5.0,0.36,2,3616290.0,7232580.0,0.8,0.3,0.08,0.5,0.04,0.25,0.04,12,2
1,0,사회과학계열,2,3,4,0,3,9,2,3,9824220.0,1,982422.0,3274740.0,0.3,3,0.75,0.4,4,2456055.0,4912110.0,0.3,0.6,0.2,0.5,0.1,0.25,0.2,9,8
1,1,공학계열,3,3,0,1,1,9,2,8,13223160.0,0,1322316.0,3305790.0,0.8,3,2.0,0.0,6,3305790.0,6611580.0,0.8,3.0,0.3,0.75,0.1,0.25,0.2,3,12
2,0,자연과학계열,2,2,1,1,2,14,4,13,6221040.0,0,414736.0,2073680.0,0.8666666666666667,2,4.333333333333333,0.0666666666666666,8,2073680.0,2073680.0,0.8666666666666667,1.0,0.13333333333333333,0.6666666666666666,0.13333333333333333,0.6666666666666666,0.26666666666666666,4,32
1,0,사회과학계열,3,1,1,0,4,4,5,4,3045660.0,0,609132.0,761415.0,0.8,1,2.0,0.2,15,1522830.0,1522830.0,0.8,0.5,0.6,1.5,0.2,0.5,1.0,4,75
2,0,사회과학계열,3,2,0,0,3,7,1,6,10703280.0,1,1337910.0,2675820.0,0.75,2,2.0,0.0,3,3567760.0,3567760.0,0.75,2.0,0.375,1.0,0.25,0.6666666666666666,0.125,6,3
1,1,사회과학계열,2,2,2,0,3,8,5,1,9237720.0,0,1026413.3333333334,3079240.0,0.1111111111111111,2,0.3333333333333333,0.2222222222222222,10,3079240.0,4618860.0,0.1111111111111111,0.6666666666666666,0.2222222222222222,0.6666666666666666,0.1111111111111111,0.3333333333333333,0.5555555555555556,6,50
1,0,공학계열,3,1,1,0,2,7,3,7,5093580.0,0,636697.5,1273395.0,0.875,1,3.5,0.125,9,2546790.0,2546790.0,0.875,0.5,0.375,1.5,0.125,0.5,0.375,2,27
1,0,자연과학계열,3,1,1,1,3,1,0,1,3280260.0,0,1640130.0,820065.0,0.5,1,0.5,0.5,0,1640130.0,1640130.0,0.5,0.5,1.5,1.5,0.5,0.5,0.0,3,0
1,0,자연과학계열,2,1,4,1,2,5,0,2,3191940.0,0,531990.0,1063980.0,0.3333333333333333,1,1.0,0.6666666666666666,0,1595970.0,1595970.0,0.3333333333333333,0.2,0.3333333333333333,1.0,0.16666666666666666,0.5,0.0,2,0
1,0,자연과학계열,3,4,0,0,4,23,3,22,24377700.0,1,1015737.5,6094425.0,0.9166666666666666,4,4.4,0.0,9,4875540.0,12188850.0,0.9166666666666666,4.0,0.125,0.6,0.041666666666666664,0.2,0.125,16,27
2,0,자연과학계열,2,1,1,0,1,1,2,1,3582480.0,0,1791240.0,1194160.0,0.5,1,0.5,0.5,4,1791240.0,1194160.0,0.5,0.5,1.0,1.0,1.0,1.0,1.0,1,8
2,1,기타,3,2,3,0,4,5,4,0,6524640.0,0,1087440.0,1631160.0,0.0,2,0.0,0.5,12,2174880.0,2174880.0,0.0,0.5,0.5,1.0,0.3333333333333333,0.6666666666666666,0.6666666666666666,8,48
2,1,사회과학계열,3,2,0,0,3,4,3,3,5936760.0,0,1187352.0,1484190.0,0.6,2,1.0,0.0,9,1978920.0,1978920.0,0.6,2.0,0.6,1.0,0.4,0.6666666666666666,0.6,6,27
0,0,사회과학계열,2,1,3,0,4,6,2,0,4111020.0,0,587288.5714285715,1370340.0,0.0,1,0.0,0.4285714285714285,4,2055510.0,4111020.0,0.0,0.25,0.2857142857142857,1.0,0.0,0.0,0.2857142857142857,4,8
0,0,자연과학계열,4,4,2,1,3,27,3,5,23301300.0,1,832189.2857142857,4660260.0,0.1785714285714285,4,1.0,0.0714285714285714,12,4660260.0,23301300.0,0.17857142857142858,1.3333333333333333,0.14285714285714285,0.8,0.0,0.0,0.10714285714285714,12,36
0,1,사회과학계열,2,2,1,0,4,15,2,15,7718340.0,0,482396.25,2572780.0,0.9375,2,5.0,0.0625,4,2572780.0,7718340.0,0.9375,1.0,0.125,0.6666666666666666,0.0,0.0,0.125,8,8
1,0,사회과학계열,3,3,7,0,4,18,4,8,14414100.0,1,758636.8421052631,3603525.0,0.4210526315789473,3,2.0,0.3684210526315789,12,3603525.0,7207050.0,0.42105263157894735,0.375,0.15789473684210525,0.75,0.05263157894736842,0.25,0.21052631578947367,12,48
1,1,상경계열,2,3,0,0,2,9,2,8,12061200.0,0,1206120.0,4020400.0,0.8,3,2.0,0.0,4,3015300.0,6030600.0,0.8,3.0,0.2,0.5,0.1,0.25,0.2,6,8
1,0,사회과학계열,3,1,4,1,1,11,1,7,3469320.0,0,289110.0,867330.0,0.5833333333333334,1,3.5,0.3333333333333333,3,1734660.0,1734660.0,0.5833333333333334,0.2,0.25,1.5,0.08333333333333333,0.5,0.08333333333333333,1,3
1,0,자연과학계열,3,3,0,0,2,10,3,9,10563900.0,1,960354.5454545454,2640975.0,0.8181818181818182,3,2.25,0.0,9,2640975.0,5281950.0,0.8181818181818182,3.0,0.2727272727272727,0.75,0.09090909090909091,0.25,0.2727272727272727,6,27
1,1,상경계열,3,4,3,0,4,23,3,12,24101700.0,1,1004237.5,6025425.0,0.5,4,2.4,0.125,9,4820340.0,12050850.0,0.5,1.0,0.125,0.6,0.041666666666666664,0.2,0.125,16,27
1,1,상경계열,3,3,7,0,3,10,2,1,10144380.0,0,922216.3636363636,2536095.0,0.0909090909090909,3,0.25,0.6363636363636364,6,2536095.0,5072190.0,0.09090909090909091,0.375,0.2727272727272727,0.75,0.09090909090909091,0.25,0.18181818181818182,9,12
2,0,사회과학계열,3,3,8,0,3,18,1,8,14931600.0,1,785873.6842105263,3732900.0,0.4210526315789473,3,2.0,0.4210526315789473,3,3732900.0,4977200.0,0.42105263157894735,0.3333333333333333,0.15789473684210525,0.75,0.10526315789473684,0.5,0.05263157894736842,9,3
2,0,사회과학계열,3,4,7,0,4,21,4,18,16793220.0,1,763328.1818181818,4198305.0,0.8181818181818182,4,3.6,0.3181818181818182,12,3358644.0,5597740.0,0.8181818181818182,0.5,0.13636363636363635,0.6,0.09090909090909091,0.4,0.18181818181818182,16,48
1,0,자연과학계열,2,5,1,0,1,21,2,20,27083880.0,1,1231085.4545454546,9027960.0,0.9090909090909092,5,3.333333333333333,0.0454545454545454,4,4513980.0,13541940.0,0.9090909090909091,2.5,0.09090909090909091,0.3333333333333333,0.045454545454545456,0.16666666666666666,0.09090909090909091,5,8
1,0,공학계열,2,1,1,0,3,2,6,2,2856600.0,0,952200.0,952200.0,0.6666666666666666,1,1.0,0.3333333333333333,12,1428300.0,1428300.0,0.6666666666666666,0.5,0.6666666666666666,1.0,0.3333333333333333,0.5,2.0,3,72
0,0,사회과학계열,3,2,9,0,3,9,2,5,9359160.0,0,935916.0,2339790.0,0.5,2,1.6666666666666667,0.9,6,3119720.0,9359160.0,0.5,0.2,0.3,1.0,0.0,0.0,0.2,6,12
0,0,사회과학계열,3,2,2,1,1,18,0,11,10735020.0,1,565001.052631579,2683755.0,0.5789473684210527,2,3.6666666666666665,0.1052631578947368,0,3578340.0,10735020.0,0.5789473684210527,0.6666666666666666,0.15789473684210525,1.0,0.0,0.0,0.0,2,0
2,1,사회과학계열,4,1,0,0,1,3,4,2,3851580.0,0,962895.0,770316.0,0.5,1,1.0,0.0,16,1925790.0,1283860.0,0.5,1.0,1.0,2.0,0.5,1.0,1.0,1,64
1,0,사회과학계열,2,1,0,0,1,6,2,5,4417380.0,0,631054.2857142857,1472460.0,0.7142857142857143,1,2.5,0.0,4,2208690.0,2208690.0,0.7142857142857143,1.0,0.2857142857142857,1.0,0.14285714285714285,0.5,0.2857142857142857,1,8
2,1,상경계열,3,2,1,0,4,5,3,5,6855840.0,0,1142640.0,1713960.0,0.8333333333333334,2,1.6666666666666667,0.1666666666666666,9,2285280.0,2285280.0,0.8333333333333334,1.0,0.5,1.0,0.3333333333333333,0.6666666666666666,0.5,8,27
1,1,공학계열,2,4,6,0,2,22,3,9,18105600.0,0,787200.0,6035200.0,0.391304347826087,4,1.8,0.2608695652173913,6,3621120.0,9052800.0,0.391304347826087,0.5714285714285714,0.08695652173913043,0.4,0.043478260869565216,0.2,0.13043478260869565,8,18
2,0,사회과학계열,3,2,2,0,4,5,3,3,5565540.0,1,927590.0,1391385.0,0.5,2,1.0,0.3333333333333333,9,1855180.0,1855180.0,0.5,0.6666666666666666,0.5,1.0,0.3333333333333333,0.6666666666666666,0.5,8,27
2,0,사회과학계열,3,1,0,0,4,8,2,7,4541580.0,0,504620.0,1135395.0,0.7777777777777778,1,3.5,0.0,6,2270790.0,1513860.0,0.7777777777777778,1.0,0.3333333333333333,1.5,0.2222222222222222,1.0,0.2222222222222222,4,12
1,0,자연과학계열,1,2,4,0,1,16,3,1,5895360.0,0,346785.8823529412,2947680.0,0.0588235294117647,2,0.3333333333333333,0.2352941176470588,3,1965120.0,2947680.0,0.058823529411764705,0.4,0.058823529411764705,0.3333333333333333,0.058823529411764705,0.3333333333333333,0.17647058823529413,2,9
1,0,자연과학계열,2,2,1,0,3,10,2,10,6977280.0,1,634298.1818181818,2325760.0,0.9090909090909092,2,3.333333333333333,0.0909090909090909,4,2325760.0,3488640.0,0.9090909090909091,1.0,0.18181818181818182,0.6666666666666666,0.09090909090909091,0.3333333333333333,0.18181818181818182,6,8
1,2,인문학,4,1,1,0,4,7,2,7,3924720.0,0,490590.0,784944.0,0.875,1,3.5,0.125,8,1962360.0,1962360.0,0.875,0.5,0.5,2.0,0.125,0.5,0.25,4,16
2,0,사회과학계열,2,1,1,0,4,3,2,3,3730140.0,0,932535.0,1243380.0,0.75,1,1.5,0.25,4,1865070.0,1243380.0,0.75,0.5,0.5,1.0,0.5,1.0,0.5,4,8
0,0,자연과학계열,3,1,1,0,4,0,0,0,2627520.0,0,2627520.0,656880.0,0.0,1,0.0,1.0,0,1313760.0,2627520.0,0.0,0.5,3.0,1.5,0.0,0.0,0.0,4,0
1,1,상경계열,3,2,0,0,1,6,3,5,11349120.0,0,1621302.857142857,2837280.0,0.7142857142857143,2,1.6666666666666667,0.0,9,3783040.0,5674560.0,0.7142857142857143,2.0,0.42857142857142855,1.0,0.14285714285714285,0.3333333333333333,0.42857142857142855,2,27
1,0,사회과학계열,3,1,3,0,1,6,4,1,6577080.0,0,939582.8571428572,1644270.0,0.1428571428571428,1,0.5,0.4285714285714285,12,3288540.0,3288540.0,0.14285714285714285,0.25,0.42857142857142855,1.5,0.14285714285714285,0.5,0.5714285714285714,1,48
2,0,자연과학계열,3,1,1,0,3,2,5,2,3601800.0,0,1200600.0,900450.0,0.6666666666666666,1,1.0,0.3333333333333333,15,1800900.0,1200600.0,0.6666666666666666,0.5,1.0,1.5,0.6666666666666666,1.0,1.6666666666666667,3,75
1,0,자연과학계열,2,2,7,0,3,9,2,6,7908780.0,1,790878.0,2636260.0,0.6,2,2.0,0.7,4,2636260.0,3954390.0,0.6,0.25,0.2,0.6666666666666666,0.1,0.3333333333333333,0.2,6,8
1,0,사회과학계열,2,1,1,0,3,4,0,4,3503820.0,0,700764.0,1167940.0,0.8,1,2.0,0.2,0,1751910.0,1751910.0,0.8,0.5,0.4,1.0,0.2,0.5,0.0,3,0
1,1,사회과학계열,3,2,1,1,1,6,3,6,7885320.0,0,1126474.2857142857,1971330.0,0.8571428571428571,2,2.0,0.1428571428571428,9,2628440.0,3942660.0,0.8571428571428571,1.0,0.42857142857142855,1.0,0.14285714285714285,0.3333333333333333,0.42857142857142855,2,27
1,2,공학계열,3,1,1,0,2,6,2,5,5965740.0,0,852248.5714285715,1491435.0,0.7142857142857143,1,2.5,0.1428571428571428,6,2982870.0,2982870.0,0.7142857142857143,0.5,0.42857142857142855,1.5,0.14285714285714285,0.5,0.2857142857142857,2,12
1,1,사회과학계열,2,3,1,0,1,11,3,11,10123680.0,0,843640.0,3374560.0,0.9166666666666666,3,2.75,0.0833333333333333,6,2530920.0,5061840.0,0.9166666666666666,1.5,0.16666666666666666,0.5,0.08333333333333333,0.25,0.25,3,18
2,0,자연과학계열,3,3,9,0,3,20,3,18,18628620.0,1,887077.1428571428,4657155.0,0.8571428571428571,3,4.5,0.4285714285714285,9,4657155.0,6209540.0,0.8571428571428571,0.3,0.14285714285714285,0.75,0.09523809523809523,0.5,0.14285714285714285,9,27
2,1,사회과학계열,3,4,0,0,2,22,2,21,18986040.0,0,825480.0,4746510.0,0.9130434782608696,4,4.2,0.0,6,3797208.0,6328680.0,0.9130434782608695,4.0,0.13043478260869565,0.6,0.08695652173913043,0.4,0.08695652173913043,8,12
1,1,상경계열,3,2,7,0,4,9,3,6,7113900.0,0,711390.0,1778475.0,0.6,2,2.0,0.7,9,2371300.0,3556950.0,0.6,0.25,0.3,1.0,0.1,0.3333333333333333,0.3,8,27
1,0,자연과학계열,2,1,6,0,2,10,2,8,3116040.0,0,283276.36363636365,1038680.0,0.7272727272727273,1,4.0,0.5454545454545454,4,1558020.0,1558020.0,0.7272727272727273,0.14285714285714285,0.18181818181818182,1.0,0.09090909090909091,0.5,0.18181818181818182,2,8
1,0,자연과학계열,3,1,8,1,4,6,2,4,4963860.0,0,709122.8571428572,1240965.0,0.5714285714285714,1,2.0,1.1428571428571428,6,2481930.0,2481930.0,0.5714285714285714,0.1111111111111111,0.42857142857142855,1.5,0.14285714285714285,0.5,0.2857142857142857,4,12
1,0,사회과학계열,3,1,1,0,4,1,4,1,3470700.0,0,1735350.0,867675.0,0.5,1,0.5,0.5,12,1735350.0,1735350.0,0.5,0.5,1.5,1.5,0.5,0.5,2.0,4,48
1,0,자연과학계열,4,1,1,1,2,8,2,8,6099600.0,0,677733.3333333334,1219920.0,0.8888888888888888,1,4.0,0.1111111111111111,8,3049800.0,3049800.0,0.8888888888888888,0.5,0.4444444444444444,2.0,0.1111111111111111,0.5,0.2222222222222222,2,16
1,1,상경계열,2,2,1,0,1,10,3,10,9077640.0,0,825240.0,3025880.0,0.9090909090909092,2,3.333333333333333,0.0909090909090909,6,3025880.0,4538820.0,0.9090909090909091,1.0,0.18181818181818182,0.6666666666666666,0.09090909090909091,0.3333333333333333,0.2727272727272727,2,18
2,0,자연과학계열,2,2,3,0,4,16,3,1,6102360.0,0,358962.35294117645,2034120.0,0.0588235294117647,2,0.3333333333333333,0.1764705882352941,6,2034120.0,2034120.0,0.058823529411764705,0.5,0.11764705882352941,0.6666666666666666,0.11764705882352941,0.6666666666666666,0.17647058823529413,8,18
1,0,사회과학계열,2,3,2,0,2,15,2,7,14178120.0,1,886132.5,4726040.0,0.4375,3,1.75,0.125,4,3544530.0,7089060.0,0.4375,1.0,0.125,0.5,0.0625,0.25,0.125,6,8
2,0,자연과학계열,2,2,0,1,3,14,3,13,7373340.0,1,491556.0,2457780.0,0.8666666666666667,2,4.333333333333333,0.0,6,2457780.0,2457780.0,0.8666666666666667,2.0,0.13333333333333333,0.6666666666666666,0.13333333333333333,0.6666666666666666,0.2,6,18
2,0,기타,2,1,1,0,2,2,2,2,3278880.0,0,1092960.0,1092960.0,0.6666666666666666,1,1.0,0.3333333333333333,4,1639440.0,1092960.0,0.6666666666666666,0.5,0.6666666666666666,1.0,0.6666666666666666,1.0,0.6666666666666666,2,8
1,1,상경계열,1,2,8,0,2,7,2,4,7377480.0,0,922185.0,3688740.0,0.5,2,1.3333333333333333,1.0,2,2459160.0,3688740.0,0.5,0.2222222222222222,0.125,0.3333333333333333,0.125,0.3333333333333333,0.25,4,4
0,1,사회과학계열,3,1,1,0,3,1,3,1,3901260.0,0,1950630.0,975315.0,0.5,1,0.5,0.5,9,1950630.0,3901260.0,0.5,0.5,1.5,1.5,0.0,0.0,1.5,3,27
1,0,공학계열,3,5,4,0,4,28,2,5,27521340.0,1,949011.724137931,6880335.0,0.1724137931034483,5,0.8333333333333334,0.1379310344827586,6,4586890.0,13760670.0,0.1724137931034483,1.0,0.10344827586206896,0.5,0.034482758620689655,0.16666666666666666,0.06896551724137931,20,12
1,0,자연과학계열,3,1,1,0,1,10,5,10,4320780.0,0,392798.1818181818,1080195.0,0.9090909090909092,1,5.0,0.0909090909090909,15,2160390.0,2160390.0,0.9090909090909091,0.5,0.2727272727272727,1.5,0.09090909090909091,0.5,0.45454545454545453,1,75
1,0,사회과학계열,3,1,1,1,3,1,4,1,3521760.0,0,1760880.0,880440.0,0.5,1,0.5,0.5,12,1760880.0,1760880.0,0.5,0.5,1.5,1.5,0.5,0.5,2.0,3,48
1,0,자연과학계열,3,1,4,0,3,7,2,3,6178260.0,0,772282.5,1544565.0,0.375,1,1.5,0.5,6,3089130.0,3089130.0,0.375,0.2,0.375,1.5,0.125,0.5,0.25,3,12
1,0,사회과학계열,2,2,1,0,2,14,2,14,8934120.0,1,595608.0,2978040.0,0.9333333333333332,2,4.666666666666667,0.0666666666666666,4,2978040.0,4467060.0,0.9333333333333333,1.0,0.13333333333333333,0.6666666666666666,0.06666666666666667,0.3333333333333333,0.13333333333333333,4,8
1,0,사회과학계열,2,1,1,0,1,2,2,2,4185540.0,0,1395180.0,1395180.0,0.6666666666666666,1,1.0,0.3333333333333333,4,2092770.0,2092770.0,0.6666666666666666,0.5,0.6666666666666666,1.0,0.3333333333333333,0.5,0.6666666666666666,1,8
1,0,사회과학계열,3,1,1,0,3,6,4,6,4051680.0,0,578811.4285714285,1012920.0,0.8571428571428571,1,3.0,0.1428571428571428,12,2025840.0,2025840.0,0.8571428571428571,0.5,0.42857142857142855,1.5,0.14285714285714285,0.5,0.5714285714285714,3,48
1,0,자연과학계열,3,5,3,0,2,26,6,7,25676280.0,1,950973.3333333334,6419070.0,0.2592592592592592,5,1.1666666666666667,0.1111111111111111,18,4279380.0,12838140.0,0.25925925925925924,1.25,0.1111111111111111,0.5,0.037037037037037035,0.16666666666666666,0.2222222222222222,10,108
1,0,사회과학계열,1,1,0,0,1,6,2,5,2991840.0,0,427405.7142857143,1495920.0,0.7142857142857143,1,2.5,0.0,2,1495920.0,1495920.0,0.7142857142857143,1.0,0.14285714285714285,0.5,0.14285714285714285,0.5,0.2857142857142857,1,4
2,0,사회과학계열,2,1,0,0,2,1,5,0,3937140.0,0,1968570.0,1312380.0,0.0,1,0.0,0.0,10,1968570.0,1312380.0,0.0,1.0,1.0,1.0,1.0,1.0,2.5,2,50
1,1,상경계열,3,4,8,1,1,28,2,26,23526240.0,1,811249.6551724138,5881560.0,0.896551724137931,4,5.2,0.2758620689655172,6,4705248.0,11763120.0,0.896551724137931,0.4444444444444444,0.10344827586206896,0.6,0.034482758620689655,0.2,0.06896551724137931,4,12
0,0,사회과학계열,1,1,2,0,4,6,3,0,3160200.0,0,451457.1428571429,1580100.0,0.0,1,0.0,0.2857142857142857,3,1580100.0,3160200.0,0.0,0.3333333333333333,0.14285714285714285,0.5,0.0,0.0,0.42857142857142855,4,9
1,2,인문학,3,1,1,0,4,5,2,5,4968000.0,0,828000.0,1242000.0,0.8333333333333334,1,2.5,0.1666666666666666,6,2484000.0,2484000.0,0.8333333333333334,0.5,0.5,1.5,0.16666666666666666,0.5,0.3333333333333333,4,12
0,0,사회과학계열,2,1,6,0,1,5,2,1,2907660.0,0,484610.0,969220.0,0.1666666666666666,1,0.5,1.0,4,1453830.0,2907660.0,0.16666666666666666,0.14285714285714285,0.3333333333333333,1.0,0.0,0.0,0.3333333333333333,1,8
1,1,사회과학계열,3,2,8,0,3,8,3,4,5678700.0,0,630966.6666666666,1419675.0,0.4444444444444444,2,1.3333333333333333,0.8888888888888888,9,1892900.0,2839350.0,0.4444444444444444,0.2222222222222222,0.3333333333333333,1.0,0.1111111111111111,0.3333333333333333,0.3333333333333333,6,27
2,1,자연과학계열,3,2,5,0,4,5,2,0,5971260.0,0,995210.0,1492815.0,0.0,2,0.0,0.8333333333333334,6,1990420.0,1990420.0,0.0,0.3333333333333333,0.5,1.0,0.3333333333333333,0.6666666666666666,0.3333333333333333,8,12
2,0,자연과학계열,3,4,2,1,3,32,3,2,24641280.0,1,746705.4545454546,6160320.0,0.0606060606060606,4,0.4,0.0606060606060606,9,4928256.0,8213760.0,0.06060606060606061,1.3333333333333333,0.09090909090909091,0.6,0.06060606060606061,0.4,0.09090909090909091,12,27
1,0,자연과학계열,2,1,1,0,3,6,2,6,4410480.0,0,630068.5714285715,1470160.0,0.8571428571428571,1,3.0,0.1428571428571428,4,2205240.0,2205240.0,0.8571428571428571,0.5,0.2857142857142857,1.0,0.14285714285714285,0.5,0.2857142857142857,3,8
1,0,사회과학계열,3,5,5,0,1,25,2,4,26331780.0,1,1012760.7692307692,6582945.0,0.1538461538461538,5,0.6666666666666666,0.1923076923076923,6,4388630.0,13165890.0,0.15384615384615385,0.8333333333333334,0.11538461538461539,0.5,0.038461538461538464,0.16666666666666666,0.07692307692307693,5,12
1,1,사회과학계열,3,2,3,0,4,15,2,7,12373080.0,0,773317.5,3093270.0,0.4375,2,2.333333333333333,0.1875,6,4124360.0,6186540.0,0.4375,0.5,0.1875,1.0,0.0625,0.3333333333333333,0.125,8,12
1,0,사회과학계열,3,1,1,0,1,1,3,1,3049800.0,0,1524900.0,762450.0,0.5,1,0.5,0.5,9,1524900.0,1524900.0,0.5,0.5,1.5,1.5,0.5,0.5,1.5,1,27
2,1,자연과학계열,3,2,1,0,1,10,3,10,6263820.0,0,569438.1818181818,1565955.0,0.9090909090909092,2,3.333333333333333,0.0909090909090909,9,2087940.0,2087940.0,0.9090909090909091,1.0,0.2727272727272727,1.0,0.18181818181818182,0.6666666666666666,0.2727272727272727,2,27
1,0,사회과학계열,1,1,1,0,3,7,4,7,3782580.0,0,472822.5,1891290.0,0.875,1,3.5,0.125,4,1891290.0,1891290.0,0.875,0.5,0.125,0.5,0.125,0.5,0.5,3,16
1,0,사회과학계열,3,2,1,0,1,10,4,10,4817580.0,0,437961.8181818182,1204395.0,0.9090909090909092,2,3.333333333333333,0.0909090909090909,12,1605860.0,2408790.0,0.9090909090909091,1.0,0.2727272727272727,1.0,0.09090909090909091,0.3333333333333333,0.36363636363636365,2,48
1,0,기타,3,2,1,1,2,20,3,20,6266580.0,0,298408.5714285714,1566645.0,0.9523809523809524,2,6.666666666666667,0.0476190476190476,9,2088860.0,3133290.0,0.9523809523809523,1.0,0.14285714285714285,1.0,0.047619047619047616,0.3333333333333333,0.14285714285714285,4,27
1,1,상경계열,4,1,1,0,4,2,2,2,3695640.0,0,1231880.0,739128.0,0.6666666666666666,1,1.0,0.3333333333333333,8,1847820.0,1847820.0,0.6666666666666666,0.5,1.3333333333333333,2.0,0.3333333333333333,0.5,0.6666666666666666,4,16
1,0,공학계열,3,2,2,0,3,12,3,6,10183020.0,1,783309.2307692308,2545755.0,0.4615384615384615,2,2.0,0.1538461538461538,9,3394340.0,5091510.0,0.46153846153846156,0.6666666666666666,0.23076923076923078,1.0,0.07692307692307693,0.3333333333333333,0.23076923076923078,6,27
0,2,자연과학계열,4,2,7,0,1,10,3,4,8655360.0,0,786850.9090909091,1731072.0,0.3636363636363636,2,1.3333333333333333,0.6363636363636364,12,2885120.0,8655360.0,0.36363636363636365,0.25,0.36363636363636365,1.3333333333333333,0.0,0.0,0.2727272727272727,2,36
1,1,상경계열,4,2,0,0,2,12,3,11,7203600.0,0,554123.0769230769,1440720.0,0.8461538461538461,2,3.6666666666666665,0.0,12,2401200.0,3601800.0,0.8461538461538461,2.0,0.3076923076923077,1.3333333333333333,0.07692307692307693,0.3333333333333333,0.23076923076923078,4,36
2,0,기타,2,1,1,1,3,2,2,2,3785340.0,0,1261780.0,1261780.0,0.6666666666666666,1,1.0,0.3333333333333333,4,1892670.0,1261780.0,0.6666666666666666,0.5,0.6666666666666666,1.0,0.6666666666666666,1.0,0.6666666666666666,3,8
2,0,사회과학계열,3,2,4,0,4,10,2,8,6897240.0,0,627021.8181818182,1724310.0,0.7272727272727273,2,2.6666666666666665,0.3636363636363636,6,2299080.0,2299080.0,0.7272727272727273,0.4,0.2727272727272727,1.0,0.18181818181818182,0.6666666666666666,0.18181818181818182,8,12
1,0,공학계열,1,3,2,1,3,17,2,7,14147760.0,1,785986.6666666666,7073880.0,0.3888888888888889,3,1.75,0.1111111111111111,2,3536940.0,7073880.0,0.3888888888888889,1.0,0.05555555555555555,0.25,0.05555555555555555,0.25,0.1111111111111111,9,4
1,0,자연과학계열,3,1,0,0,2,15,5,14,3837780.0,0,239861.25,959445.0,0.875,1,7.0,0.0,15,1918890.0,1918890.0,0.875,1.0,0.1875,1.5,0.0625,0.5,0.3125,2,75
1,1,공학계열,2,2,7,0,2,7,2,5,9455760.0,0,1181970.0,3151920.0,0.625,2,1.6666666666666667,0.875,4,3151920.0,4727880.0,0.625,0.25,0.25,0.6666666666666666,0.125,0.3333333333333333,0.25,4,8
1,1,사회과학계열,3,2,0,0,2,5,4,4,6831000.0,0,1138500.0,1707750.0,0.6666666666666666,2,1.3333333333333333,0.0,12,2277000.0,3415500.0,0.6666666666666666,2.0,0.5,1.0,0.16666666666666666,0.3333333333333333,0.6666666666666666,4,48
1,0,자연과학계열,3,1,0,1,1,12,2,11,4939020.0,0,379924.6153846154,1234755.0,0.8461538461538461,1,5.5,0.0,6,2469510.0,2469510.0,0.8461538461538461,1.0,0.23076923076923078,1.5,0.07692307692307693,0.5,0.15384615384615385,1,12
2,0,자연과학계열,3,3,3,0,3,20,6,1,18203580.0,1,866837.1428571428,4550895.0,0.0476190476190476,3,0.25,0.1428571428571428,18,4550895.0,6067860.0,0.047619047619047616,0.75,0.14285714285714285,0.75,0.09523809523809523,0.5,0.2857142857142857,9,108
0,1,상경계열,2,3,4,0,2,16,6,13,14320260.0,0,842368.2352941176,4773420.0,0.7647058823529411,3,3.25,0.2352941176470588,12,3580065.0,14320260.0,0.7647058823529411,0.6,0.11764705882352941,0.5,0.0,0.0,0.35294117647058826,6,72
1,0,사회과학계열,3,1,1,0,4,9,3,9,3084300.0,0,308430.0,771075.0,0.9,1,4.5,0.1,9,1542150.0,1542150.0,0.9,0.5,0.3,1.5,0.1,0.5,0.3,4,27
2,0,사회과학계열,3,3,7,0,1,33,2,5,14492760.0,1,426257.6470588236,3623190.0,0.1470588235294117,3,1.25,0.2058823529411764,6,3623190.0,4830920.0,0.14705882352941177,0.375,0.08823529411764706,0.75,0.058823529411764705,0.5,0.058823529411764705,3,12
1,0,사회과학계열,4,1,1,0,4,10,5,10,2775180.0,0,252289.0909090909,555036.0,0.9090909090909092,1,5.0,0.0909090909090909,20,1387590.0,1387590.0,0.9090909090909091,0.5,0.36363636363636365,2.0,0.09090909090909091,0.5,0.45454545454545453,4,100
0,0,자연과학계열,2,1,1,1,2,1,2,1,2565420.0,0,1282710.0,855140.0,0.5,1,0.5,0.5,4,1282710.0,2565420.0,0.5,0.5,1.0,1.0,0.0,0.0,1.0,2,8
1,0,사회과학계열,3,1,1,0,1,3,5,3,5188800.0,0,1297200.0,1297200.0,0.75,1,1.5,0.25,15,2594400.0,2594400.0,0.75,0.5,0.75,1.5,0.25,0.5,1.25,1,75
1,0,사회과학계열,3,4,3,0,1,36,2,10,24535020.0,1,663108.6486486486,6133755.0,0.2702702702702703,4,2.0,0.081081081081081,6,4907004.0,12267510.0,0.2702702702702703,1.0,0.08108108108108109,0.6,0.02702702702702703,0.2,0.05405405405405406,4,12
1,0,자연과학계열,3,2,1,0,4,6,2,6,9429540.0,1,1347077.142857143,2357385.0,0.8571428571428571,2,2.0,0.1428571428571428,6,3143180.0,4714770.0,0.8571428571428571,1.0,0.42857142857142855,1.0,0.14285714285714285,0.3333333333333333,0.2857142857142857,8,12
1,0,자연과학계열,2,2,1,0,2,10,2,10,9400560.0,1,854596.3636363636,3133520.0,0.9090909090909092,2,3.333333333333333,0.0909090909090909,4,3133520.0,4700280.0,0.9090909090909091,1.0,0.18181818181818182,0.6666666666666666,0.09090909090909091,0.3333333333333333,0.18181818181818182,4,8
1,1,사회과학계열,2,2,5,0,4,13,2,6,7135980.0,0,509712.8571428572,2378660.0,0.4285714285714285,2,2.0,0.3571428571428571,4,2378660.0,3567990.0,0.42857142857142855,0.3333333333333333,0.14285714285714285,0.6666666666666666,0.07142857142857142,0.3333333333333333,0.14285714285714285,8,8
1,0,사회과학계열,1,5,3,0,2,25,2,8,27241200.0,1,1047738.4615384616,13620600.0,0.3076923076923077,5,1.3333333333333333,0.1153846153846153,2,4540200.0,13620600.0,0.3076923076923077,1.25,0.038461538461538464,0.16666666666666666,0.038461538461538464,0.16666666666666666,0.07692307692307693,10,4
1,0,자연과학계열,2,5,2,0,3,23,2,1,25821180.0,1,1075882.5,8607060.0,0.0416666666666666,5,0.1666666666666666,0.0833333333333333,4,4303530.0,12910590.0,0.041666666666666664,1.6666666666666667,0.08333333333333333,0.3333333333333333,0.041666666666666664,0.16666666666666666,0.08333333333333333,15,8
2,0,공학계열,3,1,1,0,3,12,2,11,5094960.0,0,391920.0,1273740.0,0.8461538461538461,1,5.5,0.0769230769230769,6,2547480.0,1698320.0,0.8461538461538461,0.5,0.23076923076923078,1.5,0.15384615384615385,1.0,0.15384615384615385,3,12
1,0,공학계열,4,1,5,0,3,7,4,1,3531420.0,0,441427.5,706284.0,0.125,1,0.5,0.625,16,1765710.0,1765710.0,0.125,0.16666666666666666,0.5,2.0,0.125,0.5,0.5,3,64
1,0,사회과학계열,3,1,1,0,2,5,2,5,3473460.0,0,578910.0,868365.0,0.8333333333333334,1,2.5,0.1666666666666666,6,1736730.0,1736730.0,0.8333333333333334,0.5,0.5,1.5,0.16666666666666666,0.5,0.3333333333333333,2,12
1,0,사회과학계열,3,2,1,0,2,6,2,6,9139740.0,1,1305677.142857143,2284935.0,0.8571428571428571,2,2.0,0.1428571428571428,6,3046580.0,4569870.0,0.8571428571428571,1.0,0.42857142857142855,1.0,0.14285714285714285,0.3333333333333333,0.2857142857142857,4,12
1,0,사회과학계열,2,5,6,0,3,25,3,1,25205700.0,1,969450.0,8401900.0,0.0384615384615384,5,0.1666666666666666,0.2307692307692307,6,4200950.0,12602850.0,0.038461538461538464,0.7142857142857143,0.07692307692307693,0.3333333333333333,0.038461538461538464,0.16666666666666666,0.11538461538461539,15,18
1,0,사회과학계열,2,4,3,0,2,9,2,7,22251120.0,1,2225112.0,7417040.0,0.7,4,1.4,0.3,4,4450224.0,11125560.0,0.7,1.0,0.2,0.4,0.1,0.2,0.2,8,8
1,0,공학계열,4,1,0,0,4,2,5,1,3567300.0,0,1189100.0,713460.0,0.3333333333333333,1,0.5,0.0,20,1783650.0,1783650.0,0.3333333333333333,1.0,1.3333333333333333,2.0,0.3333333333333333,0.5,1.6666666666666667,4,100
1,1,상경계열,3,5,7,0,3,26,5,22,25133940.0,1,930886.6666666666,6283485.0,0.8148148148148148,5,3.6666666666666665,0.2592592592592592,15,4188990.0,12566970.0,0.8148148148148148,0.625,0.1111111111111111,0.5,0.037037037037037035,0.16666666666666666,0.18518518518518517,15,75
1,1,상경계열,4,3,0,0,4,10,3,9,11564400.0,0,1051309.0909090908,2312880.0,0.8181818181818182,3,2.25,0.0,12,2891100.0,5782200.0,0.8181818181818182,3.0,0.36363636363636365,1.0,0.09090909090909091,0.25,0.2727272727272727,12,36
1,0,사회과학계열,4,1,1,0,4,1,2,1,4131720.0,0,2065860.0,826344.0,0.5,1,0.5,0.5,8,2065860.0,2065860.0,0.5,0.5,2.0,2.0,0.5,0.5,1.0,4,16
1,0,사회과학계열,3,1,1,1,4,1,2,1,1687740.0,0,843870.0,421935.0,0.5,1,0.5,0.5,6,843870.0,843870.0,0.5,0.5,1.5,1.5,0.5,0.5,1.0,4,12
2,1,사회과학계열,1,1,1,0,4,1,4,1,1542840.0,0,771420.0,771420.0,0.5,1,0.5,0.5,4,771420.0,514280.0,0.5,0.5,0.5,0.5,1.0,1.0,2.0,4,16
1,0,사회과학계열,3,1,1,1,2,8,2,8,3967500.0,0,440833.3333333333,991875.0,0.8888888888888888,1,4.0,0.1111111111111111,6,1983750.0,1983750.0,0.8888888888888888,0.5,0.3333333333333333,1.5,0.1111111111111111,0.5,0.2222222222222222,2,12
1,1,상경계열,1,5,2,0,1,26,2,24,25977120.0,1,962115.5555555556,12988560.0,0.8888888888888888,5,4.0,0.074074074074074,2,4329520.0,12988560.0,0.8888888888888888,1.6666666666666667,0.037037037037037035,0.16666666666666666,0.037037037037037035,0.16666666666666666,0.07407407407407407,5,4
0,0,자연과학계열,2,4,1,0,4,34,3,33,18736260.0,1,535321.7142857143,6245420.0,0.9428571428571428,4,6.6,0.0285714285714285,6,3747252.0,18736260.0,0.9428571428571428,2.0,0.05714285714285714,0.4,0.0,0.0,0.08571428571428572,16,18
2,0,사회과학계열,2,1,1,1,3,2,2,2,3622500.0,0,1207500.0,1207500.0,0.6666666666666666,1,1.0,0.3333333333333333,4,1811250.0,1207500.0,0.6666666666666666,0.5,0.6666666666666666,1.0,0.6666666666666666,1.0,0.6666666666666666,3,8
1,1,상경계열,2,5,2,0,3,26,2,11,25928820.0,1,960326.6666666666,8642940.0,0.4074074074074074,5,1.8333333333333333,0.074074074074074,4,4321470.0,12964410.0,0.4074074074074074,1.6666666666666667,0.07407407407407407,0.3333333333333333,0.037037037037037035,0.16666666666666666,0.07407407407407407,15,8
1,1,상경계열,3,2,0,0,4,4,3,3,6262440.0,0,1252488.0,1565610.0,0.6,2,1.0,0.0,9,2087480.0,3131220.0,0.6,2.0,0.6,1.0,0.2,0.3333333333333333,0.6,8,27
2,1,사회과학계열,3,5,4,1,1,31,5,29,27388860.0,1,855901.875,6847215.0,0.90625,5,4.833333333333333,0.125,15,4564810.0,9129620.0,0.90625,1.0,0.09375,0.5,0.0625,0.3333333333333333,0.15625,5,75
1,0,자연과학계열,3,3,6,0,4,25,6,9,14506560.0,1,557944.6153846154,3626640.0,0.3461538461538461,3,2.25,0.2307692307692307,18,3626640.0,7253280.0,0.34615384615384615,0.42857142857142855,0.11538461538461539,0.75,0.038461538461538464,0.25,0.23076923076923078,12,108
2,0,자연과학계열,3,2,4,0,3,15,2,11,6132720.0,0,383295.0,1533180.0,0.6875,2,3.6666666666666665,0.25,6,2044240.0,2044240.0,0.6875,0.4,0.1875,1.0,0.125,0.6666666666666666,0.125,6,12
2,0,자연과학계열,3,1,0,0,3,5,2,4,2972520.0,0,495420.0,743130.0,0.6666666666666666,1,2.0,0.0,6,1486260.0,990840.0,0.6666666666666666,1.0,0.5,1.5,0.3333333333333333,1.0,0.3333333333333333,3,12
1,0,사회과학계열,4,5,1,0,4,26,4,25,26482200.0,1,980822.2222222222,5296440.0,0.925925925925926,5,4.166666666666667,0.037037037037037,16,4413700.0,13241100.0,0.9259259259259259,2.5,0.14814814814814814,0.6666666666666666,0.037037037037037035,0.16666666666666666,0.14814814814814814,20,64
2,2,사회과학계열,2,2,4,0,4,14,5,10,6196200.0,0,413080.0,2065400.0,0.6666666666666666,2,3.333333333333333,0.2666666666666666,10,2065400.0,2065400.0,0.6666666666666666,0.4,0.13333333333333333,0.6666666666666666,0.13333333333333333,0.6666666666666666,0.3333333333333333,8,50
1,0,사회과학계열,3,1,0,0,4,4,3,3,4838280.0,0,967656.0,1209570.0,0.6,1,1.5,0.0,9,2419140.0,2419140.0,0.6,1.0,0.6,1.5,0.2,0.5,0.6,4,27
1,0,자연과학계열,4,2,6,0,4,18,2,1,3273360.0,0,172282.1052631579,654672.0,0.0526315789473684,2,0.3333333333333333,0.3157894736842105,8,1091120.0,1636680.0,0.05263157894736842,0.2857142857142857,0.21052631578947367,1.3333333333333333,0.05263157894736842,0.3333333333333333,0.10526315789473684,8,16
1,1,상경계열,2,3,3,0,4,23,3,21,14118780.0,0,588282.5,4706260.0,0.875,3,5.25,0.125,6,3529695.0,7059390.0,0.875,0.75,0.08333333333333333,0.5,0.041666666666666664,0.25,0.125,12,18
1,0,사회과학계열,3,2,9,0,4,18,2,16,7465800.0,1,392936.8421052632,1866450.0,0.8421052631578947,2,5.333333333333333,0.4736842105263157,6,2488600.0,3732900.0,0.8421052631578947,0.2,0.15789473684210525,1.0,0.05263157894736842,0.3333333333333333,0.10526315789473684,8,12
1,0,자연과학계열,3,3,1,0,4,10,2,10,11009640.0,1,1000876.3636363636,2752410.0,0.9090909090909092,3,2.5,0.0909090909090909,6,2752410.0,5504820.0,0.9090909090909091,1.5,0.2727272727272727,0.75,0.09090909090909091,0.25,0.18181818181818182,12,12
2,0,사회과학계열,2,1,1,0,2,2,2,2,5336460.0,0,1778820.0,1778820.0,0.6666666666666666,1,1.0,0.3333333333333333,4,2668230.0,1778820.0,0.6666666666666666,0.5,0.6666666666666666,1.0,0.6666666666666666,1.0,0.6666666666666666,2,8
2,0,자연과학계열,2,1,0,0,2,8,6,7,3916440.0,0,435160.0,1305480.0,0.7777777777777778,1,3.5,0.0,12,1958220.0,1305480.0,0.7777777777777778,1.0,0.2222222222222222,1.0,0.2222222222222222,1.0,0.6666666666666666,2,72
0,0,자연과학계열,3,2,7,0,3,10,3,8,6479100.0,1,589009.0909090909,1619775.0,0.7272727272727273,2,2.6666666666666665,0.6363636363636364,9,2159700.0,6479100.0,0.7272727272727273,0.25,0.2727272727272727,1.0,0.0,0.0,0.2727272727272727,6,27
1,0,공학계열,3,1,3,0,1,10,2,7,4607820.0,0,418892.7272727273,1151955.0,0.6363636363636364,1,3.5,0.2727272727272727,6,2303910.0,2303910.0,0.6363636363636364,0.25,0.2727272727272727,1.5,0.09090909090909091,0.5,0.18181818181818182,1,12
1,0,공학계열,3,1,2,0,2,5,2,3,2870400.0,0,478400.0,717600.0,0.5,1,1.5,0.3333333333333333,6,1435200.0,1435200.0,0.5,0.3333333333333333,0.5,1.5,0.16666666666666666,0.5,0.3333333333333333,2,12
1,0,자연과학계열,3,1,1,0,4,2,3,2,2892480.0,0,964160.0,723120.0,0.6666666666666666,1,1.0,0.3333333333333333,9,1446240.0,1446240.0,0.6666666666666666,0.5,1.0,1.5,0.3333333333333333,0.5,1.0,4,27
1,1,자연과학계열,4,2,1,0,3,10,4,10,8568420.0,0,778947.2727272727,1713684.0,0.9090909090909092,2,3.333333333333333,0.0909090909090909,16,2856140.0,4284210.0,0.9090909090909091,1.0,0.36363636363636365,1.3333333333333333,0.09090909090909091,0.3333333333333333,0.36363636363636365,6,64
2,0,자연과학계열,3,5,3,1,3,22,4,0,24924180.0,1,1083660.0,6231045.0,0.0,5,0.0,0.1304347826086956,12,4154030.0,8308060.0,0.0,1.25,0.13043478260869565,0.5,0.08695652173913043,0.3333333333333333,0.17391304347826086,15,48
1,0,자연과학계열,2,4,6,0,4,21,4,19,23629740.0,1,1074079.0909090908,7876580.0,0.8636363636363636,4,3.8,0.2727272727272727,8,4725948.0,11814870.0,0.8636363636363636,0.5714285714285714,0.09090909090909091,0.4,0.045454545454545456,0.2,0.18181818181818182,16,32
1,0,사회과학계열,3,1,1,0,4,2,3,2,3273360.0,0,1091120.0,818340.0,0.6666666666666666,1,1.0,0.3333333333333333,9,1636680.0,1636680.0,0.6666666666666666,0.5,1.0,1.5,0.3333333333333333,0.5,1.0,4,27
1,0,사회과학계열,3,2,1,0,1,10,3,10,6738540.0,0,612594.5454545454,1684635.0,0.9090909090909092,2,3.333333333333333,0.0909090909090909,9,2246180.0,3369270.0,0.9090909090909091,1.0,0.2727272727272727,1.0,0.09090909090909091,0.3333333333333333,0.2727272727272727,2,27
1,0,자연과학계열,3,1,0,0,1,6,2,5,5387520.0,0,769645.7142857143,1346880.0,0.7142857142857143,1,2.5,0.0,6,2693760.0,2693760.0,0.7142857142857143,1.0,0.42857142857142855,1.5,0.14285714285714285,0.5,0.2857142857142857,1,12
1,0,공학계열,2,2,0,0,1,10,6,9,6385260.0,0,580478.1818181818,2128420.0,0.8181818181818182,2,3.0,0.0,12,2128420.0,3192630.0,0.8181818181818182,2.0,0.18181818181818182,0.6666666666666666,0.09090909090909091,0.3333333333333333,0.5454545454545454,2,72
1,0,공학계열,3,3,3,0,1,10,0,7,9789720.0,1,889974.5454545454,2447430.0,0.6363636363636364,3,1.75,0.2727272727272727,0,2447430.0,4894860.0,0.6363636363636364,0.75,0.2727272727272727,0.75,0.09090909090909091,0.25,0.0,3,0
1,2,사회과학계열,3,1,6,0,3,10,3,7,4723740.0,0,429430.9090909091,1180935.0,0.6363636363636364,1,3.5,0.5454545454545454,9,2361870.0,2361870.0,0.6363636363636364,0.14285714285714285,0.2727272727272727,1.5,0.09090909090909091,0.5,0.2727272727272727,3,27
0,0,사회과학계열,1,2,0,0,1,10,6,9,9210120.0,0,837283.6363636364,4605060.0,0.8181818181818182,2,3.0,0.0,6,3070040.0,9210120.0,0.8181818181818182,2.0,0.09090909090909091,0.3333333333333333,0.0,0.0,0.5454545454545454,2,36
1,0,사회과학계열,3,4,4,0,2,25,2,3,23294400.0,1,895938.4615384615,5823600.0,0.1153846153846153,4,0.6,0.1538461538461538,6,4658880.0,11647200.0,0.11538461538461539,0.8,0.11538461538461539,0.6,0.038461538461538464,0.2,0.07692307692307693,8,12
1,1,상경계열,2,3,2,0,3,9,2,5,12549720.0,0,1254972.0,4183240.0,0.5,3,1.25,0.2,4,3137430.0,6274860.0,0.5,1.0,0.2,0.5,0.1,0.25,0.2,9,8
1,1,사회과학계열,3,3,9,0,3,10,2,8,11655480.0,0,1059589.0909090908,2913870.0,0.7272727272727273,3,2.0,0.8181818181818182,6,2913870.0,5827740.0,0.7272727272727273,0.3,0.2727272727272727,0.75,0.09090909090909091,0.25,0.18181818181818182,9,12
1,0,자연과학계열,3,3,1,1,4,9,2,9,16444080.0,1,1644408.0,4111020.0,0.9,3,2.25,0.1,6,4111020.0,8222040.0,0.9,1.5,0.3,0.75,0.1,0.25,0.2,12,12
1,0,사회과학계열,3,2,0,0,1,9,6,8,6256920.0,1,625692.0,1564230.0,0.8,2,2.6666666666666665,0.0,18,2085640.0,3128460.0,0.8,2.0,0.3,1.0,0.1,0.3333333333333333,0.6,2,108
0,1,사회과학계열,3,3,1,0,1,10,5,10,13595760.0,0,1235978.181818182,3398940.0,0.9090909090909092,3,2.5,0.0909090909090909,15,3398940.0,13595760.0,0.9090909090909091,1.5,0.2727272727272727,0.75,0.0,0.0,0.45454545454545453,3,75
0,1,자연과학계열,1,2,1,0,1,19,4,19,8488380.0,0,424419.0,4244190.0,0.95,2,6.333333333333333,0.05,4,2829460.0,8488380.0,0.95,1.0,0.05,0.3333333333333333,0.0,0.0,0.2,2,16
2,1,사회과학계열,3,1,1,0,1,3,2,3,3176760.0,0,794190.0,794190.0,0.75,1,1.5,0.25,6,1588380.0,1058920.0,0.75,0.5,0.75,1.5,0.5,1.0,0.5,1,12
1,0,사회과학계열,3,1,4,0,3,10,4,3,3259560.0,0,296323.63636363635,814890.0,0.2727272727272727,1,1.5,0.3636363636363636,12,1629780.0,1629780.0,0.2727272727272727,0.2,0.2727272727272727,1.5,0.09090909090909091,0.5,0.36363636363636365,3,48
0,0,사회과학계열,3,4,0,0,4,21,3,20,24648180.0,1,1120371.818181818,6162045.0,0.9090909090909092,4,4.0,0.0,9,4929636.0,24648180.0,0.9090909090909091,4.0,0.13636363636363635,0.6,0.0,0.0,0.13636363636363635,16,27
1,0,자연과학계열,1,5,4,0,4,23,5,19,26478060.0,1,1103252.5,13239030.0,0.7916666666666666,5,3.1666666666666665,0.1666666666666666,5,4413010.0,13239030.0,0.7916666666666666,1.0,0.041666666666666664,0.16666666666666666,0.041666666666666664,0.16666666666666666,0.20833333333333334,20,25
1,2,사회과학계열,3,5,6,0,1,36,4,7,27209460.0,1,735390.8108108108,6802365.0,0.1891891891891892,5,1.1666666666666667,0.1621621621621621,12,4534910.0,13604730.0,0.1891891891891892,0.7142857142857143,0.08108108108108109,0.5,0.02702702702702703,0.16666666666666666,0.10810810810810811,5,48
0,0,사회과학계열,3,1,9,0,2,6,0,4,4890720.0,0,698674.2857142857,1222680.0,0.5714285714285714,1,2.0,1.2857142857142858,0,2445360.0,4890720.0,0.5714285714285714,0.1,0.42857142857142855,1.5,0.0,0.0,0.0,2,0
1,0,사회과학계열,3,3,0,0,4,10,0,9,11730000.0,1,1066363.6363636365,2932500.0,0.8181818181818182,3,2.25,0.0,0,2932500.0,5865000.0,0.8181818181818182,3.0,0.2727272727272727,0.75,0.09090909090909091,0.25,0.0,12,0
1,0,사회과학계열,3,2,1,0,3,9,4,9,6432180.0,0,643218.0,1608045.0,0.9,2,3.0,0.1,12,2144060.0,3216090.0,0.9,1.0,0.3,1.0,0.1,0.3333333333333333,0.4,6,48
2,1,상경계열,3,2,0,0,4,10,2,9,5662140.0,0,514740.0,1415535.0,0.8181818181818182,2,3.0,0.0,6,1887380.0,1887380.0,0.8181818181818182,2.0,0.2727272727272727,1.0,0.18181818181818182,0.6666666666666666,0.18181818181818182,8,12
2,0,사회과학계열,3,2,1,0,2,9,3,9,5863620.0,0,586362.0,1465905.0,0.9,2,3.0,0.1,9,1954540.0,1954540.0,0.9,1.0,0.3,1.0,0.2,0.6666666666666666,0.3,4,27
1,2,사회과학계열,3,4,1,0,2,33,2,33,19355880.0,1,569290.5882352941,4838970.0,0.9705882352941176,4,6.6,0.0294117647058823,6,3871176.0,9677940.0,0.9705882352941176,2.0,0.08823529411764706,0.6,0.029411764705882353,0.2,0.058823529411764705,8,12
1,1,사회과학계열,3,2,3,0,4,11,3,7,9512340.0,0,792695.0,2378085.0,0.5833333333333334,2,2.333333333333333,0.25,9,3170780.0,4756170.0,0.5833333333333334,0.5,0.25,1.0,0.08333333333333333,0.3333333333333333,0.25,8,27
1,1,자연과학계열,3,2,1,0,4,10,6,10,8452500.0,0,768409.0909090909,2113125.0,0.9090909090909092,2,3.333333333333333,0.0909090909090909,18,2817500.0,4226250.0,0.9090909090909091,1.0,0.2727272727272727,1.0,0.09090909090909091,0.3333333333333333,0.5454545454545454,8,108
1,0,자연과학계열,3,1,3,0,3,7,6,3,5063220.0,0,632902.5,1265805.0,0.375,1,1.5,0.375,18,2531610.0,2531610.0,0.375,0.25,0.375,1.5,0.125,0.5,0.75,3,108
1,0,자연과학계열,2,3,7,0,4,31,0,10,13811040.0,1,431595.0,4603680.0,0.3125,3,2.5,0.21875,0,3452760.0,6905520.0,0.3125,0.375,0.0625,0.5,0.03125,0.25,0.0,12,0
1,0,사회과학계열,3,1,3,1,3,7,3,4,3294060.0,0,411757.5,823515.0,0.5,1,2.0,0.375,9,1647030.0,1647030.0,0.5,0.25,0.375,1.5,0.125,0.5,0.375,3,27
2,1,상경계열,4,2,2,0,4,17,2,15,6401820.0,0,355656.6666666667,1280364.0,0.8333333333333334,2,5.0,0.1111111111111111,8,2133940.0,2133940.0,0.8333333333333334,0.6666666666666666,0.2222222222222222,1.3333333333333333,0.1111111111111111,0.6666666666666666,0.1111111111111111,8,16
1,0,사회과학계열,3,3,1,0,3,11,2,10,10899240.0,1,908270.0,2724810.0,0.8333333333333334,3,2.5,0.0833333333333333,6,2724810.0,5449620.0,0.8333333333333334,1.5,0.25,0.75,0.08333333333333333,0.25,0.16666666666666666,9,12
1,1,자연과학계열,4,1,8,0,2,5,4,1,3496920.0,0,582820.0,699384.0,0.1666666666666666,1,0.5,1.3333333333333333,16,1748460.0,1748460.0,0.16666666666666666,0.1111111111111111,0.6666666666666666,2.0,0.16666666666666666,0.5,0.6666666666666666,2,64
1,0,공학계열,2,4,3,0,2,29,1,5,18135960.0,1,604532.0,6045320.0,0.1666666666666666,4,1.0,0.1,2,3627192.0,9067980.0,0.16666666666666666,1.0,0.06666666666666667,0.4,0.03333333333333333,0.2,0.03333333333333333,8,2
0,0,사회과학계열,3,1,1,0,3,0,5,0,2223180.0,0,2223180.0,555795.0,0.0,1,0.0,1.0,15,1111590.0,2223180.0,0.0,0.5,3.0,1.5,0.0,0.0,5.0,3,75
1,0,자연과학계열,2,2,0,0,2,10,0,9,7400940.0,0,672812.7272727273,2466980.0,0.8181818181818182,2,3.0,0.0,0,2466980.0,3700470.0,0.8181818181818182,2.0,0.18181818181818182,0.6666666666666666,0.09090909090909091,0.3333333333333333,0.0,4,0
2,1,사회과학계열,1,2,3,1,2,8,3,6,6997980.0,0,777553.3333333334,3498990.0,0.6666666666666666,2,2.0,0.3333333333333333,3,2332660.0,2332660.0,0.6666666666666666,0.5,0.1111111111111111,0.3333333333333333,0.2222222222222222,0.6666666666666666,0.3333333333333333,4,9
1,1,상경계열,4,4,6,0,3,24,2,19,18899100.0,0,755964.0,3779820.0,0.76,4,3.8,0.24,8,3779820.0,9449550.0,0.76,0.5714285714285714,0.16,0.8,0.04,0.2,0.08,12,16
1,0,사회과학계열,3,4,4,0,1,33,0,19,18494760.0,1,543963.5294117647,4623690.0,0.5588235294117647,4,3.8,0.1176470588235294,0,3698952.0,9247380.0,0.5588235294117647,0.8,0.08823529411764706,0.6,0.029411764705882353,0.2,0.0,4,0
0,0,공학계열,2,1,1,1,3,5,2,5,2800020.0,0,466670.0,933340.0,0.8333333333333334,1,2.5,0.1666666666666666,4,1400010.0,2800020.0,0.8333333333333334,0.5,0.3333333333333333,1.0,0.0,0.0,0.3333333333333333,3,8
1,0,자연과학계열,4,2,5,1,2,15,0,12,8800260.0,1,550016.25,1760052.0,0.75,2,4.0,0.3125,0,2933420.0,4400130.0,0.75,0.3333333333333333,0.25,1.3333333333333333,0.0625,0.3333333333333333,0.0,4,0
1,0,자연과학계열,3,2,4,0,1,10,1,8,7492020.0,0,681092.7272727273,1873005.0,0.7272727272727273,2,2.6666666666666665,0.3636363636363636,3,2497340.0,3746010.0,0.7272727272727273,0.4,0.2727272727272727,1.0,0.09090909090909091,0.3333333333333333,0.09090909090909091,2,3
2,1,사회과학계열,2,1,7,0,3,3,3,1,3843300.0,0,960825.0,1281100.0,0.25,1,0.5,1.75,6,1921650.0,1281100.0,0.25,0.125,0.5,1.0,0.5,1.0,0.75,3,18
2,1,상경계열,3,2,0,0,3,5,0,4,6367320.0,0,1061220.0,1591830.0,0.6666666666666666,2,1.3333333333333333,0.0,0,2122440.0,2122440.0,0.6666666666666666,2.0,0.5,1.0,0.3333333333333333,0.6666666666666666,0.0,6,0
2,0,사회과학계열,4,1,1,0,4,4,2,4,3601800.0,0,720360.0,720360.0,0.8,1,2.0,0.2,8,1800900.0,1200600.0,0.8,0.5,0.8,2.0,0.4,1.0,0.4,4,16
1,0,공학계열,3,2,1,0,4,14,2,14,9228060.0,1,615204.0,2307015.0,0.9333333333333332,2,4.666666666666667,0.0666666666666666,6,3076020.0,4614030.0,0.9333333333333333,1.0,0.2,1.0,0.06666666666666667,0.3333333333333333,0.13333333333333333,8,12
1,1,사회과학계열,2,2,1,0,3,5,0,5,6519120.0,0,1086520.0,2173040.0,0.8333333333333334,2,1.6666666666666667,0.1666666666666666,0,2173040.0,3259560.0,0.8333333333333334,1.0,0.3333333333333333,0.6666666666666666,0.16666666666666666,0.3333333333333333,0.0,6,0
1,0,자연과학계열,3,2,1,0,4,10,3,10,8527020.0,1,775183.6363636364,2131755.0,0.9090909090909092,2,3.333333333333333,0.0909090909090909,9,2842340.0,4263510.0,0.9090909090909091,1.0,0.2727272727272727,1.0,0.09090909090909091,0.3333333333333333,0.2727272727272727,8,27
1,1,사회과학계열,2,2,3,0,4,8,2,5,8445600.0,0,938400.0,2815200.0,0.5555555555555556,2,1.6666666666666667,0.3333333333333333,4,2815200.0,4222800.0,0.5555555555555556,0.5,0.2222222222222222,0.6666666666666666,0.1111111111111111,0.3333333333333333,0.2222222222222222,8,8
2,1,상경계열,3,3,2,0,2,14,5,4,14622480.0,0,974832.0,3655620.0,0.2666666666666666,3,1.0,0.1333333333333333,15,3655620.0,4874160.0,0.26666666666666666,1.0,0.2,0.75,0.13333333333333333,0.5,0.3333333333333333,6,75
2,0,사회과학계열,3,2,3,0,1,12,4,6,7544460.0,0,580343.0769230769,1886115.0,0.4615384615384615,2,2.0,0.2307692307692307,12,2514820.0,2514820.0,0.46153846153846156,0.5,0.23076923076923078,1.0,0.15384615384615385,0.6666666666666666,0.3076923076923077,2,48
1,0,사회과학계열,3,1,7,0,4,8,2,6,4134480.0,0,459386.6666666667,1033620.0,0.6666666666666666,1,3.0,0.7777777777777778,6,2067240.0,2067240.0,0.6666666666666666,0.125,0.3333333333333333,1.5,0.1111111111111111,0.5,0.2222222222222222,4,12
2,1,사회과학계열,3,2,6,0,1,8,2,5,13797240.0,0,1533026.6666666667,3449310.0,0.5555555555555556,2,1.6666666666666667,0.6666666666666666,6,4599080.0,4599080.0,0.5555555555555556,0.2857142857142857,0.3333333333333333,1.0,0.2222222222222222,0.6666666666666666,0.2222222222222222,2,12
1,1,상경계열,3,2,0,0,1,4,3,3,5627640.0,0,1125528.0,1406910.0,0.6,2,1.0,0.0,9,1875880.0,2813820.0,0.6,2.0,0.6,1.0,0.2,0.3333333333333333,0.6,2,27
0,0,사회과학계열,3,3,3,1,2,13,2,6,15069600.0,1,1076400.0,3767400.0,0.4285714285714285,3,1.5,0.2142857142857142,6,3767400.0,15069600.0,0.42857142857142855,0.75,0.21428571428571427,0.75,0.0,0.0,0.14285714285714285,6,12
1,1,사회과학계열,4,2,2,0,2,6,3,3,8600160.0,0,1228594.2857142857,1720032.0,0.4285714285714285,2,1.0,0.2857142857142857,12,2866720.0,4300080.0,0.42857142857142855,0.6666666666666666,0.5714285714285714,1.3333333333333333,0.14285714285714285,0.3333333333333333,0.42857142857142855,4,36
2,0,자연과학계열,4,4,2,0,2,24,3,5,18280860.0,1,731234.4,3656172.0,0.2,4,1.0,0.08,12,3656172.0,6093620.0,0.2,1.3333333333333333,0.16,0.8,0.08,0.4,0.12,8,36
1,0,자연과학계열,2,2,1,0,1,20,3,20,5631780.0,0,268180.0,1877260.0,0.9523809523809524,2,6.666666666666667,0.0476190476190476,6,1877260.0,2815890.0,0.9523809523809523,1.0,0.09523809523809523,0.6666666666666666,0.047619047619047616,0.3333333333333333,0.14285714285714285,2,18
1,1,상경계열,2,2,1,0,4,6,3,6,7961220.0,0,1137317.142857143,2653740.0,0.8571428571428571,2,2.0,0.1428571428571428,6,2653740.0,3980610.0,0.8571428571428571,1.0,0.2857142857142857,0.6666666666666666,0.14285714285714285,0.3333333333333333,0.42857142857142855,8,18
1,0,사회과학계열,3,1,1,0,4,8,2,8,3303720.0,0,367080.0,825930.0,0.8888888888888888,1,4.0,0.1111111111111111,6,1651860.0,1651860.0,0.8888888888888888,0.5,0.3333333333333333,1.5,0.1111111111111111,0.5,0.2222222222222222,4,12
1,0,자연과학계열,2,1,0,0,4,5,2,4,5387520.0,0,897920.0,1795840.0,0.6666666666666666,1,2.0,0.0,4,2693760.0,2693760.0,0.6666666666666666,1.0,0.3333333333333333,1.0,0.16666666666666666,0.5,0.3333333333333333,4,8
1,2,인문학,3,4,0,0,3,21,5,20,23182620.0,1,1053755.4545454546,5795655.0,0.9090909090909092,4,4.0,0.0,15,4636524.0,11591310.0,0.9090909090909091,4.0,0.13636363636363635,0.6,0.045454545454545456,0.2,0.22727272727272727,12,75
1,0,기타,3,1,9,0,3,12,2,5,4071000.0,0,313153.8461538461,1017750.0,0.3846153846153846,1,2.5,0.6923076923076923,6,2035500.0,2035500.0,0.38461538461538464,0.1,0.23076923076923078,1.5,0.07692307692307693,0.5,0.15384615384615385,3,12
1,0,자연과학계열,3,1,4,0,1,8,6,3,5008020.0,0,556446.6666666666,1252005.0,0.3333333333333333,1,1.5,0.4444444444444444,18,2504010.0,2504010.0,0.3333333333333333,0.2,0.3333333333333333,1.5,0.1111111111111111,0.5,0.6666666666666666,1,108
2,0,사회과학계열,3,3,2,0,3,10,2,2,12919560.0,1,1174505.4545454546,3229890.0,0.1818181818181818,3,0.5,0.1818181818181818,6,3229890.0,4306520.0,0.18181818181818182,1.0,0.2727272727272727,0.75,0.18181818181818182,0.5,0.18181818181818182,9,12
1,0,공학계열,3,1,4,0,2,7,2,3,4456020.0,0,557002.5,1114005.0,0.375,1,1.5,0.5,6,2228010.0,2228010.0,0.375,0.2,0.375,1.5,0.125,0.5,0.25,2,12
1,0,기타,4,1,0,0,4,8,2,7,4937640.0,0,548626.6666666666,987528.0,0.7777777777777778,1,3.5,0.0,8,2468820.0,2468820.0,0.7777777777777778,1.0,0.4444444444444444,2.0,0.1111111111111111,0.5,0.2222222222222222,4,16
1,2,기타,2,3,1,0,1,10,3,10,11023440.0,0,1002130.9090909092,3674480.0,0.9090909090909092,3,2.5,0.0909090909090909,6,2755860.0,5511720.0,0.9090909090909091,1.5,0.18181818181818182,0.5,0.09090909090909091,0.25,0.2727272727272727,3,18
2,0,사회과학계열,2,2,3,1,1,20,2,4,5911920.0,0,281520.0,1970640.0,0.1904761904761904,2,1.3333333333333333,0.1428571428571428,4,1970640.0,1970640.0,0.19047619047619047,0.5,0.09523809523809523,0.6666666666666666,0.09523809523809523,0.6666666666666666,0.09523809523809523,2,8
2,0,기타,3,3,0,0,1,9,1,8,10423140.0,1,1042314.0,2605785.0,0.8,3,2.0,0.0,3,2605785.0,3474380.0,0.8,3.0,0.3,0.75,0.2,0.5,0.1,3,3
1,0,자연과학계열,3,4,6,0,4,29,3,20,23912640.0,1,797088.0,5978160.0,0.6666666666666666,4,4.0,0.2,9,4782528.0,11956320.0,0.6666666666666666,0.5714285714285714,0.1,0.6,0.03333333333333333,0.2,0.1,16,27
1,0,자연과학계열,3,5,3,1,3,32,3,9,27187380.0,1,823860.0,6796845.0,0.2727272727272727,5,1.5,0.0909090909090909,9,4531230.0,13593690.0,0.2727272727272727,1.25,0.09090909090909091,0.5,0.030303030303030304,0.16666666666666666,0.09090909090909091,15,27
1,0,자연과학계열,4,4,2,0,4,31,4,7,20330160.0,1,635317.5,4066032.0,0.21875,4,1.4,0.0625,16,4066032.0,10165080.0,0.21875,1.3333333333333333,0.125,0.8,0.03125,0.2,0.125,16,64
1,1,상경계열,3,2,3,0,4,15,3,5,12803640.0,0,800227.5,3200910.0,0.3125,2,1.6666666666666667,0.1875,9,4267880.0,6401820.0,0.3125,0.5,0.1875,1.0,0.0625,0.3333333333333333,0.1875,8,27
2,1,사회과학계열,1,1,1,0,2,1,3,1,1875420.0,0,937710.0,937710.0,0.5,1,0.5,0.5,3,937710.0,625140.0,0.5,0.5,0.5,0.5,1.0,1.0,1.5,2,9
1,1,상경계열,3,2,7,0,2,8,3,3,6595020.0,0,732780.0,1648755.0,0.3333333333333333,2,1.0,0.7777777777777778,9,2198340.0,3297510.0,0.3333333333333333,0.25,0.3333333333333333,1.0,0.1111111111111111,0.3333333333333333,0.3333333333333333,4,27
1,0,사회과학계열,3,4,3,0,3,9,3,3,22662360.0,1,2266236.0,5665590.0,0.3,4,0.6,0.3,9,4532472.0,11331180.0,0.3,1.0,0.3,0.6,0.1,0.2,0.3,12,27
2,0,기타,3,1,5,0,3,10,2,4,4134480.0,0,375861.8181818182,1033620.0,0.3636363636363636,1,2.0,0.4545454545454545,6,2067240.0,1378160.0,0.36363636363636365,0.16666666666666666,0.2727272727272727,1.5,0.18181818181818182,1.0,0.18181818181818182,3,12
1,0,사회과학계열,2,1,1,0,3,1,3,1,1740180.0,0,870090.0,580060.0,0.5,1,0.5,0.5,6,870090.0,870090.0,0.5,0.5,1.0,1.0,0.5,0.5,1.5,3,18
1,0,사회과학계열,3,1,0,0,2,6,3,5,2896620.0,0,413802.8571428572,724155.0,0.7142857142857143,1,2.5,0.0,9,1448310.0,1448310.0,0.7142857142857143,1.0,0.42857142857142855,1.5,0.14285714285714285,0.5,0.42857142857142855,2,27
1,0,사회과학계열,2,2,1,0,3,10,2,10,8017800.0,0,728890.9090909091,2672600.0,0.9090909090909092,2,3.333333333333333,0.0909090909090909,4,2672600.0,4008900.0,0.9090909090909091,1.0,0.18181818181818182,0.6666666666666666,0.09090909090909091,0.3333333333333333,0.18181818181818182,6,8
1,1,상경계열,2,2,4,0,1,11,3,3,7792860.0,0,649405.0,2597620.0,0.25,2,1.0,0.3333333333333333,6,2597620.0,3896430.0,0.25,0.4,0.16666666666666666,0.6666666666666666,0.08333333333333333,0.3333333333333333,0.25,2,18
1,0,공학계열,3,1,7,0,3,17,2,6,4719600.0,0,262200.0,1179900.0,0.3333333333333333,1,3.0,0.3888888888888889,6,2359800.0,2359800.0,0.3333333333333333,0.125,0.16666666666666666,1.5,0.05555555555555555,0.5,0.1111111111111111,3,12
1,1,사회과학계열,2,1,3,0,1,6,2,3,6072000.0,0,867428.5714285715,2024000.0,0.4285714285714285,1,1.5,0.4285714285714285,4,3036000.0,3036000.0,0.42857142857142855,0.25,0.2857142857142857,1.0,0.14285714285714285,0.5,0.2857142857142857,1,8
0,0,공학계열,4,1,0,0,1,7,2,6,4830000.0,0,603750.0,966000.0,0.75,1,3.0,0.0,8,2415000.0,4830000.0,0.75,1.0,0.5,2.0,0.0,0.0,0.25,1,16
1,0,사회과학계열,3,1,2,1,4,5,3,3,2851080.0,0,475180.0,712770.0,0.5,1,1.5,0.3333333333333333,9,1425540.0,1425540.0,0.5,0.3333333333333333,0.5,1.5,0.16666666666666666,0.5,0.5,4,27
1,0,자연과학계열,3,4,3,0,2,26,2,20,23693220.0,1,877526.6666666666,5923305.0,0.7407407407407407,4,4.0,0.1111111111111111,6,4738644.0,11846610.0,0.7407407407407407,1.0,0.1111111111111111,0.6,0.037037037037037035,0.2,0.07407407407407407,8,12
1,1,자연과학계열,3,2,1,0,3,5,3,5,5743560.0,0,957260.0,1435890.0,0.8333333333333334,2,1.6666666666666667,0.1666666666666666,9,1914520.0,2871780.0,0.8333333333333334,1.0,0.5,1.0,0.16666666666666666,0.3333333333333333,0.5,6,27
1,1,상경계열,3,2,4,0,3,7,3,4,12701520.0,0,1587690.0,3175380.0,0.5,2,1.3333333333333333,0.5,9,4233840.0,6350760.0,0.5,0.4,0.375,1.0,0.125,0.3333333333333333,0.375,6,27
1,0,사회과학계열,2,1,5,0,1,7,2,5,4545720.0,0,568215.0,1515240.0,0.625,1,2.5,0.625,4,2272860.0,2272860.0,0.625,0.16666666666666666,0.25,1.0,0.125,0.5,0.25,1,8
1,0,자연과학계열,4,1,2,0,1,7,5,4,2935260.0,0,366907.5,587052.0,0.5,1,2.0,0.25,20,1467630.0,1467630.0,0.5,0.3333333333333333,0.5,2.0,0.125,0.5,0.625,1,100
0,0,기타,3,2,3,0,3,11,2,8,5485500.0,0,457125.0,1371375.0,0.6666666666666666,2,2.6666666666666665,0.25,6,1828500.0,5485500.0,0.6666666666666666,0.5,0.25,1.0,0.0,0.0,0.16666666666666666,6,12
1,1,사회과학계열,3,3,1,0,1,13,5,13,14894340.0,0,1063881.4285714286,3723585.0,0.9285714285714286,3,3.25,0.0714285714285714,15,3723585.0,7447170.0,0.9285714285714286,1.5,0.21428571428571427,0.75,0.07142857142857142,0.25,0.35714285714285715,3,75
1,1,상경계열,3,3,4,0,1,28,1,7,13932480.0,0,480430.3448275862,3483120.0,0.2413793103448276,3,1.75,0.1379310344827586,3,3483120.0,6966240.0,0.2413793103448276,0.6,0.10344827586206896,0.75,0.034482758620689655,0.25,0.034482758620689655,3,3
0,0,사회과학계열,2,1,2,1,2,11,2,1,5031480.0,0,419290.0,1677160.0,0.0833333333333333,1,0.5,0.1666666666666666,4,2515740.0,5031480.0,0.08333333333333333,0.3333333333333333,0.16666666666666666,1.0,0.0,0.0,0.16666666666666666,2,8
2,0,사회과학계열,4,3,1,0,1,10,2,10,10275480.0,1,934134.5454545454,2055096.0,0.9090909090909092,3,2.5,0.0909090909090909,8,2568870.0,3425160.0,0.9090909090909091,1.5,0.36363636363636365,1.0,0.18181818181818182,0.5,0.18181818181818182,3,16
1,0,자연과학계열,1,3,2,0,2,24,2,7,14974380.0,1,598975.2,7487190.0,0.28,3,1.75,0.08,2,3743595.0,7487190.0,0.28,1.0,0.04,0.25,0.04,0.25,0.08,6,4
1,2,자연과학계열,4,1,9,0,4,8,3,3,2910420.0,0,323380.0,582084.0,0.3333333333333333,1,1.5,1.0,12,1455210.0,1455210.0,0.3333333333333333,0.1,0.4444444444444444,2.0,0.1111111111111111,0.5,0.3333333333333333,4,36
2,0,사회과학계열,3,1,6,0,3,7,2,2,5136360.0,0,642045.0,1284090.0,0.25,1,1.0,0.75,6,2568180.0,1712120.0,0.25,0.14285714285714285,0.375,1.5,0.25,1.0,0.25,3,12
1,0,공학계열,3,3,4,0,4,10,4,3,12944400.0,1,1176763.6363636365,3236100.0,0.2727272727272727,3,0.75,0.3636363636363636,12,3236100.0,6472200.0,0.2727272727272727,0.6,0.2727272727272727,0.75,0.09090909090909091,0.25,0.36363636363636365,12,48
1,1,상경계열,3,2,4,0,1,15,3,2,7570680.0,0,473167.5,1892670.0,0.125,2,0.6666666666666666,0.25,9,2523560.0,3785340.0,0.125,0.4,0.1875,1.0,0.0625,0.3333333333333333,0.1875,2,27
1,2,공학계열,3,1,1,0,4,2,0,2,3783960.0,0,1261320.0,945990.0,0.6666666666666666,1,1.0,0.3333333333333333,0,1891980.0,1891980.0,0.6666666666666666,0.5,1.0,1.5,0.3333333333333333,0.5,0.0,4,0
0,0,자연과학계열,2,3,2,0,3,16,5,9,18984660.0,1,1116744.705882353,6328220.0,0.5294117647058824,3,2.25,0.1176470588235294,10,4746165.0,18984660.0,0.5294117647058824,1.0,0.11764705882352941,0.5,0.0,0.0,0.29411764705882354,9,50
1,1,자연과학계열,3,2,0,0,4,6,4,5,11678940.0,0,1668420.0,2919735.0,0.7142857142857143,2,1.6666666666666667,0.0,12,3892980.0,5839470.0,0.7142857142857143,2.0,0.42857142857142855,1.0,0.14285714285714285,0.3333333333333333,0.5714285714285714,8,48
0,0,사회과학계열,2,1,3,0,4,7,5,5,4363560.0,0,545445.0,1454520.0,0.625,1,2.5,0.375,10,2181780.0,4363560.0,0.625,0.25,0.25,1.0,0.0,0.0,0.625,4,50
1,0,자연과학계열,4,4,4,0,2,35,2,9,22905240.0,1,636256.6666666666,4581048.0,0.25,4,1.8,0.1111111111111111,8,4581048.0,11452620.0,0.25,0.8,0.1111111111111111,0.8,0.027777777777777776,0.2,0.05555555555555555,8,16
1,0,공학계열,3,2,2,0,2,20,0,3,9178380.0,1,437065.7142857143,2294595.0,0.1428571428571428,2,1.0,0.0952380952380952,0,3059460.0,4589190.0,0.14285714285714285,0.6666666666666666,0.14285714285714285,1.0,0.047619047619047616,0.3333333333333333,0.0,4,0
1,0,자연과학계열,3,1,2,0,3,8,3,3,3236100.0,0,359566.6666666667,809025.0,0.3333333333333333,1,1.5,0.2222222222222222,9,1618050.0,1618050.0,0.3333333333333333,0.3333333333333333,0.3333333333333333,1.5,0.1111111111111111,0.5,0.3333333333333333,3,27
1,0,사회과학계열,3,1,1,0,3,6,3,5,4719600.0,0,674228.5714285715,1179900.0,0.7142857142857143,1,2.5,0.1428571428571428,9,2359800.0,2359800.0,0.7142857142857143,0.5,0.42857142857142855,1.5,0.14285714285714285,0.5,0.42857142857142855,3,27
2,1,자연과학계열,3,2,0,0,1,5,2,4,6034740.0,0,1005790.0,1508685.0,0.6666666666666666,2,1.3333333333333333,0.0,6,2011580.0,2011580.0,0.6666666666666666,2.0,0.5,1.0,0.3333333333333333,0.6666666666666666,0.3333333333333333,2,12
1,1,기타,1,2,3,0,4,15,2,13,6567420.0,0,410463.75,3283710.0,0.8125,2,4.333333333333333,0.1875,2,2189140.0,3283710.0,0.8125,0.5,0.0625,0.3333333333333333,0.0625,0.3333333333333333,0.125,8,4
1,1,사회과학계열,3,2,8,0,3,4,2,2,7315380.0,0,1463076.0,1828845.0,0.4,2,0.6666666666666666,1.6,6,2438460.0,3657690.0,0.4,0.2222222222222222,0.6,1.0,0.2,0.3333333333333333,0.4,6,12
2,0,자연과학계열,3,1,1,0,3,12,3,12,5068740.0,0,389903.07692307694,1267185.0,0.9230769230769232,1,6.0,0.0769230769230769,9,2534370.0,1689580.0,0.9230769230769231,0.5,0.23076923076923078,1.5,0.15384615384615385,1.0,0.23076923076923078,3,27
2,1,상경계열,3,2,7,0,3,11,4,1,6579840.0,0,548320.0,1644960.0,0.0833333333333333,2,0.3333333333333333,0.5833333333333334,12,2193280.0,2193280.0,0.08333333333333333,0.25,0.25,1.0,0.16666666666666666,0.6666666666666666,0.3333333333333333,6,48
0,0,공학계열,3,1,1,0,2,1,2,1,1758120.0,0,879060.0,439530.0,0.5,1,0.5,0.5,6,879060.0,1758120.0,0.5,0.5,1.5,1.5,0.0,0.0,1.0,2,12
1,0,사회과학계열,4,2,0,1,1,13,2,12,6762000.0,0,483000.0,1352400.0,0.8571428571428571,2,4.0,0.0,8,2254000.0,3381000.0,0.8571428571428571,2.0,0.2857142857142857,1.3333333333333333,0.07142857142857142,0.3333333333333333,0.14285714285714285,2,16
1,0,사회과학계열,3,3,3,0,2,29,3,8,14443080.0,1,481436.0,3610770.0,0.2666666666666666,3,2.0,0.1,9,3610770.0,7221540.0,0.26666666666666666,0.75,0.1,0.75,0.03333333333333333,0.25,0.1,6,27
2,0,자연과학계열,3,4,7,0,4,16,3,14,23469660.0,1,1380568.2352941176,5867415.0,0.8235294117647058,4,2.8,0.4117647058823529,9,4693932.0,7823220.0,0.8235294117647058,0.5,0.17647058823529413,0.6,0.11764705882352941,0.4,0.17647058823529413,16,27
2,1,공학계열,3,1,3,0,4,5,3,3,4014420.0,0,669070.0,1003605.0,0.5,1,1.5,0.5,9,2007210.0,1338140.0,0.5,0.25,0.5,1.5,0.3333333333333333,1.0,0.5,4,27
2,1,공학계열,3,2,5,0,1,7,4,5,7955700.0,0,994462.5,1988925.0,0.625,2,1.6666666666666667,0.625,12,2651900.0,2651900.0,0.625,0.3333333333333333,0.375,1.0,0.25,0.6666666666666666,0.5,2,48
1,1,자연과학계열,2,2,0,1,3,16,2,15,6346620.0,0,373330.5882352941,2115540.0,0.8823529411764706,2,5.0,0.0,4,2115540.0,3173310.0,0.8823529411764706,2.0,0.11764705882352941,0.6666666666666666,0.058823529411764705,0.3333333333333333,0.11764705882352941,6,8
1,1,사회과학계열,3,1,1,0,1,1,3,1,3317520.0,0,1658760.0,829380.0,0.5,1,0.5,0.5,9,1658760.0,1658760.0,0.5,0.5,1.5,1.5,0.5,0.5,1.5,1,27
2,0,자연과학계열,3,1,2,0,3,4,2,0,4377360.0,0,875472.0,1094340.0,0.0,1,0.0,0.4,6,2188680.0,1459120.0,0.0,0.3333333333333333,0.6,1.5,0.4,1.0,0.4,3,12
0,1,사회과학계열,3,1,1,0,3,1,2,1,2805540.0,0,1402770.0,701385.0,0.5,1,0.5,0.5,6,1402770.0,2805540.0,0.5,0.5,1.5,1.5,0.0,0.0,1.0,3,12
2,0,자연과학계열,3,3,5,0,2,16,2,2,14088420.0,1,828730.5882352941,3522105.0,0.1176470588235294,3,0.5,0.2941176470588235,6,3522105.0,4696140.0,0.11764705882352941,0.5,0.17647058823529413,0.75,0.11764705882352941,0.5,0.11764705882352941,6,12
1,1,사회과학계열,2,2,1,0,3,10,3,10,11895600.0,0,1081418.181818182,3965200.0,0.9090909090909092,2,3.333333333333333,0.0909090909090909,6,3965200.0,5947800.0,0.9090909090909091,1.0,0.18181818181818182,0.6666666666666666,0.09090909090909091,0.3333333333333333,0.2727272727272727,6,18
1,2,사회과학계열,3,1,0,1,1,6,3,5,2848320.0,0,406902.8571428572,712080.0,0.7142857142857143,1,2.5,0.0,9,1424160.0,1424160.0,0.7142857142857143,1.0,0.42857142857142855,1.5,0.14285714285714285,0.5,0.42857142857142855,1,27
1,0,사회과학계열,3,2,0,0,2,4,2,3,5568300.0,1,1113660.0,1392075.0,0.6,2,1.0,0.0,6,1856100.0,2784150.0,0.6,2.0,0.6,1.0,0.2,0.3333333333333333,0.4,4,12
1,0,자연과학계열,2,1,8,0,4,8,5,5,5296440.0,0,588493.3333333334,1765480.0,0.5555555555555556,1,2.5,0.8888888888888888,10,2648220.0,2648220.0,0.5555555555555556,0.1111111111111111,0.2222222222222222,1.0,0.1111111111111111,0.5,0.5555555555555556,4,50
1,1,자연과학계열,3,2,3,0,3,11,4,5,6335580.0,0,527965.0,1583895.0,0.4166666666666667,2,1.6666666666666667,0.25,12,2111860.0,3167790.0,0.4166666666666667,0.5,0.25,1.0,0.08333333333333333,0.3333333333333333,0.3333333333333333,6,48
2,0,자연과학계열,2,1,7,0,3,8,2,0,3534180.0,0,392686.6666666667,1178060.0,0.0,1,0.0,0.7777777777777778,4,1767090.0,1178060.0,0.0,0.125,0.2222222222222222,1.0,0.2222222222222222,1.0,0.2222222222222222,3,8
1,0,사회과학계열,2,1,1,0,4,1,2,1,2156940.0,0,1078470.0,718980.0,0.5,1,0.5,0.5,4,1078470.0,1078470.0,0.5,0.5,1.0,1.0,0.5,0.5,1.0,4,8
2,1,사회과학계열,3,2,0,0,4,5,5,4,6759240.0,0,1126540.0,1689810.0,0.6666666666666666,2,1.3333333333333333,0.0,15,2253080.0,2253080.0,0.6666666666666666,2.0,0.5,1.0,0.3333333333333333,0.6666666666666666,0.8333333333333334,8,75
1,0,자연과학계열,2,2,4,1,1,10,3,3,6608820.0,0,600801.8181818182,2202940.0,0.2727272727272727,2,1.0,0.3636363636363636,6,2202940.0,3304410.0,0.2727272727272727,0.4,0.18181818181818182,0.6666666666666666,0.09090909090909091,0.3333333333333333,0.2727272727272727,2,18
2,0,사회과학계열,3,1,0,0,3,4,3,3,4388400.0,0,877680.0,1097100.0,0.6,1,1.5,0.0,9,2194200.0,1462800.0,0.6,1.0,0.6,1.5,0.4,1.0,0.6,3,27
1,0,사회과학계열,1,2,1,0,2,8,2,8,9037620.0,1,1004180.0,4518810.0,0.8888888888888888,2,2.6666666666666665,0.1111111111111111,2,3012540.0,4518810.0,0.8888888888888888,1.0,0.1111111111111111,0.3333333333333333,0.1111111111111111,0.3333333333333333,0.2222222222222222,4,4
1,0,사회과학계열,3,2,2,0,1,14,6,0,8815440.0,1,587696.0,2203860.0,0.0,2,0.0,0.1333333333333333,18,2938480.0,4407720.0,0.0,0.6666666666666666,0.2,1.0,0.06666666666666667,0.3333333333333333,0.4,2,108
1,0,자연과학계열,3,3,2,1,2,10,5,5,15516720.0,1,1410610.9090909092,3879180.0,0.4545454545454545,3,1.25,0.1818181818181818,15,3879180.0,7758360.0,0.45454545454545453,1.0,0.2727272727272727,0.75,0.09090909090909091,0.25,0.45454545454545453,6,75
2,0,자연과학계열,3,4,3,1,1,26,2,14,22124160.0,1,819413.3333333334,5531040.0,0.5185185185185185,4,2.8,0.1111111111111111,6,4424832.0,7374720.0,0.5185185185185185,1.0,0.1111111111111111,0.6,0.07407407407407407,0.4,0.07407407407407407,4,12
1,0,공학계열,2,1,6,0,3,11,2,9,3259560.0,0,271630.0,1086520.0,0.75,1,4.5,0.5,4,1629780.0,1629780.0,0.75,0.14285714285714285,0.16666666666666666,1.0,0.08333333333333333,0.5,0.16666666666666666,3,8
1,0,사회과학계열,3,4,3,0,3,24,1,20,22532640.0,1,901305.6,5633160.0,0.8,4,4.0,0.12,3,4506528.0,11266320.0,0.8,1.0,0.12,0.6,0.04,0.2,0.04,12,3
1,0,사회과학계열,3,3,4,0,4,9,3,2,11558880.0,1,1155888.0,2889720.0,0.2,3,0.5,0.4,9,2889720.0,5779440.0,0.2,0.6,0.3,0.75,0.1,0.25,0.3,12,27
1,1,사회과학계열,3,4,8,0,4,23,2,13,22916280.0,1,954845.0,5729070.0,0.5416666666666666,4,2.6,0.3333333333333333,6,4583256.0,11458140.0,0.5416666666666666,0.4444444444444444,0.125,0.6,0.041666666666666664,0.2,0.08333333333333333,16,12
1,0,사회과학계열,2,3,1,0,4,11,3,11,11876280.0,1,989690.0,3958760.0,0.9166666666666666,3,2.75,0.0833333333333333,6,2969070.0,5938140.0,0.9166666666666666,1.5,0.16666666666666666,0.5,0.08333333333333333,0.25,0.25,12,18
1,0,사회과학계열,3,2,0,0,2,5,2,4,3135360.0,0,522560.0,783840.0,0.6666666666666666,2,1.3333333333333333,0.0,6,1045120.0,1567680.0,0.6666666666666666,2.0,0.5,1.0,0.16666666666666666,0.3333333333333333,0.3333333333333333,4,12
1,0,사회과학계열,3,1,3,0,2,15,3,5,2784840.0,0,174052.5,696210.0,0.3125,1,2.5,0.1875,9,1392420.0,1392420.0,0.3125,0.25,0.1875,1.5,0.0625,0.5,0.1875,2,27
1,1,공학계열,2,3,1,0,4,10,3,10,9774540.0,0,888594.5454545454,3258180.0,0.9090909090909092,3,2.5,0.0909090909090909,6,2443635.0,4887270.0,0.9090909090909091,1.5,0.18181818181818182,0.5,0.09090909090909091,0.25,0.2727272727272727,12,18
2,0,사회과학계열,3,1,1,0,1,7,2,7,5635920.0,0,704490.0,1408980.0,0.875,1,3.5,0.125,6,2817960.0,1878640.0,0.875,0.5,0.375,1.5,0.25,1.0,0.25,1,12
2,0,자연과학계열,1,4,1,0,4,32,2,32,19887180.0,1,602641.8181818182,9943590.0,0.9696969696969696,4,6.4,0.0303030303030303,2,3977436.0,6629060.0,0.9696969696969697,2.0,0.030303030303030304,0.2,0.06060606060606061,0.4,0.06060606060606061,16,4
1,1,공학계열,3,1,0,1,2,12,4,11,3185040.0,0,245003.0769230769,796260.0,0.8461538461538461,1,5.5,0.0,12,1592520.0,1592520.0,0.8461538461538461,1.0,0.23076923076923078,1.5,0.07692307692307693,0.5,0.3076923076923077,2,48
1,0,자연과학계열,2,1,4,0,2,4,3,1,6680580.0,0,1336116.0,2226860.0,0.2,1,0.5,0.8,6,3340290.0,3340290.0,0.2,0.2,0.4,1.0,0.2,0.5,0.6,2,18
1,0,자연과학계열,3,2,1,0,1,10,2,10,5913300.0,0,537572.7272727273,1478325.0,0.9090909090909092,2,3.333333333333333,0.0909090909090909,6,1971100.0,2956650.0,0.9090909090909091,1.0,0.2727272727272727,1.0,0.09090909090909091,0.3333333333333333,0.18181818181818182,2,12
1,0,기타,1,2,3,0,3,9,3,7,13406700.0,1,1340670.0,6703350.0,0.7,2,2.333333333333333,0.3,3,4468900.0,6703350.0,0.7,0.5,0.1,0.3333333333333333,0.1,0.3333333333333333,0.3,6,9
1,0,사회과학계열,2,2,1,0,4,5,2,5,5961600.0,1,993600.0,1987200.0,0.8333333333333334,2,1.6666666666666667,0.1666666666666666,4,1987200.0,2980800.0,0.8333333333333334,1.0,0.3333333333333333,0.6666666666666666,0.16666666666666666,0.3333333333333333,0.3333333333333333,8,8
1,0,공학계열,3,1,4,1,4,8,3,5,2942160.0,0,326906.6666666667,735540.0,0.5555555555555556,1,2.5,0.4444444444444444,9,1471080.0,1471080.0,0.5555555555555556,0.2,0.3333333333333333,1.5,0.1111111111111111,0.5,0.3333333333333333,4,27
2,0,사회과학계열,3,3,2,0,3,24,3,20,13971120.0,1,558844.8,3492780.0,0.8,3,5.0,0.08,9,3492780.0,4657040.0,0.8,1.0,0.12,0.75,0.08,0.5,0.12,9,27
1,1,자연과학계열,3,2,0,0,4,9,5,8,7552740.0,0,755274.0,1888185.0,0.8,2,2.6666666666666665,0.0,15,2517580.0,3776370.0,0.8,2.0,0.3,1.0,0.1,0.3333333333333333,0.5,8,75
1,0,사회과학계열,3,2,1,0,2,15,3,15,7185660.0,0,449103.75,1796415.0,0.9375,2,5.0,0.0625,9,2395220.0,3592830.0,0.9375,1.0,0.1875,1.0,0.0625,0.3333333333333333,0.1875,4,27
1,2,자연과학계열,3,4,1,1,4,21,2,21,22683060.0,1,1031048.1818181818,5670765.0,0.9545454545454546,4,4.2,0.0454545454545454,6,4536612.0,11341530.0,0.9545454545454546,2.0,0.13636363636363635,0.6,0.045454545454545456,0.2,0.09090909090909091,16,12
1,0,공학계열,2,1,0,0,2,2,3,1,3168480.0,0,1056160.0,1056160.0,0.3333333333333333,1,0.5,0.0,6,1584240.0,1584240.0,0.3333333333333333,1.0,0.6666666666666666,1.0,0.3333333333333333,0.5,1.0,2,18
0,0,사회과학계열,3,2,3,0,3,8,2,2,5615220.0,1,623913.3333333334,1403805.0,0.2222222222222222,2,0.6666666666666666,0.3333333333333333,6,1871740.0,5615220.0,0.2222222222222222,0.5,0.3333333333333333,1.0,0.0,0.0,0.2222222222222222,6,12
1,0,공학계열,3,3,1,0,1,10,4,10,10268580.0,1,933507.2727272728,2567145.0,0.9090909090909092,3,2.5,0.0909090909090909,12,2567145.0,5134290.0,0.9090909090909091,1.5,0.2727272727272727,0.75,0.09090909090909091,0.25,0.36363636363636365,3,48
1,1,사회과학계열,2,1,0,1,1,6,5,5,3353400.0,0,479057.1428571429,1117800.0,0.7142857142857143,1,2.5,0.0,10,1676700.0,1676700.0,0.7142857142857143,1.0,0.2857142857142857,1.0,0.14285714285714285,0.5,0.7142857142857143,1,50
1,0,사회과학계열,2,2,3,0,1,12,2,7,8111640.0,0,623972.3076923077,2703880.0,0.5384615384615384,2,2.333333333333333,0.2307692307692307,4,2703880.0,4055820.0,0.5384615384615384,0.5,0.15384615384615385,0.6666666666666666,0.07692307692307693,0.3333333333333333,0.15384615384615385,2,8
1,1,사회과학계열,3,1,3,1,4,7,3,3,3648720.0,0,456090.0,912180.0,0.375,1,1.5,0.375,9,1824360.0,1824360.0,0.375,0.25,0.375,1.5,0.125,0.5,0.375,4,27
1,1,사회과학계열,3,2,8,0,3,18,2,8,8885820.0,0,467674.7368421053,2221455.0,0.4210526315789473,2,2.6666666666666665,0.4210526315789473,6,2961940.0,4442910.0,0.42105263157894735,0.2222222222222222,0.15789473684210525,1.0,0.05263157894736842,0.3333333333333333,0.10526315789473684,6,12
1,0,사회과학계열,4,1,6,0,1,5,2,1,3382380.0,0,563730.0,676476.0,0.1666666666666666,1,0.5,1.0,8,1691190.0,1691190.0,0.16666666666666666,0.14285714285714285,0.6666666666666666,2.0,0.16666666666666666,0.5,0.3333333333333333,1,16
1,1,사회과학계열,3,2,2,0,4,8,6,2,8820960.0,0,980106.6666666666,2205240.0,0.2222222222222222,2,0.6666666666666666,0.2222222222222222,18,2940320.0,4410480.0,0.2222222222222222,0.6666666666666666,0.3333333333333333,1.0,0.1111111111111111,0.3333333333333333,0.6666666666666666,8,108
1,1,사회과학계열,2,2,1,0,4,10,4,10,13405320.0,0,1218665.4545454546,4468440.0,0.9090909090909092,2,3.333333333333333,0.0909090909090909,8,4468440.0,6702660.0,0.9090909090909091,1.0,0.18181818181818182,0.6666666666666666,0.09090909090909091,0.3333333333333333,0.36363636363636365,8,32
2,2,인문학,3,2,3,0,3,10,2,6,8386260.0,0,762387.2727272727,2096565.0,0.5454545454545454,2,2.0,0.2727272727272727,6,2795420.0,2795420.0,0.5454545454545454,0.5,0.2727272727272727,1.0,0.18181818181818182,0.6666666666666666,0.18181818181818182,6,12
1,0,자연과학계열,2,1,1,0,2,3,3,3,3381000.0,0,845250.0,1127000.0,0.75,1,1.5,0.25,6,1690500.0,1690500.0,0.75,0.5,0.5,1.0,0.25,0.5,0.75,2,18
1,1,공학계열,3,3,3,0,2,9,3,4,12765000.0,0,1276500.0,3191250.0,0.4,3,1.0,0.3,9,3191250.0,6382500.0,0.4,0.75,0.3,0.75,0.1,0.25,0.3,6,27
1,0,사회과학계열,3,1,1,0,4,1,2,1,2862120.0,0,1431060.0,715530.0,0.5,1,0.5,0.5,6,1431060.0,1431060.0,0.5,0.5,1.5,1.5,0.5,0.5,1.0,4,12
1,0,공학계열,2,3,0,0,2,34,4,33,14033220.0,1,400949.1428571429,4677740.0,0.9428571428571428,3,8.25,0.0,8,3508305.0,7016610.0,0.9428571428571428,3.0,0.05714285714285714,0.5,0.02857142857142857,0.25,0.11428571428571428,6,32
1,0,자연과학계열,3,2,4,0,1,7,2,5,6699900.0,1,837487.5,1674975.0,0.625,2,1.6666666666666667,0.5,6,2233300.0,3349950.0,0.625,0.4,0.375,1.0,0.125,0.3333333333333333,0.25,2,12
0,0,공학계열,3,2,4,0,2,9,3,6,5640060.0,0,564006.0,1410015.0,0.6,2,2.0,0.4,9,1880020.0,5640060.0,0.6,0.4,0.3,1.0,0.0,0.0,0.3,4,27
1,0,기타,3,1,8,0,4,10,3,8,3266460.0,0,296950.9090909091,816615.0,0.7272727272727273,1,4.0,0.7272727272727273,9,1633230.0,1633230.0,0.7272727272727273,0.1111111111111111,0.2727272727272727,1.5,0.09090909090909091,0.5,0.2727272727272727,4,27
1,0,자연과학계열,3,1,1,0,3,1,4,1,4101360.0,0,2050680.0,1025340.0,0.5,1,0.5,0.5,12,2050680.0,2050680.0,0.5,0.5,1.5,1.5,0.5,0.5,2.0,3,48
1,1,상경계열,2,5,1,1,3,36,3,36,27028680.0,1,730504.8648648649,9009560.0,0.972972972972973,5,6.0,0.027027027027027,6,4504780.0,13514340.0,0.972972972972973,2.5,0.05405405405405406,0.3333333333333333,0.02702702702702703,0.16666666666666666,0.08108108108108109,15,18
1,0,사회과학계열,3,2,9,0,2,9,3,2,7567920.0,0,756792.0,1891980.0,0.2,2,0.6666666666666666,0.9,9,2522640.0,3783960.0,0.2,0.2,0.3,1.0,0.1,0.3333333333333333,0.3,4,27
1,0,사회과학계열,3,1,1,1,1,1,5,1,2844180.0,0,1422090.0,711045.0,0.5,1,0.5,0.5,15,1422090.0,1422090.0,0.5,0.5,1.5,1.5,0.5,0.5,2.5,1,75
1,1,사회과학계열,3,2,0,0,4,10,3,9,13695120.0,0,1245010.9090909092,3423780.0,0.8181818181818182,2,3.0,0.0,9,4565040.0,6847560.0,0.8181818181818182,2.0,0.2727272727272727,1.0,0.09090909090909091,0.3333333333333333,0.2727272727272727,8,27
1,1,사회과학계열,3,2,2,0,2,8,5,3,5793240.0,0,643693.3333333334,1448310.0,0.3333333333333333,2,1.0,0.2222222222222222,15,1931080.0,2896620.0,0.3333333333333333,0.6666666666666666,0.3333333333333333,1.0,0.1111111111111111,0.3333333333333333,0.5555555555555556,4,75
1,1,사회과학계열,3,2,6,0,1,15,5,1,9404700.0,0,587793.75,2351175.0,0.0625,2,0.3333333333333333,0.375,15,3134900.0,4702350.0,0.0625,0.2857142857142857,0.1875,1.0,0.0625,0.3333333333333333,0.3125,2,75
1,0,자연과학계열,3,1,1,0,4,10,3,10,6517740.0,0,592521.8181818182,1629435.0,0.9090909090909092,1,5.0,0.0909090909090909,9,3258870.0,3258870.0,0.9090909090909091,0.5,0.2727272727272727,1.5,0.09090909090909091,0.5,0.2727272727272727,4,27
1,0,자연과학계열,3,2,3,0,3,10,4,5,8475960.0,1,770541.8181818182,2118990.0,0.4545454545454545,2,1.6666666666666667,0.2727272727272727,12,2825320.0,4237980.0,0.45454545454545453,0.5,0.2727272727272727,1.0,0.09090909090909091,0.3333333333333333,0.36363636363636365,6,48
1,1,자연과학계열,4,3,2,0,1,11,3,7,11367060.0,0,947255.0,2273412.0,0.5833333333333334,3,1.75,0.1666666666666666,12,2841765.0,5683530.0,0.5833333333333334,1.0,0.3333333333333333,1.0,0.08333333333333333,0.25,0.25,3,36
2,0,사회과학계열,3,2,1,0,4,6,0,6,12217140.0,1,1745305.7142857143,3054285.0,0.8571428571428571,2,2.0,0.1428571428571428,0,4072380.0,4072380.0,0.8571428571428571,1.0,0.42857142857142855,1.0,0.2857142857142857,0.6666666666666666,0.0,8,0
1,1,상경계열,3,5,4,0,3,27,2,1,26676780.0,1,952742.1428571428,6669195.0,0.0357142857142857,5,0.1666666666666666,0.1428571428571428,6,4446130.0,13338390.0,0.03571428571428571,1.0,0.10714285714285714,0.5,0.03571428571428571,0.16666666666666666,0.07142857142857142,15,12
1,0,공학계열,4,1,2,0,4,4,2,2,2860740.0,0,572148.0,572148.0,0.4,1,1.0,0.4,8,1430370.0,1430370.0,0.4,0.3333333333333333,0.8,2.0,0.2,0.5,0.4,4,16
2,0,사회과학계열,4,2,3,0,4,9,3,3,7675560.0,0,767556.0,1535112.0,0.3,2,1.0,0.3,12,2558520.0,2558520.0,0.3,0.5,0.4,1.3333333333333333,0.2,0.6666666666666666,0.3,8,36
1,0,기타,2,5,8,1,4,24,2,1,27065940.0,1,1082637.6,9021980.0,0.04,5,0.1666666666666666,0.32,4,4510990.0,13532970.0,0.04,0.5555555555555556,0.08,0.3333333333333333,0.04,0.16666666666666666,0.08,20,8
1,0,사회과학계열,4,2,1,0,4,10,3,10,4701660.0,0,427423.6363636364,940332.0,0.9090909090909092,2,3.333333333333333,0.0909090909090909,12,1567220.0,2350830.0,0.9090909090909091,1.0,0.36363636363636365,1.3333333333333333,0.09090909090909091,0.3333333333333333,0.2727272727272727,8,36
2,0,공학계열,2,2,1,0,2,8,3,8,6986940.0,1,776326.6666666666,2328980.0,0.8888888888888888,2,2.6666666666666665,0.1111111111111111,6,2328980.0,2328980.0,0.8888888888888888,1.0,0.2222222222222222,0.6666666666666666,0.2222222222222222,0.6666666666666666,0.3333333333333333,4,18
1,1,사회과학계열,3,2,1,0,3,5,2,5,6401820.0,0,1066970.0,1600455.0,0.8333333333333334,2,1.6666666666666667,0.1666666666666666,6,2133940.0,3200910.0,0.8333333333333334,1.0,0.5,1.0,0.16666666666666666,0.3333333333333333,0.3333333333333333,6,12
1,0,공학계열,4,1,5,0,3,8,0,6,6728880.0,0,747653.3333333334,1345776.0,0.6666666666666666,1,3.0,0.5555555555555556,0,3364440.0,3364440.0,0.6666666666666666,0.16666666666666666,0.4444444444444444,2.0,0.1111111111111111,0.5,0.0,3,0
1,0,사회과학계열,2,1,1,0,4,1,5,1,3712200.0,0,1856100.0,1237400.0,0.5,1,0.5,0.5,10,1856100.0,1856100.0,0.5,0.5,1.0,1.0,0.5,0.5,2.5,4,50
1,1,사회과학계열,4,4,1,0,2,27,5,26,24242460.0,1,865802.1428571428,4848492.0,0.9285714285714286,4,5.2,0.0357142857142857,20,4848492.0,12121230.0,0.9285714285714286,2.0,0.14285714285714285,0.8,0.03571428571428571,0.2,0.17857142857142858,8,100
1,0,자연과학계열,3,1,1,0,3,1,3,1,3323040.0,0,1661520.0,830760.0,0.5,1,0.5,0.5,9,1661520.0,1661520.0,0.5,0.5,1.5,1.5,0.5,0.5,1.5,3,27
0,0,기타,2,1,1,0,2,4,2,4,3883320.0,0,776664.0,1294440.0,0.8,1,2.0,0.2,4,1941660.0,3883320.0,0.8,0.5,0.4,1.0,0.0,0.0,0.4,2,8
2,0,자연과학계열,3,4,2,0,3,32,3,30,15518100.0,1,470245.4545454545,3879525.0,0.9090909090909092,4,6.0,0.0606060606060606,9,3103620.0,5172700.0,0.9090909090909091,1.3333333333333333,0.09090909090909091,0.6,0.06060606060606061,0.4,0.09090909090909091,12,27
1,0,기타,4,1,3,0,4,6,3,3,4570560.0,0,652937.1428571428,914112.0,0.4285714285714285,1,1.5,0.4285714285714285,12,2285280.0,2285280.0,0.42857142857142855,0.25,0.5714285714285714,2.0,0.14285714285714285,0.5,0.42857142857142855,4,36
1,0,자연과학계열,3,5,0,0,4,23,4,22,26287620.0,1,1095317.5,6571905.0,0.9166666666666666,5,3.6666666666666665,0.0,12,4381270.0,13143810.0,0.9166666666666666,5.0,0.125,0.5,0.041666666666666664,0.16666666666666666,0.16666666666666666,20,48
1,0,자연과학계열,2,1,1,0,2,6,3,6,2954580.0,0,422082.8571428572,984860.0,0.8571428571428571,1,3.0,0.1428571428571428,6,1477290.0,1477290.0,0.8571428571428571,0.5,0.2857142857142857,1.0,0.14285714285714285,0.5,0.42857142857142855,2,18
1,0,자연과학계열,1,2,1,0,1,10,3,10,7961220.0,0,723747.2727272727,3980610.0,0.9090909090909092,2,3.333333333333333,0.0909090909090909,3,2653740.0,3980610.0,0.9090909090909091,1.0,0.09090909090909091,0.3333333333333333,0.09090909090909091,0.3333333333333333,0.2727272727272727,2,9
0,1,상경계열,2,2,1,0,1,10,2,10,6051300.0,0,550118.1818181818,2017100.0,0.9090909090909092,2,3.333333333333333,0.0909090909090909,4,2017100.0,6051300.0,0.9090909090909091,1.0,0.18181818181818182,0.6666666666666666,0.0,0.0,0.18181818181818182,2,8
2,1,기타,3,2,7,0,4,10,3,5,7358160.0,0,668923.6363636364,1839540.0,0.4545454545454545,2,1.6666666666666667,0.6363636363636364,9,2452720.0,2452720.0,0.45454545454545453,0.25,0.2727272727272727,1.0,0.18181818181818182,0.6666666666666666,0.2727272727272727,8,27
1,0,사회과학계열,3,2,9,0,2,7,2,3,6434940.0,1,804367.5,1608735.0,0.375,2,1.0,1.125,6,2144980.0,3217470.0,0.375,0.2,0.375,1.0,0.125,0.3333333333333333,0.25,4,12
2,0,사회과학계열,4,2,1,0,1,9,3,9,6519120.0,1,651912.0,1303824.0,0.9,2,3.0,0.1,12,2173040.0,2173040.0,0.9,1.0,0.4,1.3333333333333333,0.2,0.6666666666666666,0.3,2,36
1,0,사회과학계열,3,1,1,0,4,10,3,9,4431180.0,0,402834.5454545455,1107795.0,0.8181818181818182,1,4.5,0.0909090909090909,9,2215590.0,2215590.0,0.8181818181818182,0.5,0.2727272727272727,1.5,0.09090909090909091,0.5,0.2727272727272727,4,27
1,0,자연과학계열,3,2,2,0,4,10,3,7,7420260.0,1,674569.0909090909,1855065.0,0.6363636363636364,2,2.333333333333333,0.1818181818181818,9,2473420.0,3710130.0,0.6363636363636364,0.6666666666666666,0.2727272727272727,1.0,0.09090909090909091,0.3333333333333333,0.2727272727272727,8,27
1,0,기타,2,1,1,0,1,7,3,7,5611080.0,0,701385.0,1870360.0,0.875,1,3.5,0.125,6,2805540.0,2805540.0,0.875,0.5,0.25,1.0,0.125,0.5,0.375,1,18
1,0,사회과학계열,4,2,1,0,4,16,2,16,7187040.0,0,422767.0588235294,1437408.0,0.9411764705882352,2,5.333333333333333,0.0588235294117647,8,2395680.0,3593520.0,0.9411764705882353,1.0,0.23529411764705882,1.3333333333333333,0.058823529411764705,0.3333333333333333,0.11764705882352941,8,16
1,0,자연과학계열,1,2,0,1,2,6,5,5,6730260.0,1,961465.7142857144,3365130.0,0.7142857142857143,2,1.6666666666666667,0.0,5,2243420.0,3365130.0,0.7142857142857143,2.0,0.14285714285714285,0.3333333333333333,0.14285714285714285,0.3333333333333333,0.7142857142857143,4,25
1,0,자연과학계열,3,1,1,0,3,3,2,2,4301460.0,0,1075365.0,1075365.0,0.5,1,1.0,0.25,6,2150730.0,2150730.0,0.5,0.5,0.75,1.5,0.25,0.5,0.5,3,12
2,1,자연과학계열,3,1,1,0,3,0,2,0,2165220.0,0,2165220.0,541305.0,0.0,1,0.0,1.0,6,1082610.0,721740.0,0.0,0.5,3.0,1.5,2.0,1.0,2.0,3,12
1,2,사회과학계열,3,5,3,0,3,27,2,5,27128040.0,1,968858.5714285716,6782010.0,0.1785714285714285,5,0.8333333333333334,0.1071428571428571,6,4521340.0,13564020.0,0.17857142857142858,1.25,0.10714285714285714,0.5,0.03571428571428571,0.16666666666666666,0.07142857142857142,15,12
1,0,자연과학계열,2,2,0,0,4,11,3,10,4235220.0,0,352935.0,1411740.0,0.8333333333333334,2,3.333333333333333,0.0,6,1411740.0,2117610.0,0.8333333333333334,2.0,0.16666666666666666,0.6666666666666666,0.08333333333333333,0.3333333333333333,0.25,8,18
1,0,사회과학계열,2,3,1,0,4,18,2,18,14400300.0,1,757910.5263157894,4800100.0,0.9473684210526316,3,4.5,0.0526315789473684,4,3600075.0,7200150.0,0.9473684210526315,1.5,0.10526315789473684,0.5,0.05263157894736842,0.25,0.10526315789473684,12,8
0,0,사회과학계열,3,2,1,0,4,15,5,14,5724240.0,1,357765.0,1431060.0,0.875,2,4.666666666666667,0.0625,15,1908080.0,5724240.0,0.875,1.0,0.1875,1.0,0.0,0.0,0.3125,8,75
1,0,사회과학계열,3,2,3,0,1,9,2,4,7959840.0,1,795984.0,1989960.0,0.4,2,1.3333333333333333,0.3,6,2653280.0,3979920.0,0.4,0.5,0.3,1.0,0.1,0.3333333333333333,0.2,2,12
2,0,자연과학계열,3,2,0,0,4,10,2,9,6957960.0,1,632541.8181818182,1739490.0,0.8181818181818182,2,3.0,0.0,6,2319320.0,2319320.0,0.8181818181818182,2.0,0.2727272727272727,1.0,0.18181818181818182,0.6666666666666666,0.18181818181818182,8,12
1,0,기타,2,2,1,0,1,10,3,10,7962600.0,1,723872.7272727273,2654200.0,0.9090909090909092,2,3.333333333333333,0.0909090909090909,6,2654200.0,3981300.0,0.9090909090909091,1.0,0.18181818181818182,0.6666666666666666,0.09090909090909091,0.3333333333333333,0.2727272727272727,2,18
1,0,자연과학계열,2,3,3,0,4,10,6,5,10703280.0,1,973025.4545454546,3567760.0,0.4545454545454545,3,1.25,0.2727272727272727,12,2675820.0,5351640.0,0.45454545454545453,0.75,0.18181818181818182,0.5,0.09090909090909091,0.25,0.5454545454545454,12,72
1,1,자연과학계열,2,3,9,0,3,15,3,13,14222280.0,0,888892.5,4740760.0,0.8125,3,3.25,0.5625,6,3555570.0,7111140.0,0.8125,0.3,0.125,0.5,0.0625,0.25,0.1875,9,18
1,0,자연과학계열,3,1,1,0,1,8,2,8,5431680.0,0,603520.0,1357920.0,0.8888888888888888,1,4.0,0.1111111111111111,6,2715840.0,2715840.0,0.8888888888888888,0.5,0.3333333333333333,1.5,0.1111111111111111,0.5,0.2222222222222222,1,12
1,0,사회과학계열,3,3,6,0,4,18,2,4,10964100.0,1,577057.8947368421,2741025.0,0.2105263157894736,3,1.0,0.3157894736842105,6,2741025.0,5482050.0,0.21052631578947367,0.42857142857142855,0.15789473684210525,0.75,0.05263157894736842,0.25,0.10526315789473684,12,12
2,2,인문학,3,2,4,0,3,14,3,10,7925340.0,0,528356.0,1981335.0,0.6666666666666666,2,3.333333333333333,0.2666666666666666,9,2641780.0,2641780.0,0.6666666666666666,0.4,0.2,1.0,0.13333333333333333,0.6666666666666666,0.2,6,27
2,0,자연과학계열,2,4,2,1,2,23,3,2,20978760.0,1,874115.0,6992920.0,0.0833333333333333,4,0.4,0.0833333333333333,6,4195752.0,6992920.0,0.08333333333333333,1.3333333333333333,0.08333333333333333,0.4,0.08333333333333333,0.4,0.125,8,18
1,1,자연과학계열,1,2,6,0,4,7,2,2,7507200.0,0,938400.0,3753600.0,0.25,2,0.6666666666666666,0.75,2,2502400.0,3753600.0,0.25,0.2857142857142857,0.125,0.3333333333333333,0.125,0.3333333333333333,0.25,8,4
2,0,공학계열,3,1,1,0,3,6,2,6,5188800.0,0,741257.1428571428,1297200.0,0.8571428571428571,1,3.0,0.1428571428571428,6,2594400.0,1729600.0,0.8571428571428571,0.5,0.42857142857142855,1.5,0.2857142857142857,1.0,0.2857142857142857,3,12
1,0,자연과학계열,4,1,7,0,1,5,0,3,4853460.0,0,808910.0,970692.0,0.5,1,1.5,1.1666666666666667,0,2426730.0,2426730.0,0.5,0.125,0.6666666666666666,2.0,0.16666666666666666,0.5,0.0,1,0
2,0,자연과학계열,3,1,2,0,3,6,0,4,3560400.0,0,508628.5714285714,890100.0,0.5714285714285714,1,2.0,0.2857142857142857,0,1780200.0,1186800.0,0.5714285714285714,0.3333333333333333,0.42857142857142855,1.5,0.2857142857142857,1.0,0.0,3,0
1,0,사회과학계열,3,1,3,0,2,10,3,4,2989080.0,0,271734.54545454547,747270.0,0.3636363636363636,1,2.0,0.2727272727272727,9,1494540.0,1494540.0,0.36363636363636365,0.25,0.2727272727272727,1.5,0.09090909090909091,0.5,0.2727272727272727,2,27
1,1,자연과학계열,2,2,9,0,3,8,2,5,8099220.0,0,899913.3333333334,2699740.0,0.5555555555555556,2,1.6666666666666667,1.0,4,2699740.0,4049610.0,0.5555555555555556,0.2,0.2222222222222222,0.6666666666666666,0.1111111111111111,0.3333333333333333,0.2222222222222222,6,8
1,0,사회과학계열,3,3,4,0,3,9,6,3,11051040.0,1,1105104.0,2762760.0,0.3,3,0.75,0.4,18,2762760.0,5525520.0,0.3,0.6,0.3,0.75,0.1,0.25,0.6,9,108
2,0,사회과학계열,4,2,1,0,3,7,6,7,7184280.0,1,898035.0,1436856.0,0.875,2,2.333333333333333,0.125,24,2394760.0,2394760.0,0.875,1.0,0.5,1.3333333333333333,0.25,0.6666666666666666,0.75,6,144
1,0,자연과학계열,3,2,4,1,3,7,3,5,7307100.0,1,913387.5,1826775.0,0.625,2,1.6666666666666667,0.5,9,2435700.0,3653550.0,0.625,0.4,0.375,1.0,0.125,0.3333333333333333,0.375,6,27
1,0,기타,3,4,3,0,2,27,2,4,22649940.0,1,808926.4285714285,5662485.0,0.1428571428571428,4,0.8,0.1071428571428571,6,4529988.0,11324970.0,0.14285714285714285,1.0,0.10714285714285714,0.6,0.03571428571428571,0.2,0.07142857142857142,8,12
1,0,사회과학계열,2,3,5,0,3,19,3,14,18311220.0,1,915561.0,6103740.0,0.7,3,3.5,0.25,6,4577805.0,9155610.0,0.7,0.5,0.1,0.5,0.05,0.25,0.15,9,18
1,1,자연과학계열,3,1,1,0,1,2,3,2,3840540.0,0,1280180.0,960135.0,0.6666666666666666,1,1.0,0.3333333333333333,9,1920270.0,1920270.0,0.6666666666666666,0.5,1.0,1.5,0.3333333333333333,0.5,1.0,1,27
1,0,사회과학계열,3,2,1,0,3,11,2,11,7497540.0,0,624795.0,1874385.0,0.9166666666666666,2,3.6666666666666665,0.0833333333333333,6,2499180.0,3748770.0,0.9166666666666666,1.0,0.25,1.0,0.08333333333333333,0.3333333333333333,0.16666666666666666,6,12
1,0,사회과학계열,3,1,2,0,3,15,4,4,2777940.0,0,173621.25,694485.0,0.25,1,2.0,0.125,12,1388970.0,1388970.0,0.25,0.3333333333333333,0.1875,1.5,0.0625,0.5,0.25,3,48
1,0,사회과학계열,2,4,2,0,2,30,3,15,19273080.0,1,621712.2580645161,6424360.0,0.4838709677419355,4,3.0,0.064516129032258,6,3854616.0,9636540.0,0.4838709677419355,1.3333333333333333,0.06451612903225806,0.4,0.03225806451612903,0.2,0.0967741935483871,8,18
0,0,자연과학계열,2,2,0,0,3,4,6,3,6036120.0,1,1207224.0,2012040.0,0.6,2,1.0,0.0,12,2012040.0,6036120.0,0.6,2.0,0.4,0.6666666666666666,0.0,0.0,1.2,6,72
1,0,사회과학계열,4,2,6,1,1,13,3,5,9441960.0,1,674425.7142857143,1888392.0,0.3571428571428571,2,1.6666666666666667,0.4285714285714285,12,3147320.0,4720980.0,0.35714285714285715,0.2857142857142857,0.2857142857142857,1.3333333333333333,0.07142857142857142,0.3333333333333333,0.21428571428571427,2,36
1,0,자연과학계열,3,4,3,1,3,36,6,10,24047880.0,1,649942.7027027027,6011970.0,0.2702702702702703,4,2.0,0.081081081081081,18,4809576.0,12023940.0,0.2702702702702703,1.0,0.08108108108108109,0.6,0.02702702702702703,0.2,0.16216216216216217,12,108
1,0,사회과학계열,2,4,1,1,1,14,3,14,24292140.0,1,1619476.0,8097380.0,0.9333333333333332,4,2.8,0.0666666666666666,6,4858428.0,12146070.0,0.9333333333333333,2.0,0.13333333333333333,0.4,0.06666666666666667,0.2,0.2,4,18
2,1,기타,3,2,3,1,1,13,2,11,6321780.0,0,451555.7142857143,1580445.0,0.7857142857142857,2,3.6666666666666665,0.2142857142857142,6,2107260.0,2107260.0,0.7857142857142857,0.5,0.21428571428571427,1.0,0.14285714285714285,0.6666666666666666,0.14285714285714285,2,12
2,0,사회과학계열,3,2,7,0,4,19,4,13,6534300.0,0,326715.0,1633575.0,0.65,2,4.333333333333333,0.35,12,2178100.0,2178100.0,0.65,0.25,0.15,1.0,0.1,0.6666666666666666,0.2,8,48
1,1,자연과학계열,2,2,1,0,2,10,3,10,5778060.0,0,525278.1818181818,1926020.0,0.9090909090909092,2,3.333333333333333,0.0909090909090909,6,1926020.0,2889030.0,0.9090909090909091,1.0,0.18181818181818182,0.6666666666666666,0.09090909090909091,0.3333333333333333,0.2727272727272727,4,18
1,1,자연과학계열,3,2,1,0,3,6,5,6,7596900.0,0,1085271.4285714286,1899225.0,0.8571428571428571,2,2.0,0.1428571428571428,15,2532300.0,3798450.0,0.8571428571428571,1.0,0.42857142857142855,1.0,0.14285714285714285,0.3333333333333333,0.7142857142857143,6,75
1,0,자연과학계열,3,2,0,0,3,10,4,9,7548600.0,0,686236.3636363636,1887150.0,0.8181818181818182,2,3.0,0.0,12,2516200.0,3774300.0,0.8181818181818182,2.0,0.2727272727272727,1.0,0.09090909090909091,0.3333333333333333,0.36363636363636365,6,48
1,1,사회과학계열,3,2,1,0,1,10,2,10,7556880.0,0,686989.0909090909,1889220.0,0.9090909090909092,2,3.333333333333333,0.0909090909090909,6,2518960.0,3778440.0,0.9090909090909091,1.0,0.2727272727272727,1.0,0.09090909090909091,0.3333333333333333,0.18181818181818182,2,12
1,0,자연과학계열,3,1,4,0,2,17,2,2,3570060.0,0,198336.66666666663,892515.0,0.1111111111111111,1,1.0,0.2222222222222222,6,1785030.0,1785030.0,0.1111111111111111,0.2,0.16666666666666666,1.5,0.05555555555555555,0.5,0.1111111111111111,2,12
2,0,자연과학계열,2,1,1,1,2,4,3,4,3367200.0,0,673440.0,1122400.0,0.8,1,2.0,0.2,6,1683600.0,1122400.0,0.8,0.5,0.4,1.0,0.4,1.0,0.6,2,18
1,1,사회과학계열,4,4,6,0,3,29,2,3,22041360.0,1,734712.0,4408272.0,0.1,4,0.6,0.2,8,4408272.0,11020680.0,0.1,0.5714285714285714,0.13333333333333333,0.8,0.03333333333333333,0.2,0.06666666666666667,12,16
1,0,사회과학계열,3,4,4,0,1,23,2,8,21223020.0,1,884292.5,5305755.0,0.3333333333333333,4,1.6,0.1666666666666666,6,4244604.0,10611510.0,0.3333333333333333,0.8,0.125,0.6,0.041666666666666664,0.2,0.08333333333333333,4,12
1,1,사회과학계열,3,3,3,0,4,21,2,2,9773160.0,0,444234.5454545455,2443290.0,0.0909090909090909,3,0.5,0.1363636363636363,6,2443290.0,4886580.0,0.09090909090909091,0.75,0.13636363636363635,0.75,0.045454545454545456,0.25,0.09090909090909091,12,12
1,1,사회과학계열,3,1,1,0,1,2,3,2,3764640.0,0,1254880.0,941160.0,0.6666666666666666,1,1.0,0.3333333333333333,9,1882320.0,1882320.0,0.6666666666666666,0.5,1.0,1.5,0.3333333333333333,0.5,1.0,1,27
0,1,사회과학계열,3,2,1,1,3,7,2,6,7407840.0,0,925980.0,1851960.0,0.75,2,2.0,0.125,6,2469280.0,7407840.0,0.75,1.0,0.375,1.0,0.0,0.0,0.25,6,12
1,0,사회과학계열,3,2,6,0,2,10,2,3,7378860.0,1,670805.4545454546,1844715.0,0.2727272727272727,2,1.0,0.5454545454545454,6,2459620.0,3689430.0,0.2727272727272727,0.2857142857142857,0.2727272727272727,1.0,0.09090909090909091,0.3333333333333333,0.18181818181818182,4,12
1,2,사회과학계열,3,1,4,0,1,8,2,2,4409100.0,0,489900.0,1102275.0,0.2222222222222222,1,1.0,0.4444444444444444,6,2204550.0,2204550.0,0.2222222222222222,0.2,0.3333333333333333,1.5,0.1111111111111111,0.5,0.2222222222222222,1,12
1,0,자연과학계열,2,1,1,0,1,5,2,5,5504820.0,0,917470.0,1834940.0,0.8333333333333334,1,2.5,0.1666666666666666,4,2752410.0,2752410.0,0.8333333333333334,0.5,0.3333333333333333,1.0,0.16666666666666666,0.5,0.3333333333333333,1,8
1,0,자연과학계열,3,1,7,0,4,7,5,0,4562280.0,0,570285.0,1140570.0,0.0,1,0.0,0.875,15,2281140.0,2281140.0,0.0,0.125,0.375,1.5,0.125,0.5,0.625,4,75
1,0,자연과학계열,4,3,3,0,3,11,2,4,9666900.0,1,805575.0,1933380.0,0.3333333333333333,3,1.0,0.25,8,2416725.0,4833450.0,0.3333333333333333,0.75,0.3333333333333333,1.0,0.08333333333333333,0.25,0.16666666666666666,9,16
2,1,자연과학계열,3,1,2,0,3,19,3,9,3663900.0,0,183195.0,915975.0,0.45,1,4.5,0.1,9,1831950.0,1221300.0,0.45,0.3333333333333333,0.15,1.5,0.1,1.0,0.15,3,27
1,0,사회과학계열,3,1,1,0,1,1,2,1,1922340.0,0,961170.0,480585.0,0.5,1,0.5,0.5,6,961170.0,961170.0,0.5,0.5,1.5,1.5,0.5,0.5,1.0,1,12
0,0,자연과학계열,3,1,1,1,3,7,5,7,3546600.0,0,443325.0,886650.0,0.875,1,3.5,0.125,15,1773300.0,3546600.0,0.875,0.5,0.375,1.5,0.0,0.0,0.625,3,75
1,0,공학계열,2,1,5,0,4,8,1,4,4881060.0,0,542340.0,1627020.0,0.4444444444444444,1,2.0,0.5555555555555556,2,2440530.0,2440530.0,0.4444444444444444,0.16666666666666666,0.2222222222222222,1.0,0.1111111111111111,0.5,0.1111111111111111,4,2
1,0,자연과학계열,2,2,1,0,3,15,3,15,5500680.0,0,343792.5,1833560.0,0.9375,2,5.0,0.0625,6,1833560.0,2750340.0,0.9375,1.0,0.125,0.6666666666666666,0.0625,0.3333333333333333,0.1875,6,18
1,0,자연과학계열,1,3,3,1,3,19,2,1,15018540.0,1,750927.0,7509270.0,0.05,3,0.25,0.15,2,3754635.0,7509270.0,0.05,0.75,0.05,0.25,0.05,0.25,0.1,9,4
1,0,자연과학계열,4,1,1,0,4,14,6,14,2798640.0,0,186576.0,559728.0,0.9333333333333332,1,7.0,0.0666666666666666,24,1399320.0,1399320.0,0.9333333333333333,0.5,0.26666666666666666,2.0,0.06666666666666667,0.5,0.4,4,144
2,1,자연과학계열,1,2,1,0,3,6,2,6,13144500.0,0,1877785.7142857143,6572250.0,0.8571428571428571,2,2.0,0.1428571428571428,2,4381500.0,4381500.0,0.8571428571428571,1.0,0.14285714285714285,0.3333333333333333,0.2857142857142857,0.6666666666666666,0.2857142857142857,6,4
1,0,사회과학계열,2,1,1,0,2,10,3,10,4042020.0,0,367456.3636363637,1347340.0,0.9090909090909092,1,5.0,0.0909090909090909,6,2021010.0,2021010.0,0.9090909090909091,0.5,0.18181818181818182,1.0,0.09090909090909091,0.5,0.2727272727272727,2,18
1,1,사회과학계열,3,1,1,1,2,3,2,3,3139500.0,0,784875.0,784875.0,0.75,1,1.5,0.25,6,1569750.0,1569750.0,0.75,0.5,0.75,1.5,0.25,0.5,0.5,2,12
1,0,사회과학계열,4,3,1,0,2,9,2,8,10873020.0,1,1087302.0,2174604.0,0.8,3,2.0,0.1,8,2718255.0,5436510.0,0.8,1.5,0.4,1.0,0.1,0.25,0.2,6,16
2,0,자연과학계열,2,1,0,0,3,6,2,5,6803400.0,0,971914.2857142856,2267800.0,0.7142857142857143,1,2.5,0.0,4,3401700.0,2267800.0,0.7142857142857143,1.0,0.2857142857142857,1.0,0.2857142857142857,1.0,0.2857142857142857,3,8
1,1,자연과학계열,3,2,1,0,1,10,3,10,10828860.0,0,984441.8181818182,2707215.0,0.9090909090909092,2,3.333333333333333,0.0909090909090909,9,3609620.0,5414430.0,0.9090909090909091,1.0,0.2727272727272727,1.0,0.09090909090909091,0.3333333333333333,0.2727272727272727,2,27
1,0,자연과학계열,4,1,1,0,4,5,1,5,6073380.0,0,1012230.0,1214676.0,0.8333333333333334,1,2.5,0.1666666666666666,4,3036690.0,3036690.0,0.8333333333333334,0.5,0.6666666666666666,2.0,0.16666666666666666,0.5,0.16666666666666666,4,4
1,1,상경계열,3,3,1,0,2,10,3,10,12752580.0,0,1159325.4545454546,3188145.0,0.9090909090909092,3,2.5,0.0909090909090909,9,3188145.0,6376290.0,0.9090909090909091,1.5,0.2727272727272727,0.75,0.09090909090909091,0.25,0.2727272727272727,6,27
1,0,자연과학계열,3,1,9,0,3,9,2,5,4104120.0,0,410412.0,1026030.0,0.5,1,2.5,0.9,6,2052060.0,2052060.0,0.5,0.1,0.3,1.5,0.1,0.5,0.2,3,12
1,1,사회과학계열,3,2,3,0,3,17,2,13,6212760.0,0,345153.3333333333,1553190.0,0.7222222222222222,2,4.333333333333333,0.1666666666666666,6,2070920.0,3106380.0,0.7222222222222222,0.5,0.16666666666666666,1.0,0.05555555555555555,0.3333333333333333,0.1111111111111111,6,12
0,0,사회과학계열,2,3,3,1,4,25,3,23,14832240.0,1,570470.7692307692,4944080.0,0.8846153846153846,3,5.75,0.1153846153846153,6,3708060.0,14832240.0,0.8846153846153846,0.75,0.07692307692307693,0.5,0.0,0.0,0.11538461538461539,12,18
1,2,인문학,1,1,1,0,3,1,2,1,2145900.0,0,1072950.0,1072950.0,0.5,1,0.5,0.5,2,1072950.0,1072950.0,0.5,0.5,0.5,0.5,0.5,0.5,1.0,3,4
2,1,사회과학계열,1,4,7,0,3,25,3,23,17851680.0,0,686603.0769230769,8925840.0,0.8846153846153846,4,4.6,0.2692307692307692,3,3570336.0,5950560.0,0.8846153846153846,0.5,0.038461538461538464,0.2,0.07692307692307693,0.4,0.11538461538461539,12,9
1,0,자연과학계열,1,1,1,0,3,3,3,3,3180900.0,0,795225.0,1590450.0,0.75,1,1.5,0.25,3,1590450.0,1590450.0,0.75,0.5,0.25,0.5,0.25,0.5,0.75,3,9
1,0,공학계열,2,4,1,0,3,21,2,21,23051520.0,1,1047796.3636363636,7683840.0,0.9545454545454546,4,4.2,0.0454545454545454,4,4610304.0,11525760.0,0.9545454545454546,2.0,0.09090909090909091,0.4,0.045454545454545456,0.2,0.09090909090909091,12,8
2,0,사회과학계열,3,1,6,0,1,10,3,5,4737540.0,0,430685.4545454545,1184385.0,0.4545454545454545,1,2.5,0.5454545454545454,9,2368770.0,1579180.0,0.45454545454545453,0.14285714285714285,0.2727272727272727,1.5,0.18181818181818182,1.0,0.2727272727272727,1,27
1,0,사회과학계열,3,1,1,0,4,6,2,5,4798260.0,0,685465.7142857143,1199565.0,0.7142857142857143,1,2.5,0.1428571428571428,6,2399130.0,2399130.0,0.7142857142857143,0.5,0.42857142857142855,1.5,0.14285714285714285,0.5,0.2857142857142857,4,12
0,2,인문학,1,2,6,0,2,10,4,3,8873400.0,0,806672.7272727273,4436700.0,0.2727272727272727,2,1.0,0.5454545454545454,4,2957800.0,8873400.0,0.2727272727272727,0.2857142857142857,0.09090909090909091,0.3333333333333333,0.0,0.0,0.36363636363636365,4,16
1,0,사회과학계열,3,2,2,0,2,18,3,1,8992080.0,1,473267.36842105264,2248020.0,0.0526315789473684,2,0.3333333333333333,0.1052631578947368,9,2997360.0,4496040.0,0.05263157894736842,0.6666666666666666,0.15789473684210525,1.0,0.05263157894736842,0.3333333333333333,0.15789473684210525,4,27
1,0,자연과학계열,3,1,1,0,2,6,2,6,5391660.0,0,770237.1428571428,1347915.0,0.8571428571428571,1,3.0,0.1428571428571428,6,2695830.0,2695830.0,0.8571428571428571,0.5,0.42857142857142855,1.5,0.14285714285714285,0.5,0.2857142857142857,2,12
1,0,사회과학계열,3,2,6,0,4,19,3,10,7675560.0,1,383778.0,1918890.0,0.5,2,3.333333333333333,0.3,9,2558520.0,3837780.0,0.5,0.2857142857142857,0.15,1.0,0.05,0.3333333333333333,0.15,8,27
1,0,사회과학계열,3,2,2,0,2,17,3,7,9498540.0,1,527696.6666666666,2374635.0,0.3888888888888889,2,2.333333333333333,0.1111111111111111,9,3166180.0,4749270.0,0.3888888888888889,0.6666666666666666,0.16666666666666666,1.0,0.05555555555555555,0.3333333333333333,0.16666666666666666,4,27
1,0,사회과학계열,3,1,1,0,2,10,2,10,3949560.0,0,359050.9090909091,987390.0,0.9090909090909092,1,5.0,0.0909090909090909,6,1974780.0,1974780.0,0.9090909090909091,0.5,0.2727272727272727,1.5,0.09090909090909091,0.5,0.18181818181818182,2,12
0,1,상경계열,3,2,7,0,4,4,3,1,6869640.0,0,1373928.0,1717410.0,0.2,2,0.3333333333333333,1.4,9,2289880.0,6869640.0,0.2,0.25,0.6,1.0,0.0,0.0,0.6,8,27
1,1,사회과학계열,3,3,4,0,2,13,5,10,14307840.0,0,1021988.5714285716,3576960.0,0.7142857142857143,3,2.5,0.2857142857142857,15,3576960.0,7153920.0,0.7142857142857143,0.6,0.21428571428571427,0.75,0.07142857142857142,0.25,0.35714285714285715,6,75
1,1,상경계열,2,2,5,0,2,16,3,2,8464920.0,0,497936.4705882353,2821640.0,0.1176470588235294,2,0.6666666666666666,0.2941176470588235,6,2821640.0,4232460.0,0.11764705882352941,0.3333333333333333,0.11764705882352941,0.6666666666666666,0.058823529411764705,0.3333333333333333,0.17647058823529413,4,18
1,1,사회과학계열,1,2,6,0,2,10,2,0,9294300.0,0,844936.3636363636,4647150.0,0.0,2,0.0,0.5454545454545454,2,3098100.0,4647150.0,0.0,0.2857142857142857,0.09090909090909091,0.3333333333333333,0.09090909090909091,0.3333333333333333,0.18181818181818182,4,4
1,0,자연과학계열,3,1,1,0,3,3,3,3,4547100.0,0,1136775.0,1136775.0,0.75,1,1.5,0.25,9,2273550.0,2273550.0,0.75,0.5,0.75,1.5,0.25,0.5,0.75,3,27
2,0,공학계열,3,2,2,1,4,9,3,5,7228440.0,1,722844.0,1807110.0,0.5,2,1.6666666666666667,0.2,9,2409480.0,2409480.0,0.5,0.6666666666666666,0.3,1.0,0.2,0.6666666666666666,0.3,8,27
0,0,사회과학계열,3,2,1,0,4,9,2,9,8931360.0,0,893136.0,2232840.0,0.9,2,3.0,0.1,6,2977120.0,8931360.0,0.9,1.0,0.3,1.0,0.0,0.0,0.2,8,12
1,1,사회과학계열,1,3,3,0,3,10,2,4,13261800.0,0,1205618.181818182,6630900.0,0.3636363636363636,3,1.0,0.2727272727272727,2,3315450.0,6630900.0,0.36363636363636365,0.75,0.09090909090909091,0.25,0.09090909090909091,0.25,0.18181818181818182,9,4
1,1,자연과학계열,3,5,1,0,2,21,3,21,27369540.0,1,1244070.0,6842385.0,0.9545454545454546,5,3.5,0.0454545454545454,9,4561590.0,13684770.0,0.9545454545454546,2.5,0.13636363636363635,0.5,0.045454545454545456,0.16666666666666666,0.13636363636363635,10,27
1,2,사회과학계열,1,3,4,1,3,9,2,5,13463280.0,0,1346328.0,6731640.0,0.5,3,1.25,0.4,2,3365820.0,6731640.0,0.5,0.6,0.1,0.25,0.1,0.25,0.2,9,4
2,0,공학계열,2,1,0,0,4,10,2,9,6855840.0,0,623258.1818181818,2285280.0,0.8181818181818182,1,4.5,0.0,4,3427920.0,2285280.0,0.8181818181818182,1.0,0.18181818181818182,1.0,0.18181818181818182,1.0,0.18181818181818182,4,8
2,2,자연과학계열,3,1,0,0,4,3,2,2,2960100.0,0,740025.0,740025.0,0.5,1,1.0,0.0,6,1480050.0,986700.0,0.5,1.0,0.75,1.5,0.5,1.0,0.5,4,12
2,2,인문학,2,1,6,0,3,6,0,4,3008400.0,0,429771.4285714286,1002800.0,0.5714285714285714,1,2.0,0.8571428571428571,0,1504200.0,1002800.0,0.5714285714285714,0.14285714285714285,0.2857142857142857,1.0,0.2857142857142857,1.0,0.0,3,0
1,1,공학계열,3,2,1,0,3,6,3,5,11517480.0,0,1645354.2857142857,2879370.0,0.7142857142857143,2,1.6666666666666667,0.1428571428571428,9,3839160.0,5758740.0,0.7142857142857143,1.0,0.42857142857142855,1.0,0.14285714285714285,0.3333333333333333,0.42857142857142855,6,27
1,0,자연과학계열,3,1,1,0,3,6,5,6,4754100.0,0,679157.1428571428,1188525.0,0.8571428571428571,1,3.0,0.1428571428571428,15,2377050.0,2377050.0,0.8571428571428571,0.5,0.42857142857142855,1.5,0.14285714285714285,0.5,0.7142857142857143,3,75
1,1,상경계열,1,1,1,0,3,2,3,2,3808800.0,0,1269600.0,1904400.0,0.6666666666666666,1,1.0,0.3333333333333333,3,1904400.0,1904400.0,0.6666666666666666,0.5,0.3333333333333333,0.5,0.3333333333333333,0.5,1.0,3,9
2,0,사회과학계열,4,2,8,0,4,10,5,3,8685720.0,1,789610.9090909091,1737144.0,0.2727272727272727,2,1.0,0.7272727272727273,20,2895240.0,2895240.0,0.2727272727272727,0.2222222222222222,0.36363636363636365,1.3333333333333333,0.18181818181818182,0.6666666666666666,0.45454545454545453,8,100
1,1,상경계열,2,3,2,0,1,12,2,7,9853200.0,0,757938.4615384615,3284400.0,0.5384615384615384,3,1.75,0.1538461538461538,4,2463300.0,4926600.0,0.5384615384615384,1.0,0.15384615384615385,0.5,0.07692307692307693,0.25,0.15384615384615385,3,8
1,0,자연과학계열,4,1,0,0,1,6,3,5,4046160.0,0,578022.8571428572,809232.0,0.7142857142857143,1,2.5,0.0,12,2023080.0,2023080.0,0.7142857142857143,1.0,0.5714285714285714,2.0,0.14285714285714285,0.5,0.42857142857142855,1,36
0,1,상경계열,3,2,8,0,4,13,2,11,7102860.0,0,507347.1428571429,1775715.0,0.7857142857142857,2,3.6666666666666665,0.5714285714285714,6,2367620.0,7102860.0,0.7857142857142857,0.2222222222222222,0.21428571428571427,1.0,0.0,0.0,0.14285714285714285,8,12
1,1,상경계열,3,2,3,0,3,8,1,5,6219660.0,0,691073.3333333334,1554915.0,0.5555555555555556,2,1.6666666666666667,0.3333333333333333,3,2073220.0,3109830.0,0.5555555555555556,0.5,0.3333333333333333,1.0,0.1111111111111111,0.3333333333333333,0.1111111111111111,6,3
1,1,사회과학계열,3,3,2,1,3,11,2,0,11818320.0,0,984860.0,2954580.0,0.0,3,0.0,0.1666666666666666,6,2954580.0,5909160.0,0.0,1.0,0.25,0.75,0.08333333333333333,0.25,0.16666666666666666,9,12
2,0,자연과학계열,2,1,4,0,2,9,4,6,3405840.0,0,340584.0,1135280.0,0.6,1,3.0,0.4,8,1702920.0,1135280.0,0.6,0.2,0.2,1.0,0.2,1.0,0.4,2,32
1,1,상경계열,3,3,2,0,1,10,2,1,11262180.0,0,1023834.5454545454,2815545.0,0.0909090909090909,3,0.25,0.1818181818181818,6,2815545.0,5631090.0,0.09090909090909091,1.0,0.2727272727272727,0.75,0.09090909090909091,0.25,0.18181818181818182,3,12
1,0,공학계열,2,1,1,0,3,1,2,1,2910420.0,0,1455210.0,970140.0,0.5,1,0.5,0.5,4,1455210.0,1455210.0,0.5,0.5,1.0,1.0,0.5,0.5,1.0,3,8
1,0,사회과학계열,4,2,3,0,3,10,3,7,7305720.0,1,664156.3636363636,1461144.0,0.6363636363636364,2,2.333333333333333,0.2727272727272727,12,2435240.0,3652860.0,0.6363636363636364,0.5,0.36363636363636365,1.3333333333333333,0.09090909090909091,0.3333333333333333,0.2727272727272727,6,36
0,0,공학계열,3,1,2,0,2,12,3,7,3750840.0,0,288526.1538461539,937710.0,0.5384615384615384,1,3.5,0.1538461538461538,9,1875420.0,3750840.0,0.5384615384615384,0.3333333333333333,0.23076923076923078,1.5,0.0,0.0,0.23076923076923078,2,27
1,0,자연과학계열,1,2,3,0,3,15,2,1,8019180.0,1,501198.75,4009590.0,0.0625,2,0.3333333333333333,0.1875,2,2673060.0,4009590.0,0.0625,0.5,0.0625,0.3333333333333333,0.0625,0.3333333333333333,0.125,6,4
2,0,공학계열,2,1,9,0,4,6,4,1,3363060.0,0,480437.1428571429,1121020.0,0.1428571428571428,1,0.5,1.2857142857142858,8,1681530.0,1121020.0,0.14285714285714285,0.1,0.2857142857142857,1.0,0.2857142857142857,1.0,0.5714285714285714,4,32
1,0,자연과학계열,3,1,8,1,2,7,6,5,3817080.0,0,477135.0,954270.0,0.625,1,2.5,1.0,18,1908540.0,1908540.0,0.625,0.1111111111111111,0.375,1.5,0.125,0.5,0.75,2,108
1,0,자연과학계열,2,5,8,0,2,34,2,1,26272440.0,1,750641.1428571428,8757480.0,0.0285714285714285,5,0.1666666666666666,0.2285714285714285,4,4378740.0,13136220.0,0.02857142857142857,0.5555555555555556,0.05714285714285714,0.3333333333333333,0.02857142857142857,0.16666666666666666,0.05714285714285714,10,8
0,0,공학계열,3,2,5,0,4,11,2,9,4215900.0,0,351325.0,1053975.0,0.75,2,3.0,0.4166666666666667,6,1405300.0,4215900.0,0.75,0.3333333333333333,0.25,1.0,0.0,0.0,0.16666666666666666,8,12
1,0,사회과학계열,3,1,1,1,2,5,2,5,3158820.0,0,526470.0,789705.0,0.8333333333333334,1,2.5,0.1666666666666666,6,1579410.0,1579410.0,0.8333333333333334,0.5,0.5,1.5,0.16666666666666666,0.5,0.3333333333333333,2,12
0,1,사회과학계열,3,2,1,0,3,15,3,15,5521380.0,0,345086.25,1380345.0,0.9375,2,5.0,0.0625,9,1840460.0,5521380.0,0.9375,1.0,0.1875,1.0,0.0,0.0,0.1875,6,27
0,0,자연과학계열,2,4,4,1,4,27,2,3,17891700.0,1,638989.2857142857,5963900.0,0.1071428571428571,4,0.6,0.1428571428571428,4,3578340.0,17891700.0,0.10714285714285714,0.8,0.07142857142857142,0.4,0.0,0.0,0.07142857142857142,16,8
1,2,사회과학계열,3,1,0,0,2,10,5,9,4883820.0,0,443983.6363636364,1220955.0,0.8181818181818182,1,4.5,0.0,15,2441910.0,2441910.0,0.8181818181818182,1.0,0.2727272727272727,1.5,0.09090909090909091,0.5,0.45454545454545453,2,75
1,1,사회과학계열,1,2,5,0,1,6,3,2,8320020.0,0,1188574.2857142857,4160010.0,0.2857142857142857,2,0.6666666666666666,0.7142857142857143,3,2773340.0,4160010.0,0.2857142857142857,0.3333333333333333,0.14285714285714285,0.3333333333333333,0.14285714285714285,0.3333333333333333,0.42857142857142855,2,9
1,1,상경계열,3,1,1,0,2,1,3,1,3697020.0,0,1848510.0,924255.0,0.5,1,0.5,0.5,9,1848510.0,1848510.0,0.5,0.5,1.5,1.5,0.5,0.5,1.5,2,27
1,0,기타,2,1,1,0,2,5,3,5,5108760.0,0,851460.0,1702920.0,0.8333333333333334,1,2.5,0.1666666666666666,6,2554380.0,2554380.0,0.8333333333333334,0.5,0.3333333333333333,1.0,0.16666666666666666,0.5,0.5,2,18
1,0,자연과학계열,3,1,1,0,3,1,6,1,3309240.0,0,1654620.0,827310.0,0.5,1,0.5,0.5,18,1654620.0,1654620.0,0.5,0.5,1.5,1.5,0.5,0.5,3.0,3,108
1,1,상경계열,2,2,1,0,1,13,3,12,7545840.0,0,538988.5714285715,2515280.0,0.8571428571428571,2,4.0,0.0714285714285714,6,2515280.0,3772920.0,0.8571428571428571,1.0,0.14285714285714285,0.6666666666666666,0.07142857142857142,0.3333333333333333,0.21428571428571427,2,18
1,0,공학계열,3,3,2,0,4,15,2,2,18100080.0,1,1131255.0,4525020.0,0.125,3,0.5,0.125,6,4525020.0,9050040.0,0.125,1.0,0.1875,0.75,0.0625,0.25,0.125,12,12
1,1,상경계열,2,2,1,0,1,5,2,5,5780820.0,0,963470.0,1926940.0,0.8333333333333334,2,1.6666666666666667,0.1666666666666666,4,1926940.0,2890410.0,0.8333333333333334,1.0,0.3333333333333333,0.6666666666666666,0.16666666666666666,0.3333333333333333,0.3333333333333333,2,8
1,0,자연과학계열,3,5,7,0,3,24,3,2,26672640.0,1,1066905.6,6668160.0,0.08,5,0.3333333333333333,0.28,9,4445440.0,13336320.0,0.08,0.625,0.12,0.5,0.04,0.16666666666666666,0.12,15,27
1,0,사회과학계열,3,3,7,0,4,15,1,12,11482980.0,1,717686.25,2870745.0,0.75,3,3.0,0.4375,3,2870745.0,5741490.0,0.75,0.375,0.1875,0.75,0.0625,0.25,0.0625,12,3
2,0,자연과학계열,3,1,1,0,3,6,2,5,3231960.0,0,461708.5714285714,807990.0,0.7142857142857143,1,2.5,0.1428571428571428,6,1615980.0,1077320.0,0.7142857142857143,0.5,0.42857142857142855,1.5,0.2857142857142857,1.0,0.2857142857142857,3,12
1,2,기타,3,2,2,0,3,19,4,10,5617980.0,0,280899.0,1404495.0,0.5,2,3.333333333333333,0.1,12,1872660.0,2808990.0,0.5,0.6666666666666666,0.15,1.0,0.05,0.3333333333333333,0.2,6,48
1,1,사회과학계열,3,2,1,0,4,10,2,10,8021940.0,0,729267.2727272727,2005485.0,0.9090909090909092,2,3.333333333333333,0.0909090909090909,6,2673980.0,4010970.0,0.9090909090909091,1.0,0.2727272727272727,1.0,0.09090909090909091,0.3333333333333333,0.18181818181818182,8,12
1,0,사회과학계열,4,1,6,0,2,14,1,10,4337340.0,0,289156.0,867468.0,0.6666666666666666,1,5.0,0.4,4,2168670.0,2168670.0,0.6666666666666666,0.14285714285714285,0.26666666666666666,2.0,0.06666666666666667,0.5,0.06666666666666667,2,4
1,0,사회과학계열,3,1,1,0,3,5,6,5,2820720.0,0,470120.0,705180.0,0.8333333333333334,1,2.5,0.1666666666666666,18,1410360.0,1410360.0,0.8333333333333334,0.5,0.5,1.5,0.16666666666666666,0.5,1.0,3,108
1,0,자연과학계열,3,3,7,1,3,9,3,4,18580320.0,1,1858032.0,4645080.0,0.4,3,1.0,0.7,9,4645080.0,9290160.0,0.4,0.375,0.3,0.75,0.1,0.25,0.3,9,27
0,1,사회과학계열,2,2,8,0,3,6,3,2,11027580.0,0,1575368.5714285714,3675860.0,0.2857142857142857,2,0.6666666666666666,1.1428571428571428,6,3675860.0,11027580.0,0.2857142857142857,0.2222222222222222,0.2857142857142857,0.6666666666666666,0.0,0.0,0.42857142857142855,6,18
1,0,사회과학계열,3,1,4,0,4,7,5,4,4660260.0,0,582532.5,1165065.0,0.5,1,2.0,0.5,15,2330130.0,2330130.0,0.5,0.2,0.375,1.5,0.125,0.5,0.625,4,75
1,0,자연과학계열,4,2,5,0,3,10,2,0,7642440.0,1,694767.2727272727,1528488.0,0.0,2,0.0,0.4545454545454545,8,2547480.0,3821220.0,0.0,0.3333333333333333,0.36363636363636365,1.3333333333333333,0.09090909090909091,0.3333333333333333,0.18181818181818182,6,16
0,0,자연과학계열,3,2,2,0,3,15,6,7,7951560.0,1,496972.5,1987890.0,0.4375,2,2.333333333333333,0.125,18,2650520.0,7951560.0,0.4375,0.6666666666666666,0.1875,1.0,0.0,0.0,0.375,6,108
0,2,인문학,3,1,5,0,4,13,3,11,3576960.0,0,255497.14285714287,894240.0,0.7857142857142857,1,5.5,0.3571428571428571,9,1788480.0,3576960.0,0.7857142857142857,0.16666666666666666,0.21428571428571427,1.5,0.0,0.0,0.21428571428571427,4,27
2,0,사회과학계열,3,2,4,0,3,11,3,7,7377480.0,0,614790.0,1844370.0,0.5833333333333334,2,2.333333333333333,0.3333333333333333,9,2459160.0,2459160.0,0.5833333333333334,0.4,0.25,1.0,0.16666666666666666,0.6666666666666666,0.25,6,27
1,0,자연과학계열,3,2,1,0,2,10,4,10,5813940.0,1,528540.0,1453485.0,0.9090909090909092,2,3.333333333333333,0.0909090909090909,12,1937980.0,2906970.0,0.9090909090909091,1.0,0.2727272727272727,1.0,0.09090909090909091,0.3333333333333333,0.36363636363636365,4,48
2,1,사회과학계열,3,2,2,0,4,7,6,2,5695260.0,0,711907.5,1423815.0,0.25,2,0.6666666666666666,0.25,18,1898420.0,1898420.0,0.25,0.6666666666666666,0.375,1.0,0.25,0.6666666666666666,0.75,8,108
0,0,사회과학계열,3,1,4,0,3,7,2,3,3364440.0,0,420555.0,841110.0,0.375,1,1.5,0.5,6,1682220.0,3364440.0,0.375,0.2,0.375,1.5,0.0,0.0,0.25,3,12
1,0,사회과학계열,4,2,3,0,1,11,3,3,9480600.0,1,790050.0,1896120.0,0.25,2,1.0,0.25,12,3160200.0,4740300.0,0.25,0.5,0.3333333333333333,1.3333333333333333,0.08333333333333333,0.3333333333333333,0.25,2,36
1,1,상경계열,3,3,0,0,4,23,3,22,14416860.0,0,600702.5,3604215.0,0.9166666666666666,3,5.5,0.0,9,3604215.0,7208430.0,0.9166666666666666,3.0,0.125,0.75,0.041666666666666664,0.25,0.125,12,27
1,0,자연과학계열,3,3,9,0,2,9,3,7,13340460.0,1,1334046.0,3335115.0,0.7,3,1.75,0.9,9,3335115.0,6670230.0,0.7,0.3,0.3,0.75,0.1,0.25,0.3,6,27
1,2,자연과학계열,3,1,0,0,3,6,3,5,2964240.0,0,423462.8571428572,741060.0,0.7142857142857143,1,2.5,0.0,9,1482120.0,1482120.0,0.7142857142857143,1.0,0.42857142857142855,1.5,0.14285714285714285,0.5,0.42857142857142855,3,27
1,0,자연과학계열,3,2,4,1,4,13,2,9,12317880.0,1,879848.5714285715,3079470.0,0.6428571428571429,2,3.0,0.2857142857142857,6,4105960.0,6158940.0,0.6428571428571429,0.4,0.21428571428571427,1.0,0.07142857142857142,0.3333333333333333,0.14285714285714285,8,12
1,0,사회과학계열,3,2,4,0,4,12,3,5,8987940.0,1,691380.0,2246985.0,0.3846153846153846,2,1.6666666666666667,0.3076923076923077,9,2995980.0,4493970.0,0.38461538461538464,0.4,0.23076923076923078,1.0,0.07692307692307693,0.3333333333333333,0.23076923076923078,8,27
1,1,공학계열,4,2,1,1,3,10,5,10,9382620.0,0,852965.4545454546,1876524.0,0.9090909090909092,2,3.333333333333333,0.0909090909090909,20,3127540.0,4691310.0,0.9090909090909091,1.0,0.36363636363636365,1.3333333333333333,0.09090909090909091,0.3333333333333333,0.45454545454545453,6,100
0,1,자연과학계열,3,4,4,1,4,37,0,16,22481580.0,1,591620.5263157894,5620395.0,0.4210526315789473,4,3.2,0.1052631578947368,0,4496316.0,22481580.0,0.42105263157894735,0.8,0.07894736842105263,0.6,0.0,0.0,0.0,16,0
1,0,자연과학계열,1,1,0,0,2,6,2,5,3732900.0,0,533271.4285714285,1866450.0,0.7142857142857143,1,2.5,0.0,2,1866450.0,1866450.0,0.7142857142857143,1.0,0.14285714285714285,0.5,0.14285714285714285,0.5,0.2857142857142857,2,4
1,0,사회과학계열,2,3,8,0,3,28,4,22,14259540.0,1,491708.275862069,4753180.0,0.7586206896551724,3,5.5,0.2758620689655172,8,3564885.0,7129770.0,0.7586206896551724,0.3333333333333333,0.06896551724137931,0.5,0.034482758620689655,0.25,0.13793103448275862,9,32
1,0,사회과학계열,3,2,2,0,2,15,3,7,6138240.0,1,383640.0,1534560.0,0.4375,2,2.333333333333333,0.125,9,2046080.0,3069120.0,0.4375,0.6666666666666666,0.1875,1.0,0.0625,0.3333333333333333,0.1875,4,27
1,0,자연과학계열,3,2,4,0,2,14,2,7,9458520.0,0,630568.0,2364630.0,0.4666666666666667,2,2.333333333333333,0.2666666666666666,6,3152840.0,4729260.0,0.4666666666666667,0.4,0.2,1.0,0.06666666666666667,0.3333333333333333,0.13333333333333333,4,12
2,1,상경계열,3,3,2,0,4,9,3,3,13299060.0,0,1329906.0,3324765.0,0.3,3,0.75,0.2,9,3324765.0,4433020.0,0.3,1.0,0.3,0.75,0.2,0.5,0.3,12,27
1,0,자연과학계열,3,1,1,1,3,3,3,3,4955580.0,0,1238895.0,1238895.0,0.75,1,1.5,0.25,9,2477790.0,2477790.0,0.75,0.5,0.75,1.5,0.25,0.5,0.75,3,27
1,1,상경계열,1,2,2,1,1,20,4,4,7458900.0,0,355185.71428571426,3729450.0,0.1904761904761904,2,1.3333333333333333,0.0952380952380952,4,2486300.0,3729450.0,0.19047619047619047,0.6666666666666666,0.047619047619047616,0.3333333333333333,0.047619047619047616,0.3333333333333333,0.19047619047619047,2,16
1,1,자연과학계열,3,2,1,0,1,5,4,5,6463920.0,0,1077320.0,1615980.0,0.8333333333333334,2,1.6666666666666667,0.1666666666666666,12,2154640.0,3231960.0,0.8333333333333334,1.0,0.5,1.0,0.16666666666666666,0.3333333333333333,0.6666666666666666,2,48
2,0,사회과학계열,3,4,2,0,2,23,3,2,21786060.0,1,907752.5,5446515.0,0.0833333333333333,4,0.4,0.0833333333333333,9,4357212.0,7262020.0,0.08333333333333333,1.3333333333333333,0.125,0.6,0.08333333333333333,0.4,0.125,8,27
0,0,자연과학계열,3,1,1,0,3,0,4,0,2089320.0,0,2089320.0,522330.0,0.0,1,0.0,1.0,12,1044660.0,2089320.0,0.0,0.5,3.0,1.5,0.0,0.0,4.0,3,48
1,2,인문학,4,1,0,0,3,2,4,1,4079280.0,0,1359760.0,815856.0,0.3333333333333333,1,0.5,0.0,16,2039640.0,2039640.0,0.3333333333333333,1.0,1.3333333333333333,2.0,0.3333333333333333,0.5,1.3333333333333333,3,64
1,2,인문학,2,1,4,0,4,4,3,2,3222300.0,0,644460.0,1074100.0,0.4,1,1.0,0.8,6,1611150.0,1611150.0,0.4,0.2,0.4,1.0,0.2,0.5,0.6,4,18
0,1,사회과학계열,3,2,4,1,2,10,3,8,7112520.0,0,646592.7272727273,1778130.0,0.7272727272727273,2,2.6666666666666665,0.3636363636363636,9,2370840.0,7112520.0,0.7272727272727273,0.4,0.2727272727272727,1.0,0.0,0.0,0.2727272727272727,4,27
1,0,기타,3,2,4,1,4,15,2,1,9607560.0,0,600472.5,2401890.0,0.0625,2,0.3333333333333333,0.25,6,3202520.0,4803780.0,0.0625,0.4,0.1875,1.0,0.0625,0.3333333333333333,0.125,8,12
2,1,사회과학계열,3,2,1,1,3,7,5,7,7831500.0,0,978937.5,1957875.0,0.875,2,2.333333333333333,0.125,15,2610500.0,2610500.0,0.875,1.0,0.375,1.0,0.25,0.6666666666666666,0.625,6,75
2,0,사회과학계열,3,1,0,0,3,6,3,5,3283020.0,0,469002.8571428572,820755.0,0.7142857142857143,1,2.5,0.0,9,1641510.0,1094340.0,0.7142857142857143,1.0,0.42857142857142855,1.5,0.2857142857142857,1.0,0.42857142857142855,3,27
2,0,자연과학계열,3,1,1,0,2,11,3,11,5260560.0,0,438380.0,1315140.0,0.9166666666666666,1,5.5,0.0833333333333333,9,2630280.0,1753520.0,0.9166666666666666,0.5,0.25,1.5,0.16666666666666666,1.0,0.25,2,27
2,1,상경계열,3,2,8,0,3,4,2,0,6414240.0,0,1282848.0,1603560.0,0.0,2,0.0,1.6,6,2138080.0,2138080.0,0.0,0.2222222222222222,0.6,1.0,0.4,0.6666666666666666,0.4,6,12
0,0,공학계열,3,1,3,1,2,10,1,6,4051680.0,0,368334.5454545455,1012920.0,0.5454545454545454,1,3.0,0.2727272727272727,3,2025840.0,4051680.0,0.5454545454545454,0.25,0.2727272727272727,1.5,0.0,0.0,0.09090909090909091,2,3
1,0,사회과학계열,3,1,4,0,3,7,2,2,2904900.0,0,363112.5,726225.0,0.25,1,1.0,0.5,6,1452450.0,1452450.0,0.25,0.2,0.375,1.5,0.125,0.5,0.25,3,12
1,0,사회과학계열,3,3,3,0,3,12,4,9,11837640.0,1,910587.6923076924,2959410.0,0.6923076923076923,3,2.25,0.2307692307692307,12,2959410.0,5918820.0,0.6923076923076923,0.75,0.23076923076923078,0.75,0.07692307692307693,0.25,0.3076923076923077,9,48
0,2,사회과학계열,3,1,1,0,2,3,2,3,3734280.0,0,933570.0,933570.0,0.75,1,1.5,0.25,6,1867140.0,3734280.0,0.75,0.5,0.75,1.5,0.0,0.0,0.5,2,12
1,0,사회과학계열,1,2,8,0,4,11,3,7,8809920.0,1,734160.0,4404960.0,0.5833333333333334,2,2.333333333333333,0.6666666666666666,3,2936640.0,4404960.0,0.5833333333333334,0.2222222222222222,0.08333333333333333,0.3333333333333333,0.08333333333333333,0.3333333333333333,0.25,8,9
1,0,사회과학계열,3,1,4,0,4,8,3,0,5475840.0,0,608426.6666666666,1368960.0,0.0,1,0.0,0.4444444444444444,9,2737920.0,2737920.0,0.0,0.2,0.3333333333333333,1.5,0.1111111111111111,0.5,0.3333333333333333,4,27
1,1,상경계열,2,2,7,0,3,7,3,2,13671660.0,0,1708957.5,4557220.0,0.25,2,0.6666666666666666,0.875,6,4557220.0,6835830.0,0.25,0.25,0.25,0.6666666666666666,0.125,0.3333333333333333,0.375,6,18
1,1,공학계열,4,4,2,0,4,25,5,19,18250500.0,0,701942.3076923077,3650100.0,0.7307692307692307,4,3.8,0.0769230769230769,20,3650100.0,9125250.0,0.7307692307692307,1.3333333333333333,0.15384615384615385,0.8,0.038461538461538464,0.2,0.19230769230769232,16,100
1,1,자연과학계열,2,2,1,1,4,9,5,9,4885200.0,0,488520.0,1628400.0,0.9,2,3.0,0.1,10,1628400.0,2442600.0,0.9,1.0,0.2,0.6666666666666666,0.1,0.3333333333333333,0.5,8,50
1,2,자연과학계열,2,1,1,0,4,1,3,1,3869520.0,0,1934760.0,1289840.0,0.5,1,0.5,0.5,6,1934760.0,1934760.0,0.5,0.5,1.0,1.0,0.5,0.5,1.5,4,18
1,0,자연과학계열,2,5,7,0,4,21,2,16,26760960.0,1,1216407.2727272727,8920320.0,0.7272727272727273,5,2.6666666666666665,0.3181818181818182,4,4460160.0,13380480.0,0.7272727272727273,0.625,0.09090909090909091,0.3333333333333333,0.045454545454545456,0.16666666666666666,0.09090909090909091,20,8
1,0,사회과학계열,2,5,4,0,4,29,3,22,27137700.0,1,904590.0,9045900.0,0.7333333333333333,5,3.6666666666666665,0.1333333333333333,6,4522950.0,13568850.0,0.7333333333333333,1.0,0.06666666666666667,0.3333333333333333,0.03333333333333333,0.16666666666666666,0.1,20,18
2,0,사회과학계열,2,1,1,1,2,1,3,1,3365820.0,0,1682910.0,1121940.0,0.5,1,0.5,0.5,6,1682910.0,1121940.0,0.5,0.5,1.0,1.0,1.0,1.0,1.5,2,18
1,1,사회과학계열,3,3,5,1,3,14,2,8,10093320.0,0,672888.0,2523330.0,0.5333333333333333,3,2.0,0.3333333333333333,6,2523330.0,5046660.0,0.5333333333333333,0.5,0.2,0.75,0.06666666666666667,0.25,0.13333333333333333,9,12
2,0,사회과학계열,2,1,0,0,4,8,2,7,6588120.0,0,732013.3333333334,2196040.0,0.7777777777777778,1,3.5,0.0,4,3294060.0,2196040.0,0.7777777777777778,1.0,0.2222222222222222,1.0,0.2222222222222222,1.0,0.2222222222222222,4,8
1,0,기타,3,2,8,0,2,7,2,2,5384760.0,0,673095.0,1346190.0,0.25,2,0.6666666666666666,1.0,6,1794920.0,2692380.0,0.25,0.2222222222222222,0.375,1.0,0.125,0.3333333333333333,0.25,4,12
1,0,공학계열,2,1,8,1,2,19,2,5,3673560.0,0,183678.0,1224520.0,0.25,1,2.5,0.4,4,1836780.0,1836780.0,0.25,0.1111111111111111,0.1,1.0,0.05,0.5,0.1,2,8
1,1,자연과학계열,3,1,1,0,4,1,3,1,3941280.0,0,1970640.0,985320.0,0.5,1,0.5,0.5,9,1970640.0,1970640.0,0.5,0.5,1.5,1.5,0.5,0.5,1.5,4,27
1,1,자연과학계열,3,1,1,0,3,1,3,1,1491780.0,0,745890.0,372945.0,0.5,1,0.5,0.5,9,745890.0,745890.0,0.5,0.5,1.5,1.5,0.5,0.5,1.5,3,27
1,0,사회과학계열,3,1,1,1,1,1,2,1,3411360.0,0,1705680.0,852840.0,0.5,1,0.5,0.5,6,1705680.0,1705680.0,0.5,0.5,1.5,1.5,0.5,0.5,1.0,1,12
1,1,공학계열,2,2,1,0,1,10,4,10,7828740.0,0,711703.6363636364,2609580.0,0.9090909090909092,2,3.333333333333333,0.0909090909090909,8,2609580.0,3914370.0,0.9090909090909091,1.0,0.18181818181818182,0.6666666666666666,0.09090909090909091,0.3333333333333333,0.36363636363636365,2,32
1,0,사회과학계열,3,2,1,0,1,10,2,10,5791860.0,0,526532.7272727273,1447965.0,0.9090909090909092,2,3.333333333333333,0.0909090909090909,6,1930620.0,2895930.0,0.9090909090909091,1.0,0.2727272727272727,1.0,0.09090909090909091,0.3333333333333333,0.18181818181818182,2,12
1,1,사회과학계열,3,3,2,0,4,9,3,5,13403940.0,0,1340394.0,3350985.0,0.5,3,1.25,0.2,9,3350985.0,6701970.0,0.5,1.0,0.3,0.75,0.1,0.25,0.3,12,27
1,0,사회과학계열,3,1,3,0,2,11,2,3,2845560.0,0,237130.0,711390.0,0.25,1,1.5,0.25,6,1422780.0,1422780.0,0.25,0.25,0.25,1.5,0.08333333333333333,0.5,0.16666666666666666,2,12
1,0,자연과학계열,3,2,5,1,3,16,2,5,5911920.0,0,347760.0,1477980.0,0.2941176470588235,2,1.6666666666666667,0.2941176470588235,6,1970640.0,2955960.0,0.29411764705882354,0.3333333333333333,0.17647058823529413,1.0,0.058823529411764705,0.3333333333333333,0.11764705882352941,6,12
1,0,기타,2,2,0,0,4,4,2,3,6607440.0,1,1321488.0,2202480.0,0.6,2,1.0,0.0,4,2202480.0,3303720.0,0.6,2.0,0.4,0.6666666666666666,0.2,0.3333333333333333,0.4,8,8
1,0,사회과학계열,2,2,0,0,4,10,2,9,8150280.0,1,740934.5454545454,2716760.0,0.8181818181818182,2,3.0,0.0,4,2716760.0,4075140.0,0.8181818181818182,2.0,0.18181818181818182,0.6666666666666666,0.09090909090909091,0.3333333333333333,0.18181818181818182,8,8
2,2,인문학,2,2,1,1,4,10,2,10,5362680.0,0,487516.3636363637,1787560.0,0.9090909090909092,2,3.333333333333333,0.0909090909090909,4,1787560.0,1787560.0,0.9090909090909091,1.0,0.18181818181818182,0.6666666666666666,0.18181818181818182,0.6666666666666666,0.18181818181818182,8,8
1,0,사회과학계열,3,4,2,0,1,22,3,19,23215740.0,1,1009380.0,5803935.0,0.8260869565217391,4,3.8,0.0869565217391304,9,4643148.0,11607870.0,0.8260869565217391,1.3333333333333333,0.13043478260869565,0.6,0.043478260869565216,0.2,0.13043478260869565,4,27
1,0,사회과학계열,2,1,1,0,3,1,3,1,4047540.0,0,2023770.0,1349180.0,0.5,1,0.5,0.5,6,2023770.0,2023770.0,0.5,0.5,1.0,1.0,0.5,0.5,1.5,3,18
1,1,자연과학계열,4,2,0,0,2,9,5,8,8970000.0,0,897000.0,1794000.0,0.8,2,2.6666666666666665,0.0,20,2990000.0,4485000.0,0.8,2.0,0.4,1.3333333333333333,0.1,0.3333333333333333,0.5,4,100
2,0,자연과학계열,3,4,3,0,2,24,3,22,23700120.0,1,948004.8,5925030.0,0.88,4,4.4,0.12,9,4740024.0,7900040.0,0.88,1.0,0.12,0.6,0.08,0.4,0.12,8,27
1,0,사회과학계열,4,2,2,0,4,10,5,2,6945540.0,1,631412.7272727273,1389108.0,0.1818181818181818,2,0.6666666666666666,0.1818181818181818,20,2315180.0,3472770.0,0.18181818181818182,0.6666666666666666,0.36363636363636365,1.3333333333333333,0.09090909090909091,0.3333333333333333,0.45454545454545453,8,100
0,0,공학계열,1,1,1,1,2,5,2,5,3183660.0,0,530610.0,1591830.0,0.8333333333333334,1,2.5,0.1666666666666666,2,1591830.0,3183660.0,0.8333333333333334,0.5,0.16666666666666666,0.5,0.0,0.0,0.3333333333333333,2,4
1,0,사회과학계열,3,1,1,0,4,5,3,4,3570060.0,0,595010.0,892515.0,0.6666666666666666,1,2.0,0.1666666666666666,9,1785030.0,1785030.0,0.6666666666666666,0.5,0.5,1.5,0.16666666666666666,0.5,0.5,4,27
1,1,상경계열,2,2,2,0,3,12,1,4,7599660.0,0,584589.2307692308,2533220.0,0.3076923076923077,2,1.3333333333333333,0.1538461538461538,2,2533220.0,3799830.0,0.3076923076923077,0.6666666666666666,0.15384615384615385,0.6666666666666666,0.07692307692307693,0.3333333333333333,0.07692307692307693,6,2
1,1,상경계열,3,2,5,1,3,14,3,5,6062340.0,0,404156.0,1515585.0,0.3333333333333333,2,1.6666666666666667,0.3333333333333333,9,2020780.0,3031170.0,0.3333333333333333,0.3333333333333333,0.2,1.0,0.06666666666666667,0.3333333333333333,0.2,6,27
1,0,자연과학계열,3,3,9,0,2,18,3,13,18420240.0,1,969486.3157894736,4605060.0,0.6842105263157895,3,3.25,0.4736842105263157,9,4605060.0,9210120.0,0.6842105263157895,0.3,0.15789473684210525,0.75,0.05263157894736842,0.25,0.15789473684210525,6,27
1,1,자연과학계열,3,2,2,0,4,8,2,5,9084540.0,0,1009393.3333333334,2271135.0,0.5555555555555556,2,1.6666666666666667,0.2222222222222222,6,3028180.0,4542270.0,0.5555555555555556,0.6666666666666666,0.3333333333333333,1.0,0.1111111111111111,0.3333333333333333,0.2222222222222222,8,12
1,1,자연과학계열,2,2,3,0,3,9,3,4,11182140.0,0,1118214.0,3727380.0,0.4,2,1.3333333333333333,0.3,6,3727380.0,5591070.0,0.4,0.5,0.2,0.6666666666666666,0.1,0.3333333333333333,0.3,6,18
1,0,자연과학계열,4,1,8,0,2,4,0,2,5489640.0,0,1097928.0,1097928.0,0.4,1,1.0,1.6,0,2744820.0,2744820.0,0.4,0.1111111111111111,0.8,2.0,0.2,0.5,0.0,2,0
2,0,기타,4,1,0,0,1,8,3,7,3510720.0,0,390080.0,702144.0,0.7777777777777778,1,3.5,0.0,12,1755360.0,1170240.0,0.7777777777777778,1.0,0.4444444444444444,2.0,0.2222222222222222,1.0,0.3333333333333333,1,36
2,0,자연과학계열,3,2,4,0,3,12,3,4,7450620.0,1,573124.6153846154,1862655.0,0.3076923076923077,2,1.3333333333333333,0.3076923076923077,9,2483540.0,2483540.0,0.3076923076923077,0.4,0.23076923076923078,1.0,0.15384615384615385,0.6666666666666666,0.23076923076923078,6,27
1,1,상경계열,3,2,1,0,2,10,2,10,7572060.0,0,688369.0909090909,1893015.0,0.9090909090909092,2,3.333333333333333,0.0909090909090909,6,2524020.0,3786030.0,0.9090909090909091,1.0,0.2727272727272727,1.0,0.09090909090909091,0.3333333333333333,0.18181818181818182,4,12
2,1,사회과학계열,2,2,1,0,3,7,2,7,9430920.0,0,1178865.0,3143640.0,0.875,2,2.333333333333333,0.125,4,3143640.0,3143640.0,0.875,1.0,0.25,0.6666666666666666,0.25,0.6666666666666666,0.25,6,8
2,1,공학계열,4,1,1,0,4,1,3,1,1505580.0,0,752790.0,301116.0,0.5,1,0.5,0.5,12,752790.0,501860.0,0.5,0.5,2.0,2.0,1.0,1.0,1.5,4,36
0,1,사회과학계열,1,2,6,0,3,10,1,3,7915680.0,0,719607.2727272727,3957840.0,0.2727272727272727,2,1.0,0.5454545454545454,1,2638560.0,7915680.0,0.2727272727272727,0.2857142857142857,0.09090909090909091,0.3333333333333333,0.0,0.0,0.09090909090909091,6,1
1,0,공학계열,3,1,1,0,3,6,3,5,3071880.0,0,438840.0,767970.0,0.7142857142857143,1,2.5,0.1428571428571428,9,1535940.0,1535940.0,0.7142857142857143,0.5,0.42857142857142855,1.5,0.14285714285714285,0.5,0.42857142857142855,3,27
2,0,기타,2,2,1,0,2,16,3,15,7930860.0,0,466521.17647058825,2643620.0,0.8823529411764706,2,5.0,0.0588235294117647,6,2643620.0,2643620.0,0.8823529411764706,1.0,0.11764705882352941,0.6666666666666666,0.11764705882352941,0.6666666666666666,0.17647058823529413,4,18
1,1,상경계열,3,2,3,0,4,6,0,2,13598520.0,0,1942645.7142857143,3399630.0,0.2857142857142857,2,0.6666666666666666,0.4285714285714285,0,4532840.0,6799260.0,0.2857142857142857,0.5,0.42857142857142855,1.0,0.14285714285714285,0.3333333333333333,0.0,8,0
0,0,공학계열,3,2,8,0,3,16,4,8,7544460.0,0,443791.7647058824,1886115.0,0.4705882352941176,2,2.6666666666666665,0.4705882352941176,12,2514820.0,7544460.0,0.47058823529411764,0.2222222222222222,0.17647058823529413,1.0,0.0,0.0,0.23529411764705882,6,48
1,1,상경계열,2,2,4,0,3,6,3,0,7424400.0,0,1060628.5714285714,2474800.0,0.0,2,0.0,0.5714285714285714,6,2474800.0,3712200.0,0.0,0.4,0.2857142857142857,0.6666666666666666,0.14285714285714285,0.3333333333333333,0.42857142857142855,6,18
1,0,자연과학계열,3,2,1,1,4,10,3,10,7108380.0,1,646216.3636363636,1777095.0,0.9090909090909092,2,3.333333333333333,0.0909090909090909,9,2369460.0,3554190.0,0.9090909090909091,1.0,0.2727272727272727,1.0,0.09090909090909091,0.3333333333333333,0.2727272727272727,8,27
2,0,자연과학계열,2,2,1,0,3,20,3,20,2943540.0,0,140168.57142857142,981180.0,0.9523809523809524,2,6.666666666666667,0.0476190476190476,6,981180.0,981180.0,0.9523809523809523,1.0,0.09523809523809523,0.6666666666666666,0.09523809523809523,0.6666666666666666,0.14285714285714285,6,18
1,1,사회과학계열,3,4,4,0,3,29,2,1,24667500.0,1,822250.0,6166875.0,0.0333333333333333,4,0.2,0.1333333333333333,6,4933500.0,12333750.0,0.03333333333333333,0.8,0.1,0.6,0.03333333333333333,0.2,0.06666666666666667,12,12
2,0,사회과학계열,4,1,3,0,1,8,2,4,3356160.0,0,372906.6666666667,671232.0,0.4444444444444444,1,2.0,0.3333333333333333,8,1678080.0,1118720.0,0.4444444444444444,0.25,0.4444444444444444,2.0,0.2222222222222222,1.0,0.2222222222222222,1,16
1,0,사회과학계열,3,1,2,0,4,10,0,5,6583980.0,0,598543.6363636364,1645995.0,0.4545454545454545,1,2.5,0.1818181818181818,0,3291990.0,3291990.0,0.45454545454545453,0.3333333333333333,0.2727272727272727,1.5,0.09090909090909091,0.5,0.0,4,0
2,0,사회과학계열,3,5,3,0,4,28,3,5,26442180.0,1,911799.3103448276,6610545.0,0.1724137931034483,5,0.8333333333333334,0.1034482758620689,9,4407030.0,8814060.0,0.1724137931034483,1.25,0.10344827586206896,0.5,0.06896551724137931,0.3333333333333333,0.10344827586206896,20,27
1,1,상경계열,3,2,3,0,3,14,4,0,7020060.0,0,468004.0,1755015.0,0.0,2,0.0,0.2,12,2340020.0,3510030.0,0.0,0.5,0.2,1.0,0.06666666666666667,0.3333333333333333,0.26666666666666666,6,48
2,2,인문학,2,1,1,0,1,1,2,1,3950940.0,0,1975470.0,1316980.0,0.5,1,0.5,0.5,4,1975470.0,1316980.0,0.5,0.5,1.0,1.0,1.0,1.0,1.0,1,8
1,1,자연과학계열,3,2,0,0,4,6,2,5,7674180.0,0,1096311.4285714286,1918545.0,0.7142857142857143,2,1.6666666666666667,0.0,6,2558060.0,3837090.0,0.7142857142857143,2.0,0.42857142857142855,1.0,0.14285714285714285,0.3333333333333333,0.2857142857142857,8,12
0,0,자연과학계열,3,1,1,0,3,5,3,5,2958720.0,0,493120.0,739680.0,0.8333333333333334,1,2.5,0.1666666666666666,9,1479360.0,2958720.0,0.8333333333333334,0.5,0.5,1.5,0.0,0.0,0.5,3,27
0,0,자연과학계열,3,1,1,0,4,4,3,4,4229700.0,0,845940.0,1057425.0,0.8,1,2.0,0.2,9,2114850.0,4229700.0,0.8,0.5,0.6,1.5,0.0,0.0,0.6,4,27
0,0,사회과학계열,4,1,1,1,2,5,3,5,3877800.0,0,646300.0,775560.0,0.8333333333333334,1,2.5,0.1666666666666666,12,1938900.0,3877800.0,0.8333333333333334,0.5,0.6666666666666666,2.0,0.0,0.0,0.5,2,36
1,1,상경계열,3,3,1,1,1,14,3,14,13645440.0,0,909696.0,3411360.0,0.9333333333333332,3,3.5,0.0666666666666666,9,3411360.0,6822720.0,0.9333333333333333,1.5,0.2,0.75,0.06666666666666667,0.25,0.2,3,27
1,1,자연과학계열,3,3,1,0,3,9,2,8,11906640.0,0,1190664.0,2976660.0,0.8,3,2.0,0.1,6,2976660.0,5953320.0,0.8,1.5,0.3,0.75,0.1,0.25,0.2,9,12
1,0,자연과학계열,3,1,0,0,4,8,6,7,3956460.0,0,439606.6666666667,989115.0,0.7777777777777778,1,3.5,0.0,18,1978230.0,1978230.0,0.7777777777777778,1.0,0.3333333333333333,1.5,0.1111111111111111,0.5,0.6666666666666666,4,108
1,0,사회과학계열,3,2,0,0,1,6,5,5,7414740.0,1,1059248.5714285714,1853685.0,0.7142857142857143,2,1.6666666666666667,0.0,15,2471580.0,3707370.0,0.7142857142857143,2.0,0.42857142857142855,1.0,0.14285714285714285,0.3333333333333333,0.7142857142857143,2,75
0,0,자연과학계열,3,2,5,0,2,9,6,5,9200460.0,1,920046.0,2300115.0,0.5,2,1.6666666666666667,0.5,18,3066820.0,9200460.0,0.5,0.3333333333333333,0.3,1.0,0.0,0.0,0.6,4,108
2,0,사회과학계열,1,2,1,1,2,10,6,10,6904140.0,0,627649.0909090909,3452070.0,0.9090909090909092,2,3.333333333333333,0.0909090909090909,6,2301380.0,2301380.0,0.9090909090909091,1.0,0.09090909090909091,0.3333333333333333,0.18181818181818182,0.6666666666666666,0.5454545454545454,4,36
1,0,공학계열,2,1,5,0,1,6,2,4,3266460.0,0,466637.1428571429,1088820.0,0.5714285714285714,1,2.0,0.7142857142857143,4,1633230.0,1633230.0,0.5714285714285714,0.16666666666666666,0.2857142857142857,1.0,0.14285714285714285,0.5,0.2857142857142857,1,8
1,1,사회과학계열,2,1,4,0,1,20,3,1,3944040.0,0,187811.42857142855,1314680.0,0.0476190476190476,1,0.5,0.1904761904761904,6,1972020.0,1972020.0,0.047619047619047616,0.2,0.09523809523809523,1.0,0.047619047619047616,0.5,0.14285714285714285,1,18
1,1,사회과학계열,3,2,1,0,4,10,2,10,7181520.0,0,652865.4545454546,1795380.0,0.9090909090909092,2,3.333333333333333,0.0909090909090909,6,2393840.0,3590760.0,0.9090909090909091,1.0,0.2727272727272727,1.0,0.09090909090909091,0.3333333333333333,0.18181818181818182,8,12
1,1,상경계열,3,2,1,0,1,7,5,7,5664900.0,0,708112.5,1416225.0,0.875,2,2.333333333333333,0.125,15,1888300.0,2832450.0,0.875,1.0,0.375,1.0,0.125,0.3333333333333333,0.625,2,75
1,0,사회과학계열,2,2,8,1,2,8,1,1,13357020.0,1,1484113.3333333333,4452340.0,0.1111111111111111,2,0.3333333333333333,0.8888888888888888,2,4452340.0,6678510.0,0.1111111111111111,0.2222222222222222,0.2222222222222222,0.6666666666666666,0.1111111111111111,0.3333333333333333,0.1111111111111111,4,2
2,1,상경계열,3,2,1,0,3,10,4,10,7751460.0,0,704678.1818181818,1937865.0,0.9090909090909092,2,3.333333333333333,0.0909090909090909,12,2583820.0,2583820.0,0.9090909090909091,1.0,0.2727272727272727,1.0,0.18181818181818182,0.6666666666666666,0.36363636363636365,6,48
1,1,사회과학계열,3,3,6,0,2,15,2,2,14418240.0,0,901140.0,3604560.0,0.125,3,0.5,0.375,6,3604560.0,7209120.0,0.125,0.42857142857142855,0.1875,0.75,0.0625,0.25,0.125,6,12
1,0,사회과학계열,3,2,3,0,3,9,6,4,3997860.0,0,399786.0,999465.0,0.4,2,1.3333333333333333,0.3,18,1332620.0,1998930.0,0.4,0.5,0.3,1.0,0.1,0.3333333333333333,0.6,6,108
2,0,사회과학계열,3,2,1,1,3,9,2,9,8235840.0,1,823584.0,2058960.0,0.9,2,3.0,0.1,6,2745280.0,2745280.0,0.9,1.0,0.3,1.0,0.2,0.6666666666666666,0.2,6,12
1,0,사회과학계열,3,3,1,0,2,10,1,10,10363800.0,1,942163.6363636364,2590950.0,0.9090909090909092,3,2.5,0.0909090909090909,3,2590950.0,5181900.0,0.9090909090909091,1.5,0.2727272727272727,0.75,0.09090909090909091,0.25,0.09090909090909091,6,3
2,2,기타,3,1,0,0,2,7,2,6,4127580.0,0,515947.5,1031895.0,0.75,1,3.0,0.0,6,2063790.0,1375860.0,0.75,1.0,0.375,1.5,0.25,1.0,0.25,2,12
1,2,인문학,4,5,4,0,1,35,0,10,27097680.0,1,752713.3333333334,5419536.0,0.2777777777777778,5,1.6666666666666667,0.1111111111111111,0,4516280.0,13548840.0,0.2777777777777778,1.0,0.1111111111111111,0.6666666666666666,0.027777777777777776,0.16666666666666666,0.0,5,0
1,0,자연과학계열,1,1,1,0,3,1,4,1,1558020.0,0,779010.0,779010.0,0.5,1,0.5,0.5,4,779010.0,779010.0,0.5,0.5,0.5,0.5,0.5,0.5,2.0,3,16
1,1,상경계열,3,4,0,0,1,21,3,20,18410580.0,0,836844.5454545454,4602645.0,0.9090909090909092,4,4.0,0.0,9,3682116.0,9205290.0,0.9090909090909091,4.0,0.13636363636363635,0.6,0.045454545454545456,0.2,0.13636363636363635,4,27
0,0,사회과학계열,2,2,1,0,4,20,2,20,5978160.0,0,284674.28571428574,1992720.0,0.9523809523809524,2,6.666666666666667,0.0476190476190476,4,1992720.0,5978160.0,0.9523809523809523,1.0,0.09523809523809523,0.6666666666666666,0.0,0.0,0.09523809523809523,8,8
0,0,자연과학계열,3,3,4,1,3,13,2,11,15222780.0,1,1087341.4285714286,3805695.0,0.7857142857142857,3,2.75,0.2857142857142857,6,3805695.0,15222780.0,0.7857142857142857,0.6,0.21428571428571427,0.75,0.0,0.0,0.14285714285714285,9,12
1,0,자연과학계열,3,2,6,0,4,9,3,5,6127200.0,1,612720.0,1531800.0,0.5,2,1.6666666666666667,0.6,9,2042400.0,3063600.0,0.5,0.2857142857142857,0.3,1.0,0.1,0.3333333333333333,0.3,8,27
1,0,사회과학계열,2,2,1,0,2,4,2,4,6371460.0,1,1274292.0,2123820.0,0.8,2,1.3333333333333333,0.2,4,2123820.0,3185730.0,0.8,1.0,0.4,0.6666666666666666,0.2,0.3333333333333333,0.4,4,8
1,0,기타,3,1,1,0,3,5,6,5,3652860.0,0,608810.0,913215.0,0.8333333333333334,1,2.5,0.1666666666666666,18,1826430.0,1826430.0,0.8333333333333334,0.5,0.5,1.5,0.16666666666666666,0.5,1.0,3,108
2,0,공학계열,3,2,1,0,1,10,2,10,8725740.0,0,793249.0909090909,2181435.0,0.9090909090909092,2,3.333333333333333,0.0909090909090909,6,2908580.0,2908580.0,0.9090909090909091,1.0,0.2727272727272727,1.0,0.18181818181818182,0.6666666666666666,0.18181818181818182,2,12
1,1,상경계열,3,2,3,0,3,15,4,11,7834260.0,0,489641.25,1958565.0,0.6875,2,3.6666666666666665,0.1875,12,2611420.0,3917130.0,0.6875,0.5,0.1875,1.0,0.0625,0.3333333333333333,0.25,6,48
1,2,인문학,3,1,4,0,3,6,3,2,3018060.0,0,431151.4285714286,754515.0,0.2857142857142857,1,1.0,0.5714285714285714,9,1509030.0,1509030.0,0.2857142857142857,0.2,0.42857142857142855,1.5,0.14285714285714285,0.5,0.42857142857142855,3,27
1,0,자연과학계열,3,1,1,0,3,12,6,12,5172240.0,0,397864.6153846154,1293060.0,0.9230769230769232,1,6.0,0.0769230769230769,18,2586120.0,2586120.0,0.9230769230769231,0.5,0.23076923076923078,1.5,0.07692307692307693,0.5,0.46153846153846156,3,108
1,0,기타,3,1,6,0,3,7,2,2,5488260.0,0,686032.5,1372065.0,0.25,1,1.0,0.75,6,2744130.0,2744130.0,0.25,0.14285714285714285,0.375,1.5,0.125,0.5,0.25,3,12
1,0,자연과학계열,3,3,2,1,2,25,3,17,11913540.0,1,458213.07692307694,2978385.0,0.6538461538461539,3,4.25,0.0769230769230769,9,2978385.0,5956770.0,0.6538461538461539,1.0,0.11538461538461539,0.75,0.038461538461538464,0.25,0.11538461538461539,6,27
0,0,자연과학계열,2,1,1,0,3,1,2,1,2771040.0,0,1385520.0,923680.0,0.5,1,0.5,0.5,4,1385520.0,2771040.0,0.5,0.5,1.0,1.0,0.0,0.0,1.0,3,8
1,1,사회과학계열,3,2,0,0,1,16,3,15,6127200.0,0,360423.5294117647,1531800.0,0.8823529411764706,2,5.0,0.0,9,2042400.0,3063600.0,0.8823529411764706,2.0,0.17647058823529413,1.0,0.058823529411764705,0.3333333333333333,0.17647058823529413,2,27
1,1,사회과학계열,3,1,0,0,3,3,1,2,4232460.0,0,1058115.0,1058115.0,0.5,1,1.0,0.0,3,2116230.0,2116230.0,0.5,1.0,0.75,1.5,0.25,0.5,0.25,3,3
2,0,사회과학계열,2,2,2,0,4,10,1,8,7342980.0,1,667543.6363636364,2447660.0,0.7272727272727273,2,2.6666666666666665,0.1818181818181818,2,2447660.0,2447660.0,0.7272727272727273,0.6666666666666666,0.18181818181818182,0.6666666666666666,0.18181818181818182,0.6666666666666666,0.09090909090909091,8,2
1,0,사회과학계열,3,2,6,0,3,9,3,4,7465800.0,0,746580.0,1866450.0,0.4,2,1.3333333333333333,0.6,9,2488600.0,3732900.0,0.4,0.2857142857142857,0.3,1.0,0.1,0.3333333333333333,0.3,6,27
1,0,사회과학계열,3,1,3,1,1,12,3,5,3839160.0,0,295320.0,959790.0,0.3846153846153846,1,2.5,0.2307692307692307,9,1919580.0,1919580.0,0.38461538461538464,0.25,0.23076923076923078,1.5,0.07692307692307693,0.5,0.23076923076923078,1,27
0,0,자연과학계열,3,3,0,0,1,14,3,13,16500660.0,1,1100044.0,4125165.0,0.8666666666666667,3,3.25,0.0,9,4125165.0,16500660.0,0.8666666666666667,3.0,0.2,0.75,0.0,0.0,0.2,3,27
1,0,자연과학계열,3,1,7,0,3,5,3,2,3670800.0,0,611800.0,917700.0,0.3333333333333333,1,1.0,1.1666666666666667,9,1835400.0,1835400.0,0.3333333333333333,0.125,0.5,1.5,0.16666666666666666,0.5,0.5,3,27
1,0,사회과학계열,3,1,0,0,4,4,2,3,4657500.0,0,931500.0,1164375.0,0.6,1,1.5,0.0,6,2328750.0,2328750.0,0.6,1.0,0.6,1.5,0.2,0.5,0.4,4,12
1,0,자연과학계열,3,2,1,0,2,10,5,10,7035240.0,0,639567.2727272727,1758810.0,0.9090909090909092,2,3.333333333333333,0.0909090909090909,15,2345080.0,3517620.0,0.9090909090909091,1.0,0.2727272727272727,1.0,0.09090909090909091,0.3333333333333333,0.45454545454545453,4,75
1,0,자연과학계열,3,2,0,0,1,10,6,9,6731640.0,1,611967.2727272727,1682910.0,0.8181818181818182,2,3.0,0.0,18,2243880.0,3365820.0,0.8181818181818182,2.0,0.2727272727272727,1.0,0.09090909090909091,0.3333333333333333,0.5454545454545454,2,108
1,0,사회과학계열,2,1,1,0,3,6,3,6,3915060.0,0,559294.2857142857,1305020.0,0.8571428571428571,1,3.0,0.1428571428571428,6,1957530.0,1957530.0,0.8571428571428571,0.5,0.2857142857142857,1.0,0.14285714285714285,0.5,0.42857142857142855,3,18
1,0,사회과학계열,3,1,8,0,3,8,3,1,3320280.0,0,368920.0,830070.0,0.1111111111111111,1,0.5,0.8888888888888888,9,1660140.0,1660140.0,0.1111111111111111,0.1111111111111111,0.3333333333333333,1.5,0.1111111111111111,0.5,0.3333333333333333,3,27
1,1,자연과학계열,2,1,0,0,2,3,2,2,3131220.0,0,782805.0,1043740.0,0.5,1,1.0,0.0,4,1565610.0,1565610.0,0.5,1.0,0.5,1.0,0.25,0.5,0.5,2,8
1,0,사회과학계열,3,2,7,0,1,18,2,7,5669040.0,0,298370.5263157895,1417260.0,0.3684210526315789,2,2.333333333333333,0.3684210526315789,6,1889680.0,2834520.0,0.3684210526315789,0.25,0.15789473684210525,1.0,0.05263157894736842,0.3333333333333333,0.10526315789473684,2,12
1,0,자연과학계열,1,3,3,0,1,20,3,18,18224280.0,1,867822.8571428572,9112140.0,0.8571428571428571,3,4.5,0.1428571428571428,3,4556070.0,9112140.0,0.8571428571428571,0.75,0.047619047619047616,0.25,0.047619047619047616,0.25,0.14285714285714285,3,9
1,1,상경계열,3,3,1,0,3,14,3,14,14382360.0,0,958824.0,3595590.0,0.9333333333333332,3,3.5,0.0666666666666666,9,3595590.0,7191180.0,0.9333333333333333,1.5,0.2,0.75,0.06666666666666667,0.25,0.2,9,27
1,0,사회과학계열,4,3,1,1,1,16,2,16,18966720.0,1,1115689.4117647058,3793344.0,0.9411764705882352,3,4.0,0.0588235294117647,8,4741680.0,9483360.0,0.9411764705882353,1.5,0.23529411764705882,1.0,0.058823529411764705,0.25,0.11764705882352941,3,16
1,1,기타,3,2,0,1,2,6,3,5,6771660.0,0,967380.0,1692915.0,0.7142857142857143,2,1.6666666666666667,0.0,9,2257220.0,3385830.0,0.7142857142857143,2.0,0.42857142857142855,1.0,0.14285714285714285,0.3333333333333333,0.42857142857142855,4,27
0,1,사회과학계열,3,1,2,0,2,16,3,9,4805160.0,0,282656.4705882353,1201290.0,0.5294117647058824,1,4.5,0.1176470588235294,9,2402580.0,4805160.0,0.5294117647058824,0.3333333333333333,0.17647058823529413,1.5,0.0,0.0,0.17647058823529413,2,27
1,0,자연과학계열,3,1,6,0,3,6,2,4,3361680.0,0,480240.0,840420.0,0.5714285714285714,1,2.0,0.8571428571428571,6,1680840.0,1680840.0,0.5714285714285714,0.14285714285714285,0.42857142857142855,1.5,0.14285714285714285,0.5,0.2857142857142857,3,12
1,1,자연과학계열,3,1,1,0,4,2,6,2,3284400.0,0,1094800.0,821100.0,0.6666666666666666,1,1.0,0.3333333333333333,18,1642200.0,1642200.0,0.6666666666666666,0.5,1.0,1.5,0.3333333333333333,0.5,2.0,4,108
0,0,사회과학계열,3,5,2,0,3,21,3,6,26814780.0,1,1218853.6363636365,6703695.0,0.2727272727272727,5,1.0,0.0909090909090909,9,4469130.0,26814780.0,0.2727272727272727,1.6666666666666667,0.13636363636363635,0.5,0.0,0.0,0.13636363636363635,15,27
2,1,상경계열,3,1,1,0,1,1,3,1,2470200.0,0,1235100.0,617550.0,0.5,1,0.5,0.5,9,1235100.0,823400.0,0.5,0.5,1.5,1.5,1.0,1.0,1.5,1,27
1,1,자연과학계열,2,3,0,0,3,10,2,9,10548720.0,0,958974.5454545454,3516240.0,0.8181818181818182,3,2.25,0.0,4,2637180.0,5274360.0,0.8181818181818182,3.0,0.18181818181818182,0.5,0.09090909090909091,0.25,0.18181818181818182,9,8
2,0,사회과학계열,3,2,7,0,2,18,3,4,7080780.0,1,372672.63157894736,1770195.0,0.2105263157894736,2,1.3333333333333333,0.3684210526315789,9,2360260.0,2360260.0,0.21052631578947367,0.25,0.15789473684210525,1.0,0.10526315789473684,0.6666666666666666,0.15789473684210525,4,27
0,0,사회과학계열,3,2,1,1,1,13,2,13,8702280.0,1,621591.4285714285,2175570.0,0.9285714285714286,2,4.333333333333333,0.0714285714285714,6,2900760.0,8702280.0,0.9285714285714286,1.0,0.21428571428571427,1.0,0.0,0.0,0.14285714285714285,2,12
1,0,자연과학계열,3,1,9,0,2,4,3,2,6606060.0,0,1321212.0,1651515.0,0.4,1,1.0,1.8,9,3303030.0,3303030.0,0.4,0.1,0.6,1.5,0.2,0.5,0.6,2,27
1,0,사회과학계열,3,5,5,0,1,24,2,22,26054400.0,1,1042176.0,6513600.0,0.88,5,3.6666666666666665,0.2,6,4342400.0,13027200.0,0.88,0.8333333333333334,0.12,0.5,0.04,0.16666666666666666,0.08,5,12
1,0,공학계열,3,1,8,0,4,14,4,10,3227820.0,0,215188.0,806955.0,0.6666666666666666,1,5.0,0.5333333333333333,12,1613910.0,1613910.0,0.6666666666666666,0.1111111111111111,0.2,1.5,0.06666666666666667,0.5,0.26666666666666666,4,48
1,0,사회과학계열,2,4,0,1,3,21,3,20,18726600.0,1,851209.0909090909,6242200.0,0.9090909090909092,4,4.0,0.0,6,3745320.0,9363300.0,0.9090909090909091,4.0,0.09090909090909091,0.4,0.045454545454545456,0.2,0.13636363636363635,12,18
1,1,상경계열,2,2,1,1,4,8,2,8,9262560.0,0,1029173.3333333334,3087520.0,0.8888888888888888,2,2.6666666666666665,0.1111111111111111,4,3087520.0,4631280.0,0.8888888888888888,1.0,0.2222222222222222,0.6666666666666666,0.1111111111111111,0.3333333333333333,0.2222222222222222,8,8
0,1,상경계열,1,2,1,1,1,15,4,15,7460280.0,0,466267.5,3730140.0,0.9375,2,5.0,0.0625,4,2486760.0,7460280.0,0.9375,1.0,0.0625,0.3333333333333333,0.0,0.0,0.25,2,16
1,1,사회과학계열,2,2,2,0,3,14,5,5,12334440.0,0,822296.0,4111480.0,0.3333333333333333,2,1.6666666666666667,0.1333333333333333,10,4111480.0,6167220.0,0.3333333333333333,0.6666666666666666,0.13333333333333333,0.6666666666666666,0.06666666666666667,0.3333333333333333,0.3333333333333333,6,50
1,0,공학계열,3,1,1,0,4,4,4,4,3365820.0,0,673164.0,841455.0,0.8,1,2.0,0.2,12,1682910.0,1682910.0,0.8,0.5,0.6,1.5,0.2,0.5,0.8,4,48
1,2,사회과학계열,3,3,1,0,3,9,2,9,12195060.0,0,1219506.0,3048765.0,0.9,3,2.25,0.1,6,3048765.0,6097530.0,0.9,1.5,0.3,0.75,0.1,0.25,0.2,9,12
1,1,사회과학계열,3,2,1,0,3,10,1,10,7373340.0,0,670303.6363636364,1843335.0,0.9090909090909092,2,3.333333333333333,0.0909090909090909,3,2457780.0,3686670.0,0.9090909090909091,1.0,0.2727272727272727,1.0,0.09090909090909091,0.3333333333333333,0.09090909090909091,6,3
2,1,사회과학계열,3,2,7,0,4,12,3,6,9284640.0,0,714203.0769230769,2321160.0,0.4615384615384615,2,2.0,0.5384615384615384,9,3094880.0,3094880.0,0.46153846153846156,0.25,0.23076923076923078,1.0,0.15384615384615385,0.6666666666666666,0.23076923076923078,8,27
1,1,상경계열,2,2,4,0,1,8,2,6,9179760.0,0,1019973.3333333334,3059920.0,0.6666666666666666,2,2.0,0.4444444444444444,4,3059920.0,4589880.0,0.6666666666666666,0.4,0.2222222222222222,0.6666666666666666,0.1111111111111111,0.3333333333333333,0.2222222222222222,2,8
1,1,사회과학계열,3,2,8,0,3,8,3,5,6693000.0,0,743666.6666666666,1673250.0,0.5555555555555556,2,1.6666666666666667,0.8888888888888888,9,2231000.0,3346500.0,0.5555555555555556,0.2222222222222222,0.3333333333333333,1.0,0.1111111111111111,0.3333333333333333,0.3333333333333333,6,27
1,0,사회과학계열,2,1,2,0,4,8,2,2,3876420.0,0,430713.3333333333,1292140.0,0.2222222222222222,1,1.0,0.2222222222222222,4,1938210.0,1938210.0,0.2222222222222222,0.3333333333333333,0.2222222222222222,1.0,0.1111111111111111,0.5,0.2222222222222222,4,8
2,0,사회과학계열,3,2,1,0,4,10,2,10,7850820.0,1,713710.9090909091,1962705.0,0.9090909090909092,2,3.333333333333333,0.0909090909090909,6,2616940.0,2616940.0,0.9090909090909091,1.0,0.2727272727272727,1.0,0.18181818181818182,0.6666666666666666,0.18181818181818182,8,12
1,0,자연과학계열,3,1,2,0,2,20,2,5,2761380.0,0,131494.2857142857,690345.0,0.238095238095238,1,2.5,0.0952380952380952,6,1380690.0,1380690.0,0.23809523809523808,0.3333333333333333,0.14285714285714285,1.5,0.047619047619047616,0.5,0.09523809523809523,2,12
1,0,사회과학계열,1,1,1,0,4,4,5,4,4108260.0,0,821652.0,2054130.0,0.8,1,2.0,0.2,5,2054130.0,2054130.0,0.8,0.5,0.2,0.5,0.2,0.5,1.0,4,25
1,0,기타,2,2,4,0,1,10,2,4,5554500.0,0,504954.5454545455,1851500.0,0.3636363636363636,2,1.3333333333333333,0.3636363636363636,4,1851500.0,2777250.0,0.36363636363636365,0.4,0.18181818181818182,0.6666666666666666,0.09090909090909091,0.3333333333333333,0.18181818181818182,2,8
1,0,자연과학계열,2,1,1,0,2,5,3,5,5223300.0,0,870550.0,1741100.0,0.8333333333333334,1,2.5,0.1666666666666666,6,2611650.0,2611650.0,0.8333333333333334,0.5,0.3333333333333333,1.0,0.16666666666666666,0.5,0.5,2,18
1,1,상경계열,2,3,4,0,2,20,3,3,14978520.0,0,713262.8571428572,4992840.0,0.1428571428571428,3,0.75,0.1904761904761904,6,3744630.0,7489260.0,0.14285714285714285,0.6,0.09523809523809523,0.5,0.047619047619047616,0.25,0.14285714285714285,6,18
1,1,상경계열,2,4,0,0,1,21,2,20,16602780.0,0,754671.8181818182,5534260.0,0.9090909090909092,4,4.0,0.0,4,3320556.0,8301390.0,0.9090909090909091,4.0,0.09090909090909091,0.4,0.045454545454545456,0.2,0.09090909090909091,4,8
0,0,자연과학계열,3,2,0,0,2,10,2,9,13711680.0,1,1246516.3636363635,3427920.0,0.8181818181818182,2,3.0,0.0,6,4570560.0,13711680.0,0.8181818181818182,2.0,0.2727272727272727,1.0,0.0,0.0,0.18181818181818182,4,12
1,1,기타,2,1,0,0,4,5,2,4,4093080.0,0,682180.0,1364360.0,0.6666666666666666,1,2.0,0.0,4,2046540.0,2046540.0,0.6666666666666666,1.0,0.3333333333333333,1.0,0.16666666666666666,0.5,0.3333333333333333,4,8
2,0,자연과학계열,4,2,4,0,3,17,3,5,3547980.0,0,197110.0,709596.0,0.2777777777777778,2,1.6666666666666667,0.2222222222222222,12,1182660.0,1182660.0,0.2777777777777778,0.4,0.2222222222222222,1.3333333333333333,0.1111111111111111,0.6666666666666666,0.16666666666666666,6,36
1,0,자연과학계열,2,3,4,0,1,9,5,7,13787580.0,1,1378758.0,4595860.0,0.7,3,1.75,0.4,10,3446895.0,6893790.0,0.7,0.6,0.2,0.5,0.1,0.25,0.5,3,50
1,0,사회과학계열,4,2,1,1,2,6,0,6,8475960.0,1,1210851.4285714286,1695192.0,0.8571428571428571,2,2.0,0.1428571428571428,0,2825320.0,4237980.0,0.8571428571428571,1.0,0.5714285714285714,1.3333333333333333,0.14285714285714285,0.3333333333333333,0.0,4,0
2,1,자연과학계열,2,2,2,0,4,17,3,9,7438200.0,0,413233.3333333333,2479400.0,0.5,2,3.0,0.1111111111111111,6,2479400.0,2479400.0,0.5,0.6666666666666666,0.1111111111111111,0.6666666666666666,0.1111111111111111,0.6666666666666666,0.16666666666666666,8,18
1,0,자연과학계열,4,2,2,0,1,6,3,4,6077520.0,0,868217.1428571428,1215504.0,0.5714285714285714,2,1.3333333333333333,0.2857142857142857,12,2025840.0,3038760.0,0.5714285714285714,0.6666666666666666,0.5714285714285714,1.3333333333333333,0.14285714285714285,0.3333333333333333,0.42857142857142855,2,36
